ALTA;A10J  BIGUANIDAS ANTIDIABETICA;ARLEX;MIFELAR C;2006-02-01;MIFELAR C TABL 500 MG /5MG 60;GLIBENCLAMIDA + METFORMINA;2016-12-01;2017-04-01;BAJA, por demanda
BAJA;A10J  BIGUANIDAS ANTIDIABETICA;ARLEX;MIFELAR C;2006-02-01;MIFELAR C TABL 500 MG /5MG 60;GLIBENCLAMIDA + METFORMINA;2017-12-01;2018-04-01;BAJA, por demanda
BAJA;A10J  BIGUANIDAS ANTIDIABETICA;ARLEX;MIFELAR C;2006-02-01;MIFELAR C TABL 500 MG /5MG 60;GLIBENCLAMIDA + METFORMINA;2018-08-01;2018-12-01;lanzamiento
ALTA;A10J  BIGUANIDAS ANTIDIABETICA;ULTRA LABORATORIOS;INSUSYM FORTE;2007-05-01;INSUSYM FORTE TABL 500 MG /2.5 60;GLIBENCLAMIDA + METFORMINA;2015-08-01;2015-12-01;ALTA, por demanda
BAJA;A10J  BIGUANIDAS ANTIDIABETICA;ULTRA LABORATORIOS;INSUSYM FORTE;2007-05-01;INSUSYM FORTE TABL 500 MG /2.5 60;GLIBENCLAMIDA + METFORMINA;2015-12-01;2016-04-01;lanzamiento
BAJA;A10J  BIGUANIDAS ANTIDIABETICA;ULTRA LABORATORIOS;INSUSYM FORTE;2007-05-01;INSUSYM FORTE TABL 500 MG /2.5 60;GLIBENCLAMIDA + METFORMINA;2016-12-01;2017-04-01;BAJA, por demanda
BAJA;A10J  BIGUANIDAS ANTIDIABETICA;ULTRA LABORATORIOS;INSUSYM FORTE;2007-05-01;INSUSYM FORTE TABL 500 MG /2.5 60;GLIBENCLAMIDA + METFORMINA;2017-04-01;2017-08-01;lanzamiento
BAJA;A10J  BIGUANIDAS ANTIDIABETICA;ULTRA LABORATORIOS;INSUSYM FORTE;2007-05-01;INSUSYM FORTE TABL 500 MG /2.5 60;GLIBENCLAMIDA + METFORMINA;2017-08-01;2017-12-01;lanzamiento
BAJA;A10J  BIGUANIDAS ANTIDIABETICA;ULTRA LABORATORIOS;INSUSYM FORTE;2007-05-01;INSUSYM FORTE TABL 500 MG /2.5 60;GLIBENCLAMIDA + METFORMINA;2018-04-01;2018-08-01;BAJA, por demanda
ALTA;A10J  BIGUANIDAS ANTIDIABETICA;SANOFI CORP;METFORMINA G.I KEN;2010-10-01;METFORMINA G.I KE TABL 850 MG 30;METFORMINA;2015-08-01;2015-12-01;ALTA, por demanda
ALTA;A10J  BIGUANIDAS ANTIDIABETICA;SANOFI CORP;METFORMINA G.I KEN;2010-10-01;METFORMINA G.I KE TABL 850 MG 30;METFORMINA;2016-12-01;2017-04-01;BAJA, por demanda
BAJA;A10J  BIGUANIDAS ANTIDIABETICA;SANOFI CORP;METFORMINA G.I KEN;2010-10-01;METFORMINA G.I KE TABL 850 MG 30;METFORMINA;2017-12-01;2018-04-01;BAJA, por demanda
ALTA;A10J  BIGUANIDAS ANTIDIABETICA;SILANES CORP.;GLIMETAL;2017-09-01;GLIMETAL TABL 1000 MG /4MG 30;GLIMEPIRIDA + METFORMINA;2017-08-01;2017-12-01;ALTA, por demanda
ALTA;A10J  BIGUANIDAS ANTIDIABETICA;BRULUART;DINORAX;2005-11-01;DINORAX TABL RECUB 850 MG 30;METFORMINA;2014-04-01;2014-08-01;BAJA, por demanda
ALTA;A10J  BIGUANIDAS ANTIDIABETICA;BRULUART;DINORAX;2005-11-01;DINORAX TABL RECUB 850 MG 30;METFORMINA;2015-08-01;2015-12-01;ALTA, por demanda
ALTA;A10J  BIGUANIDAS ANTIDIABETICA;BRULUART;DINORAX;2005-11-01;DINORAX TABL RECUB 850 MG 30;METFORMINA;2015-12-01;2016-04-01;BAJA, por demanda
ALTA;A10J  BIGUANIDAS ANTIDIABETICA;BRULUART;DINORAX;2005-11-01;DINORAX TABL RECUB 850 MG 30;METFORMINA;2016-08-01;2016-12-01;ALTA, por demanda
ALTA;A10J  BIGUANIDAS ANTIDIABETICA;SIEGFRIED-MED;DIMEFOR G;2006-07-01;DIMEFOR G TABL DUAL 500 MG /5MG 60;GLIBENCLAMIDA + METFORMINA;2015-04-01;2015-08-01;ALTA, por demanda
BAJA;A10J  BIGUANIDAS ANTIDIABETICA;SIEGFRIED-MED;DIMEFOR G;2006-07-01;DIMEFOR G TABL DUAL 500 MG /5MG 60;GLIBENCLAMIDA + METFORMINA;2017-04-01;2017-08-01;lanzamiento
BAJA;A10J  BIGUANIDAS ANTIDIABETICA;DEGORTS;METFORMINA G.I DEG;2015-02-01;METFORMINA G.I DEG TABL 500 MG 30;METFORMINA;2016-04-01;2016-08-01;lanzamiento
ALTA;A10J  BIGUANIDAS ANTIDIABETICA;DEGORTS;METFORMINA G.I DEG;2015-02-01;METFORMINA G.I DEG TABL 500 MG 30;METFORMINA;2016-08-01;2016-12-01;ALTA, por demanda
BAJA;A10J  BIGUANIDAS ANTIDIABETICA;ITALMEX;INSOGEN PLUS NF;1997-02-01;INSOGEN PLUS NF TABL 80;CLORPROPAMIDA + METFORMINA;2014-04-01;2014-08-01;lanzamiento
ALTA;A10J  BIGUANIDAS ANTIDIABETICA;ITALMEX;INSOGEN PLUS NF;1997-02-01;INSOGEN PLUS NF TABL 80;CLORPROPAMIDA + METFORMINA;2017-08-01;2017-12-01;ALTA, por demanda
ALTA;A10J  BIGUANIDAS ANTIDIABETICA;DEGORTS;METFOR/GLIBE G.I D;2009-12-01;METFOR/GLIBE G.I D TABL 500 MG /2.5 60;GLIBENCLAMIDA + METFORMINA;2015-08-01;2015-12-01;ALTA, por demanda
ALTA;A10J  BIGUANIDAS ANTIDIABETICA;DEGORTS;METFOR/GLIBE G.I D;2009-12-01;METFOR/GLIBE G.I D TABL 500 MG /2.5 60;GLIBENCLAMIDA + METFORMINA;2017-08-01;2017-12-01;ALTA, por demanda
ALTA;A10J  BIGUANIDAS ANTIDIABETICA;DEGORTS;METFOR/GLIBE G.I D;2009-12-01;METFOR/GLIBE G.I D TABL 500 MG /2.5 60;GLIBENCLAMIDA + METFORMINA;2017-12-01;2018-04-01;BAJA, por demanda
BAJA;A10J  BIGUANIDAS ANTIDIABETICA;LAB. RAAM DE SAHUAYO S.A.;METFORMINA G.I RA;2014-02-01;METFORMINA G.I RA TABL 500 MG 30;METFORMINA;2014-04-01;2014-08-01;lanzamiento
ALTA;A10J  BIGUANIDAS ANTIDIABETICA;COLLINS;DUO-ANGLUCID;2003-01-01;DUO-ANGLUCID TABL 5 MG /500 30;GLIBENCLAMIDA + METFORMINA;2014-08-01;2014-12-01;ALTA, por demanda
ALTA;A10J  BIGUANIDAS ANTIDIABETICA;COLLINS;DUO-ANGLUCID;2003-01-01;DUO-ANGLUCID TABL 5 MG /500 30;GLIBENCLAMIDA + METFORMINA;2016-08-01;2016-12-01;ALTA, por demanda
BAJA;A10J  BIGUANIDAS ANTIDIABETICA;COLLINS;DUO-ANGLUCID;2003-01-01;DUO-ANGLUCID TABL 5 MG /500 30;GLIBENCLAMIDA + METFORMINA;2017-12-01;2018-04-01;BAJA, por demanda
ALTA;A10J  BIGUANIDAS ANTIDIABETICA;COLLINS;DUO-ANGLUCID;2003-01-01;DUO-ANGLUCID TABL 5 MG /500 30;GLIBENCLAMIDA + METFORMINA;2018-08-01;2018-12-01;ALTA, por demanda
ALTA;A10J  BIGUANIDAS ANTIDIABETICA;SILANES CORP.;GLIMETAL;2002-04-01;GLIMETAL TABL 1000 MG /2MG 16;GLIMEPIRIDA + METFORMINA;2014-04-01;2014-08-01;BAJA, por demanda
BAJA;A10J  BIGUANIDAS ANTIDIABETICA;SILANES CORP.;GLIMETAL;2002-04-01;GLIMETAL TABL 1000 MG /2MG 16;GLIMEPIRIDA + METFORMINA;2018-04-01;2018-08-01;BAJA, por demanda
ALTA;A10J  BIGUANIDAS ANTIDIABETICA;ALPHARMA;METFORMINA G.I ALP;2005-09-01;METFORMINA G.I ALP TABL 850 MG 30;METFORMINA;2015-04-01;2015-08-01;ALTA, por demanda
ALTA;A10J  BIGUANIDAS ANTIDIABETICA;ALPHARMA;METFORMINA G.I ALP;2005-09-01;METFORMINA G.I ALP TABL 850 MG 30;METFORMINA;2016-08-01;2016-12-01;ALTA, por demanda
ALTA;A10J  BIGUANIDAS ANTIDIABETICA;ALPHARMA;METFORMINA G.I ALP;2005-09-01;METFORMINA G.I ALP TABL 850 MG 30;METFORMINA;2017-08-01;2017-12-01;ALTA, por demanda
ALTA;A10J  BIGUANIDAS ANTIDIABETICA;SIEGFRIED-MED;DIMEFOR XR;2018-09-01;DIMEFOR XR TABL 500 MG 60;METFORMINA;2018-08-01;2018-12-01;ALTA, por demanda
BAJA;A10J  BIGUANIDAS ANTIDIABETICA;ARLEX;MIFELAR;2006-02-01;MIFELAR TABL 850 MG 30;METFORMINA;2014-12-01;2015-04-01;lanzamiento
ALTA;A10J  BIGUANIDAS ANTIDIABETICA;I.Q.F.A.;METFORMINA G.I IQF;2010-05-01;METFORMINA G.I IQF TABL 850 MG 30;METFORMINA;2014-04-01;2014-08-01;BAJA, por demanda
BAJA;A10J  BIGUANIDAS ANTIDIABETICA;MAVI;MAVIGLIN;2002-09-01;MAVIGLIN GRAG 500 MG /5MG 60;GLIBENCLAMIDA + METFORMINA;2014-04-01;2014-08-01;lanzamiento
ALTA;A10J  BIGUANIDAS ANTIDIABETICA;MAVI;MAVIGLIN;2002-09-01;MAVIGLIN GRAG 500 MG /5MG 60;GLIBENCLAMIDA + METFORMINA;2015-08-01;2015-12-01;ALTA, por demanda
ALTA;A10J  BIGUANIDAS ANTIDIABETICA;MAVI;MAVIGLIN;2002-09-01;MAVIGLIN GRAG 500 MG /5MG 60;GLIBENCLAMIDA + METFORMINA;2018-04-01;2018-08-01;BAJA, por demanda
ALTA;A10J  BIGUANIDAS ANTIDIABETICA;MAVI;MAVIGLIN;2002-09-01;MAVIGLIN GRAG 500 MG /5MG 60;GLIBENCLAMIDA + METFORMINA;2018-12-01;2019-04-01;ALTA, por demanda
ALTA;A10J  BIGUANIDAS ANTIDIABETICA;PSICOFARMA;MIDAPHARMA;2005-03-01;MIDAPHARMA CAPS 500 MG /2.5 60;GLIBENCLAMIDA + METFORMINA;2016-04-01;2016-08-01;BAJA, por demanda
ALTA;A10J  BIGUANIDAS ANTIDIABETICA;SIEGFRIED-MED;DIMEFOR G;2006-07-01;DIMEFOR G TABL DUAL 500 MG /2.5 60;GLIBENCLAMIDA + METFORMINA;2015-08-01;2015-12-01;ALTA, por demanda
ALTA;A10J  BIGUANIDAS ANTIDIABETICA;SIEGFRIED-MED;DIMEFOR G;2006-07-01;DIMEFOR G TABL DUAL 500 MG /2.5 60;GLIBENCLAMIDA + METFORMINA;2018-04-01;2018-08-01;BAJA, por demanda
BAJA;A10J  BIGUANIDAS ANTIDIABETICA;BRULUART;METFORM/GLIB G.I B;2008-10-01;METFORM/GLIB G.I B TABL 500 MG /2.5 30;GLIBENCLAMIDA + METFORMINA;2014-04-01;2014-08-01;lanzamiento
BAJA;A10J  BIGUANIDAS ANTIDIABETICA;JOHNSON+JOHNSON CO;MELLITRON;1977-03-01;MELLITRON TABL 80;CLORPROPAMIDA + METFORMINA;2014-12-01;2015-04-01;lanzamiento
ALTA;A10J  BIGUANIDAS ANTIDIABETICA;JOHNSON+JOHNSON CO;MELLITRON;1977-03-01;MELLITRON TABL 80;CLORPROPAMIDA + METFORMINA;2015-04-01;2015-08-01;ALTA, por demanda
ALTA;A10J  BIGUANIDAS ANTIDIABETICA;PROTEIN-APOTEX;APOMETGLU;2004-09-01;APOMETGLU TABL 2.50 MG /500 30;GLIBENCLAMIDA + METFORMINA;2014-08-01;2014-12-01;ALTA, por demanda
BAJA;A10J  BIGUANIDAS ANTIDIABETICA;PROTEIN-APOTEX;APOMETGLU;2004-09-01;APOMETGLU TABL 2.50 MG /500 30;GLIBENCLAMIDA + METFORMINA;2017-04-01;2017-08-01;lanzamiento
BAJA;A10J  BIGUANIDAS ANTIDIABETICA;ASPEN LABS;ESPANORM;2010-04-01;ESPANORM TABL 2.5 MG /500 30;GLIBENCLAMIDA + METFORMINA;2016-08-01;2016-12-01;lanzamiento
BAJA;A10J  BIGUANIDAS ANTIDIABETICA;SANFER CORP.;AKSPRI;2010-03-01;AKSPRI TABL 1000 MG 30;METFORMINA;2016-12-01;2017-04-01;BAJA, por demanda
BAJA;A10J  BIGUANIDAS ANTIDIABETICA;SANFER CORP.;AKSPRI;2010-03-01;AKSPRI TABL 1000 MG 30;METFORMINA;2017-04-01;2017-08-01;lanzamiento
ALTA;A10J  BIGUANIDAS ANTIDIABETICA;SANFER CORP.;AKSPRI;2010-03-01;AKSPRI TABL 1000 MG 30;METFORMINA;2018-08-01;2018-12-01;ALTA, por demanda
BAJA;A10J  BIGUANIDAS ANTIDIABETICA;SANFER CORP.;AKSPRI;2010-03-01;AKSPRI TABL 1000 MG 30;METFORMINA;2018-12-01;2019-04-01;ALTA, por demanda
ALTA;A10J  BIGUANIDAS ANTIDIABETICA;SILANES CORP.;GLIMETAL;2002-04-01;GLIMETAL TABL 1000 MG /4MG 16;GLIMEPIRIDA + METFORMINA;2015-04-01;2015-08-01;ALTA, por demanda
BAJA;A10J  BIGUANIDAS ANTIDIABETICA;SILANES CORP.;GLIMETAL;2002-04-01;GLIMETAL TABL 1000 MG /4MG 16;GLIMEPIRIDA + METFORMINA;2017-12-01;2018-04-01;BAJA, por demanda
ALTA;A10J  BIGUANIDAS ANTIDIABETICA;BRULUART;METFORM/GLIB G.I B;2008-10-01;METFORM/GLIB G.I B TABL 500 MG /5MG 30;GLIBENCLAMIDA + METFORMINA;2018-08-01;2018-12-01;ALTA, por demanda
ALTA;A10J  BIGUANIDAS ANTIDIABETICA;BRULUART;METFORM/GLIB G.I B;2008-10-01;METFORM/GLIB G.I B TABL 500 MG /5MG 30;GLIBENCLAMIDA + METFORMINA;2018-12-01;2019-04-01;ALTA, por demanda
ALTA;A10J  BIGUANIDAS ANTIDIABETICA;SILANES CORP.;PRE-DIAL PLUS;2007-02-01;PRE-DIAL PLUS TABL LIB PRO 500 MG 30;METFORMINA;2015-12-01;2016-04-01;BAJA, por demanda
BAJA;A10J  BIGUANIDAS ANTIDIABETICA;SIEGFRIED-MED;DIMEFOR G;2012-06-01;DIMEFOR G TABL 500 MG /2.5 30;GLIBENCLAMIDA + METFORMINA;2015-04-01;2015-08-01;lanzamiento
ALTA;A10J  BIGUANIDAS ANTIDIABETICA;SIEGFRIED-MED;DIMEFOR G;2012-06-01;DIMEFOR G TABL 500 MG /2.5 30;GLIBENCLAMIDA + METFORMINA;2018-12-01;2019-04-01;ALTA, por demanda
ALTA;A10J  BIGUANIDAS ANTIDIABETICA;PROTEIN-APOTEX;METFORMINA G.I PRO;2005-08-01;METFORMINA G.I PRO TABL 850 MG 30;METFORMINA;2014-04-01;2014-08-01;BAJA, por demanda
ALTA;A10J  BIGUANIDAS ANTIDIABETICA;PROTEIN-APOTEX;METFORMINA G.I PRO;2005-08-01;METFORMINA G.I PRO TABL 850 MG 30;METFORMINA;2016-08-01;2016-12-01;ALTA, por demanda
BAJA;A10J  BIGUANIDAS ANTIDIABETICA;PROTEIN-APOTEX;METFORMINA G.I PRO;2005-08-01;METFORMINA G.I PRO TABL 850 MG 30;METFORMINA;2018-04-01;2018-08-01;BAJA, por demanda
BAJA;A10J  BIGUANIDAS ANTIDIABETICA;ROCHE CORP.;BI-EUGLUCON M;1997-10-01;BI-EUGLUCON M TABL M-5 500 MG /5MG 60;GLIBENCLAMIDA + METFORMINA;2014-04-01;2014-08-01;lanzamiento
BAJA;A10J  BIGUANIDAS ANTIDIABETICA;GENETICA LABORATORIOS SA DE CV;ROBERGEN;2007-09-01;ROBERGEN TABL 500 MG 100;METFORMINA;2016-04-01;2016-08-01;lanzamiento
BAJA;A10J  BIGUANIDAS ANTIDIABETICA;GENETICA LABORATORIOS SA DE CV;ROBERGEN;2007-09-01;ROBERGEN TABL 500 MG 100;METFORMINA;2018-04-01;2018-08-01;BAJA, por demanda
ALTA;A10J  BIGUANIDAS ANTIDIABETICA;PISA;METFORMINA G.I PIS;2008-02-01;METFORMINA G.I PIS TABL 850 MG 30;METFORMINA;2014-08-01;2014-12-01;ALTA, por demanda
ALTA;A10J  BIGUANIDAS ANTIDIABETICA;PISA;METFORMINA G.I PIS;2008-02-01;METFORMINA G.I PIS TABL 850 MG 30;METFORMINA;2015-08-01;2015-12-01;ALTA, por demanda
BAJA;A10J  BIGUANIDAS ANTIDIABETICA;PISA;METFORMINA G.I PIS;2008-02-01;METFORMINA G.I PIS TABL 850 MG 30;METFORMINA;2017-12-01;2018-04-01;BAJA, por demanda
ALTA;A10J  BIGUANIDAS ANTIDIABETICA;ALPHARMA;METFORMINA G.I ALP;2016-09-01;METFORMINA G.I ALP TABL L.P. 500 MG 30;METFORMINA;2017-04-01;2017-08-01;ALTA, por demanda
ALTA;A10J  BIGUANIDAS ANTIDIABETICA;ROCHE CORP.;BI-EUGLUCON M;1996-06-01;BI-EUGLUCON M TABL RECUB 500 MG /2.5 30;GLIBENCLAMIDA + METFORMINA;2014-04-01;2014-08-01;BAJA, por demanda
BAJA;A10J  BIGUANIDAS ANTIDIABETICA;ROCHE CORP.;BI-EUGLUCON M;1996-06-01;BI-EUGLUCON M TABL RECUB 500 MG /2.5 30;GLIBENCLAMIDA + METFORMINA;2014-08-01;2014-12-01;ALTA, por demanda
ALTA;A10J  BIGUANIDAS ANTIDIABETICA;LAB. RAAM DE SAHUAYO S.A.;DIBENMIN;2008-09-01;DIBENMIN TABL 500 MG /5 30;GLIBENCLAMIDA + METFORMINA;2015-04-01;2015-08-01;ALTA, por demanda
ALTA;A10J  BIGUANIDAS ANTIDIABETICA;MERCK;DABEX XR;2009-02-01;DABEX XR TABL 750 MG 30;METFORMINA;2014-08-01;2014-12-01;ALTA, por demanda
BAJA;A10J  BIGUANIDAS ANTIDIABETICA;SILANES CORP.;SIL-NORBORAL;2001-08-01;SIL-NORBORAL TABL 5 MG /500 40;GLIBENCLAMIDA + METFORMINA;2016-12-01;2017-04-01;BAJA, por demanda
BAJA;A10J  BIGUANIDAS ANTIDIABETICA;SILANES CORP.;SIL-NORBORAL;2001-08-01;SIL-NORBORAL TABL 5 MG /500 40;GLIBENCLAMIDA + METFORMINA;2018-04-01;2018-08-01;BAJA, por demanda
BAJA;A10J  BIGUANIDAS ANTIDIABETICA;QUIMICA SON S;GLUXSON;2014-04-01;GLUXSON TABL 500 MG /5MG 60;GLIBENCLAMIDA + METFORMINA;2014-04-01;2014-08-01;lanzamiento
BAJA;A10J  BIGUANIDAS ANTIDIABETICA;QUIMICA SON S;GLUXSON;2014-04-01;GLUXSON TABL 500 MG /5MG 60;GLIBENCLAMIDA + METFORMINA;2014-12-01;2015-04-01;lanzamiento
ALTA;A10J  BIGUANIDAS ANTIDIABETICA;QUIMICA SON S;GLUXSON;2014-04-01;GLUXSON TABL 500 MG /5MG 60;GLIBENCLAMIDA + METFORMINA;2015-12-01;2016-04-01;BAJA, por demanda
ALTA;A10J  BIGUANIDAS ANTIDIABETICA;BIOMEP S.A. DE C.V.;METFORM/GLIB GI BO;2009-02-01;METFORM/GLIB GI BO TABL 500 MG /5MG 30;GLIBENCLAMIDA + METFORMINA;2015-04-01;2015-08-01;ALTA, por demanda
BAJA;A10J  BIGUANIDAS ANTIDIABETICA;BIOMEP S.A. DE C.V.;METFORM/GLIB GI BO;2009-02-01;METFORM/GLIB GI BO TABL 500 MG /5MG 30;GLIBENCLAMIDA + METFORMINA;2015-12-01;2016-04-01;lanzamiento
BAJA;A10J  BIGUANIDAS ANTIDIABETICA;BIOMEP S.A. DE C.V.;METFORM/GLIB GI BO;2009-02-01;METFORM/GLIB GI BO TABL 500 MG /5MG 30;GLIBENCLAMIDA + METFORMINA;2016-12-01;2017-04-01;BAJA, por demanda
BAJA;A10J  BIGUANIDAS ANTIDIABETICA;ARMSTRONG;DEBEONE D.T.;2001-10-01;DEBEONE D.T. TABL N.F. 850 MG 30;METFORMINA;2015-04-01;2015-08-01;lanzamiento
BAJA;A10J  BIGUANIDAS ANTIDIABETICA;ARMSTRONG;DEBEONE D.T.;2001-10-01;DEBEONE D.T. TABL N.F. 850 MG 30;METFORMINA;2017-04-01;2017-08-01;lanzamiento
BAJA;A10J  BIGUANIDAS ANTIDIABETICA;ROCHE CORP.;BI-EUGLUCON M;1996-06-01;BI-EUGLUCON M TABL RECUB 500 MG /2.5 15;GLIBENCLAMIDA + METFORMINA;2014-12-01;2015-04-01;lanzamiento
ALTA;A10J  BIGUANIDAS ANTIDIABETICA;ROCHE CORP.;BI-EUGLUCON M;1996-06-01;BI-EUGLUCON M TABL RECUB 500 MG /2.5 15;GLIBENCLAMIDA + METFORMINA;2016-12-01;2017-04-01;BAJA, por demanda
BAJA;A10J  BIGUANIDAS ANTIDIABETICA;ALPHARMA;PHARMAFET LB;2016-09-01;PHARMAFET LB TABL 500 MG 60;METFORMINA;2018-12-01;2019-04-01;ALTA, por demanda
ALTA;A10J  BIGUANIDAS ANTIDIABETICA;COLLINS;METFORM/GLIB G.I C;2016-05-01;METFORM/GLIB G.I C TABL 500 MG /5MG 60;GLIBENCLAMIDA + METFORMINA;2017-08-01;2017-12-01;ALTA, por demanda
BAJA;A10J  BIGUANIDAS ANTIDIABETICA;COLLINS;METFORM/GLIB G.I C;2016-05-01;METFORM/GLIB G.I C TABL 500 MG /5MG 60;GLIBENCLAMIDA + METFORMINA;2018-12-01;2019-04-01;ALTA, por demanda
BAJA;A10J  BIGUANIDAS ANTIDIABETICA;PISA;METFOR/GLIB G.I PI;2011-05-01;METFOR/GLIB G.I PI TABL 500 MG /2.5 30;GLIBENCLAMIDA + METFORMINA;2014-04-01;2014-08-01;lanzamiento
ALTA;A10J  BIGUANIDAS ANTIDIABETICA;PISA;METFOR/GLIB G.I PI;2011-05-01;METFOR/GLIB G.I PI TABL 500 MG /2.5 30;GLIBENCLAMIDA + METFORMINA;2015-08-01;2015-12-01;ALTA, por demanda
BAJA;A10J  BIGUANIDAS ANTIDIABETICA;DEGORTS;METFOR/GLIBE G.I D;2012-02-01;METFOR/GLIBE G.I D TABL 500 MG /2.5 100;GLIBENCLAMIDA + METFORMINA;2014-04-01;2014-08-01;lanzamiento
ALTA;A10J  BIGUANIDAS ANTIDIABETICA;DEGORTS;METFOR/GLIBE G.I D;2012-02-01;METFOR/GLIBE G.I D TABL 500 MG /2.5 100;GLIBENCLAMIDA + METFORMINA;2014-12-01;2015-04-01;BAJA, por demanda
ALTA;A10J  BIGUANIDAS ANTIDIABETICA;DEGORTS;METFOR/GLIBE G.I D;2012-02-01;METFOR/GLIBE G.I D TABL 500 MG /2.5 100;GLIBENCLAMIDA + METFORMINA;2015-08-01;2015-12-01;ALTA, por demanda
ALTA;A10J  BIGUANIDAS ANTIDIABETICA;SIEGFRIED-MED;DIMEFOR;2017-05-01;DIMEFOR TABL 1000 MG 30;METFORMINA;2017-04-01;2017-08-01;ALTA, por demanda
ALTA;A10J  BIGUANIDAS ANTIDIABETICA;SIEGFRIED-MED;DIMEFOR;2017-05-01;DIMEFOR TABL 1000 MG 30;METFORMINA;2017-08-01;2017-12-01;ALTA, por demanda
ALTA;A10J  BIGUANIDAS ANTIDIABETICA;LANDSTEINER;METFORMINA G.I LAN;2010-02-01;METFORMINA G.I LAN TABL 850 MG 30;METFORMINA;2017-12-01;2018-04-01;BAJA, por demanda
ALTA;A10J  BIGUANIDAS ANTIDIABETICA;LAB. RAAM DE SAHUAYO S.A.;MINRAAM;2008-09-01;MINRAAM TABL 850 MG 30;METFORMINA;2014-04-01;2014-08-01;BAJA, por demanda
ALTA;A10J  BIGUANIDAS ANTIDIABETICA;PISA;METFOR/GLIB G.I PI;2013-10-01;METFOR/GLIB G.I PI TABL 500 MG /5MG 60;GLIBENCLAMIDA + METFORMINA;2014-12-01;2015-04-01;BAJA, por demanda
ALTA;A10J  BIGUANIDAS ANTIDIABETICA;MEDIX CORP.;IFOR;2007-11-01;IFOR TABL 850 MG 30;METFORMINA;2017-04-01;2017-08-01;ALTA, por demanda
ALTA;A10J  BIGUANIDAS ANTIDIABETICA;SIEGFRIED-MED;DIMEFOR G;2009-02-01;DIMEFOR G TABL 500 MG /5MG 60;GLIBENCLAMIDA + METFORMINA;2015-12-01;2016-04-01;BAJA, por demanda
BAJA;A10J  BIGUANIDAS ANTIDIABETICA;SIEGFRIED-MED;DIMEFOR G;2009-02-01;DIMEFOR G TABL 500 MG /5MG 60;GLIBENCLAMIDA + METFORMINA;2016-08-01;2016-12-01;lanzamiento
ALTA;A10J  BIGUANIDAS ANTIDIABETICA;MAVER;GLUCOTEC;2005-11-01;GLUCOTEC TABL 500 MG /5MG 60;GLIBENCLAMIDA + METFORMINA;2016-08-01;2016-12-01;ALTA, por demanda
ALTA;A10J  BIGUANIDAS ANTIDIABETICA;SILANES CORP.;GLIMETAL LEX;2007-02-01;GLIMETAL LEX TABL LIB PRO 2 MG /850 16;GLIMEPIRIDA + METFORMINA;2014-08-01;2014-12-01;ALTA, por demanda
BAJA;A10J  BIGUANIDAS ANTIDIABETICA;SILANES CORP.;GLIMETAL LEX;2007-02-01;GLIMETAL LEX TABL LIB PRO 2 MG /850 16;GLIMEPIRIDA + METFORMINA;2017-12-01;2018-04-01;BAJA, por demanda
BAJA;A10J  BIGUANIDAS ANTIDIABETICA;SILANES CORP.;GLIMETAL LEX;2007-02-01;GLIMETAL LEX TABL LIB PRO 2 MG /850 16;GLIMEPIRIDA + METFORMINA;2018-04-01;2018-08-01;BAJA, por demanda
ALTA;A10J  BIGUANIDAS ANTIDIABETICA;SIEGFRIED-MED;DIMEFOR;1995-09-01;DIMEFOR TABL 850 MG 60;METFORMINA;2014-08-01;2014-12-01;ALTA, por demanda
ALTA;A10J  BIGUANIDAS ANTIDIABETICA;PISA;NORFABEN M;2003-10-01;NORFABEN M TABL 500 MG /5.0 30;GLIBENCLAMIDA + METFORMINA;2014-08-01;2014-12-01;ALTA, por demanda
BAJA;A10J  BIGUANIDAS ANTIDIABETICA;PROTEIN-APOTEX;APOMETGLU;2004-09-01;APOMETGLU TABL 2.50 MG /500 60;GLIBENCLAMIDA + METFORMINA;2017-04-01;2017-08-01;lanzamiento
ALTA;A10J  BIGUANIDAS ANTIDIABETICA;PROTEIN-APOTEX;APOMETGLU;2004-09-01;APOMETGLU TABL 2.50 MG /500 60;GLIBENCLAMIDA + METFORMINA;2017-08-01;2017-12-01;ALTA, por demanda
BAJA;A10J  BIGUANIDAS ANTIDIABETICA;PROTEIN-APOTEX;APOMETGLU;2004-09-01;APOMETGLU TABL 2.50 MG /500 60;GLIBENCLAMIDA + METFORMINA;2018-08-01;2018-12-01;lanzamiento
BAJA;A10J  BIGUANIDAS ANTIDIABETICA;SILANES CORP.;SIL-NORBORAL;1996-03-01;SIL-NORBORAL TABL 40;GLIBENCLAMIDA + METFORMINA;2015-04-01;2015-08-01;lanzamiento
ALTA;A10J  BIGUANIDAS ANTIDIABETICA;NOVAG INFANCIA, S.A. DE C.V.;METFORMINA G.I NOV;2011-04-01;METFORMINA G.I NOV TABL 850 MG 30;METFORMINA;2016-08-01;2016-12-01;ALTA, por demanda
BAJA;A10J  BIGUANIDAS ANTIDIABETICA;NOVAG INFANCIA, S.A. DE C.V.;METFORMINA G.I NOV;2011-04-01;METFORMINA G.I NOV TABL 850 MG 30;METFORMINA;2016-12-01;2017-04-01;BAJA, por demanda
BAJA;A10J  BIGUANIDAS ANTIDIABETICA;MAVI;MAVIGLIN;2002-09-01;MAVIGLIN GRAG 500 MG /2.5 30;GLIBENCLAMIDA + METFORMINA;2014-12-01;2015-04-01;lanzamiento
BAJA;A10J  BIGUANIDAS ANTIDIABETICA;MAVI;MAVIGLIN;2002-09-01;MAVIGLIN GRAG 500 MG /2.5 30;GLIBENCLAMIDA + METFORMINA;2015-12-01;2016-04-01;lanzamiento
ALTA;A10J  BIGUANIDAS ANTIDIABETICA;SIEGFRIED-MED;DIMEFOR XR;2018-09-01;DIMEFOR XR TABL 750 MG 30;METFORMINA;2018-08-01;2018-12-01;ALTA, por demanda
ALTA;A10J  BIGUANIDAS ANTIDIABETICA;SIEGFRIED-MED;DIMEFOR G;2012-06-01;DIMEFOR G TABL 500 MG /2.5 60;GLIBENCLAMIDA + METFORMINA;2014-08-01;2014-12-01;ALTA, por demanda
ALTA;A10J  BIGUANIDAS ANTIDIABETICA;SILANES CORP.;SIL-NORBORAL;2001-08-01;SIL-NORBORAL TABL 2.5 MG /500 40;GLIBENCLAMIDA + METFORMINA;2014-08-01;2014-12-01;ALTA, por demanda
BAJA;A10J  BIGUANIDAS ANTIDIABETICA;SILANES CORP.;SIL-NORBORAL;2001-08-01;SIL-NORBORAL TABL 2.5 MG /500 40;GLIBENCLAMIDA + METFORMINA;2016-12-01;2017-04-01;BAJA, por demanda
ALTA;A10J  BIGUANIDAS ANTIDIABETICA;ALPHARMA;METFORMINA G.I ALP;2016-09-01;METFORMINA G.I ALP TABL L.P. 750 MG 30;METFORMINA;2017-04-01;2017-08-01;ALTA, por demanda
ALTA;A10J  BIGUANIDAS ANTIDIABETICA;ALPHARMA;METFORMINA G.I ALP;2016-09-01;METFORMINA G.I ALP TABL L.P. 750 MG 30;METFORMINA;2017-08-01;2017-12-01;ALTA, por demanda
ALTA;A10J  BIGUANIDAS ANTIDIABETICA;BIOMEP S.A. DE C.V.;METFORM/GLIB GI BO;2011-04-01;METFORM/GLIB GI BO TABL 500 MG /2.5 30;GLIBENCLAMIDA + METFORMINA;2017-04-01;2017-08-01;ALTA, por demanda
BAJA;A10J  BIGUANIDAS ANTIDIABETICA;BIOMEP S.A. DE C.V.;METFORM/GLIB GI BO;2011-04-01;METFORM/GLIB GI BO TABL 500 MG /2.5 30;GLIBENCLAMIDA + METFORMINA;2017-08-01;2017-12-01;lanzamiento
ALTA;A10J  BIGUANIDAS ANTIDIABETICA;ALPHARMA;PHARMAFET;2007-12-01;PHARMAFET TABL 850 MG 60;METFORMINA;2018-08-01;2018-12-01;ALTA, por demanda
BAJA;A10J  BIGUANIDAS ANTIDIABETICA;NOVAG INFANCIA, S.A. DE C.V.;GLUNOVAG G;2010-09-01;GLUNOVAG G TABL 50 MG /2.5 60;GLIBENCLAMIDA + METFORMINA;2018-04-01;2018-08-01;BAJA, por demanda
BAJA;A10J  BIGUANIDAS ANTIDIABETICA;BAJAMED;METFORMINA G.I BAJ;2008-02-01;METFORMINA G.I BAJ TABL 850 MG 50;METFORMINA;2014-04-01;2014-08-01;lanzamiento
ALTA;A10J  BIGUANIDAS ANTIDIABETICA;BAJAMED;METFORMINA G.I BAJ;2008-02-01;METFORMINA G.I BAJ TABL 850 MG 50;METFORMINA;2014-08-01;2014-12-01;ALTA, por demanda
BAJA;A10J  BIGUANIDAS ANTIDIABETICA;BAJAMED;METFORMINA G.I BAJ;2008-02-01;METFORMINA G.I BAJ TABL 850 MG 50;METFORMINA;2015-12-01;2016-04-01;lanzamiento
ALTA;A10J  BIGUANIDAS ANTIDIABETICA;BAJAMED;METFORMINA G.I BAJ;2008-02-01;METFORMINA G.I BAJ TABL 850 MG 50;METFORMINA;2017-08-01;2017-12-01;ALTA, por demanda
ALTA;A10J  BIGUANIDAS ANTIDIABETICA;SILANES CORP.;GLIMETAL LEX;2017-09-01;GLIMETAL LEX TABL LIB PRO 2 MG /850 30;GLIMEPIRIDA + METFORMINA;2017-08-01;2017-12-01;ALTA, por demanda
ALTA;A10J  BIGUANIDAS ANTIDIABETICA;SILANES CORP.;GLIMETAL LEX;2017-09-01;GLIMETAL LEX TABL LIB PRO 2 MG /850 30;GLIMEPIRIDA + METFORMINA;2018-08-01;2018-12-01;ALTA, por demanda
ALTA;A10J  BIGUANIDAS ANTIDIABETICA;BIOMEP S.A. DE C.V.;METFORM/GLIB GI BO;2010-09-01;METFORM/GLIB G.I B TABL 500 MG /5MG 60;GLIBENCLAMIDA + METFORMINA;2015-04-01;2015-08-01;ALTA, por demanda
ALTA;A10J  BIGUANIDAS ANTIDIABETICA;BIOMEP S.A. DE C.V.;METFORM/GLIB GI BO;2010-09-01;METFORM/GLIB G.I B TABL 500 MG /5MG 60;GLIBENCLAMIDA + METFORMINA;2016-08-01;2016-12-01;ALTA, por demanda
BAJA;A10J  BIGUANIDAS ANTIDIABETICA;SOLFRAN;ZAPRIR;2016-11-01;ZAPRIR TABL 850 MG 30;METFORMINA;2017-04-01;2017-08-01;lanzamiento
ALTA;A10J  BIGUANIDAS ANTIDIABETICA;SOLFRAN;ZAPRIR;2016-11-01;ZAPRIR TABL 850 MG 30;METFORMINA;2017-12-01;2018-04-01;BAJA, por demanda
BAJA;A10J  BIGUANIDAS ANTIDIABETICA;SOLFRAN;ZAPRIR;2016-11-01;ZAPRIR TABL 850 MG 30;METFORMINA;2018-04-01;2018-08-01;BAJA, por demanda
BAJA;A10J  BIGUANIDAS ANTIDIABETICA;SOLFRAN;ZAPRIR;2016-11-01;ZAPRIR TABL 850 MG 30;METFORMINA;2018-12-01;2019-04-01;ALTA, por demanda
ALTA;A10J  BIGUANIDAS ANTIDIABETICA;NOVAG INFANCIA, S.A. DE C.V.;METFORMINA G.I NOV;2016-07-01;METFORMINA G.I NOV TABL 500 MG 120;METFORMINA;2018-08-01;2018-12-01;ALTA, por demanda
BAJA;A10J  BIGUANIDAS ANTIDIABETICA;SANOFI CORP;AMARYL M;2008-08-01;AMARYL M TABL 4 MG /100 16;GLIMEPIRIDA + METFORMINA;2014-08-01;2014-12-01;ALTA, por demanda
ALTA;A10J  BIGUANIDAS ANTIDIABETICA;VICTORY ENTERPRISE;MEVICFOR;2006-05-01;MEVICFOR TABL 500 MG 100;METFORMINA;2014-04-01;2014-08-01;BAJA, por demanda
BAJA;A10J  BIGUANIDAS ANTIDIABETICA;VICTORY ENTERPRISE;MEVICFOR;2006-05-01;MEVICFOR TABL 500 MG 100;METFORMINA;2015-12-01;2016-04-01;lanzamiento
ALTA;A10J  BIGUANIDAS ANTIDIABETICA;VICTORY ENTERPRISE;MEVICFOR;2006-05-01;MEVICFOR TABL 500 MG 100;METFORMINA;2016-04-01;2016-08-01;BAJA, por demanda
ALTA;A10J  BIGUANIDAS ANTIDIABETICA;VICTORY ENTERPRISE;MEVICFOR;2006-05-01;MEVICFOR TABL 500 MG 100;METFORMINA;2017-08-01;2017-12-01;ALTA, por demanda
ALTA;A10J  BIGUANIDAS ANTIDIABETICA;VICTORY ENTERPRISE;MEVICFOR;2006-05-01;MEVICFOR TABL 500 MG 100;METFORMINA;2018-04-01;2018-08-01;BAJA, por demanda
ALTA;A10J  BIGUANIDAS ANTIDIABETICA;VICTORY ENTERPRISE;MEVICFOR;2006-08-01;MEVICFOR TABL 500 MG 30;METFORMINA;2014-08-01;2014-12-01;ALTA, por demanda
BAJA;A10J  BIGUANIDAS ANTIDIABETICA;VICTORY ENTERPRISE;MEVICFOR;2006-08-01;MEVICFOR TABL 500 MG 30;METFORMINA;2018-04-01;2018-08-01;BAJA, por demanda
BAJA;A10J  BIGUANIDAS ANTIDIABETICA;LANDSTEINER;METFORMINA G.I LAN;2011-08-01;METFORMINA G.I LAN TABL 500 MG 30;METFORMINA;2017-08-01;2017-12-01;lanzamiento
ALTA;A10J  BIGUANIDAS ANTIDIABETICA;LANDSTEINER;METFORMINA G.I LAN;2011-08-01;METFORMINA G.I LAN TABL 500 MG 30;METFORMINA;2018-08-01;2018-12-01;ALTA, por demanda
BAJA;A10J  BIGUANIDAS ANTIDIABETICA;PROBIOMED;AGLUMET;2006-01-01;AGLUMET TABL 850 MG 30;METFORMINA;2016-08-01;2016-12-01;lanzamiento
BAJA;A10J  BIGUANIDAS ANTIDIABETICA;PROBIOMED;AGLUMET;2006-01-01;AGLUMET TABL 850 MG 30;METFORMINA;2017-08-01;2017-12-01;lanzamiento
BAJA;A10J  BIGUANIDAS ANTIDIABETICA;ROCHE CORP.;GLUCOPHAGE;1994-04-01;GLUCOPHAGE TABL F 850 MG 40;METFORMINA;2016-04-01;2016-08-01;lanzamiento
BAJA;A10J  BIGUANIDAS ANTIDIABETICA;ROCHE CORP.;GLUCOPHAGE;1994-04-01;GLUCOPHAGE TABL F 850 MG 40;METFORMINA;2018-12-01;2019-04-01;ALTA, por demanda
ALTA;A10J  BIGUANIDAS ANTIDIABETICA;MERCK;DABEX;2003-09-01;DABEX TABL 1 G 30;METFORMINA;2018-12-01;2019-04-01;ALTA, por demanda
ALTA;A10J  BIGUANIDAS ANTIDIABETICA;SILANES CORP.;GLIMETAL LEX;2017-09-01;GLIMETAL LEX TABL LIB PRO 4 MG /850 30;GLIMEPIRIDA + METFORMINA;2017-08-01;2017-12-01;ALTA, por demanda
BAJA;A10J  BIGUANIDAS ANTIDIABETICA;ANTIBIOTICOS DE MEXICO SA CV;METFORMINA G.I ANT;2011-06-01;METFORMINA G.I ANT TABL 850 MG 30;METFORMINA;2017-12-01;2018-04-01;BAJA, por demanda
ALTA;A10J  BIGUANIDAS ANTIDIABETICA;ANTIBIOTICOS DE MEXICO SA CV;METFORMINA G.I ANT;2011-06-01;METFORMINA G.I ANT TABL 850 MG 30;METFORMINA;2018-12-01;2019-04-01;ALTA, por demanda
ALTA;A10J  BIGUANIDAS ANTIDIABETICA;ASPEN LABS;ESPANORM;2010-04-01;ESPANORM TABL 5 MG /500 30;GLIBENCLAMIDA + METFORMINA;2014-08-01;2014-12-01;ALTA, por demanda
BAJA;A10J  BIGUANIDAS ANTIDIABETICA;ASPEN LABS;ESPANORM;2010-04-01;ESPANORM TABL 5 MG /500 30;GLIBENCLAMIDA + METFORMINA;2015-04-01;2015-08-01;lanzamiento
BAJA;A10J  BIGUANIDAS ANTIDIABETICA;PISA;FICONAX;2001-09-01;FICONAX TABL 850 MG 30;METFORMINA;2014-04-01;2014-08-01;lanzamiento
ALTA;A10J  BIGUANIDAS ANTIDIABETICA;PISA;FICONAX;2001-09-01;FICONAX TABL 850 MG 30;METFORMINA;2015-08-01;2015-12-01;ALTA, por demanda
ALTA;A10J  BIGUANIDAS ANTIDIABETICA;PISA;FICONAX;2001-09-01;FICONAX TABL 850 MG 30;METFORMINA;2016-04-01;2016-08-01;BAJA, por demanda
BAJA;A10J  BIGUANIDAS ANTIDIABETICA;COLLINS;METFORM/GLIB G.I C;2016-05-01;METFORM/GLIB G.I C TABL 500 MG /2.5 60;GLIBENCLAMIDA + METFORMINA;2016-12-01;2017-04-01;BAJA, por demanda
BAJA;A10J  BIGUANIDAS ANTIDIABETICA;NOVAG INFANCIA, S.A. DE C.V.;METFORMINA G.I NOV;2016-07-01;METFORMINA G.I NOV TABL 850 MG 60;METFORMINA;2016-12-01;2017-04-01;BAJA, por demanda
BAJA;A10J  BIGUANIDAS ANTIDIABETICA;NOVAG INFANCIA, S.A. DE C.V.;METFORMINA G.I NOV;2016-07-01;METFORMINA G.I NOV TABL 850 MG 60;METFORMINA;2017-12-01;2018-04-01;BAJA, por demanda
ALTA;A10J  BIGUANIDAS ANTIDIABETICA;I.Q.F.A.;SIBET-C;2003-01-01;SIBET-C TABL 2.50 MG /500 30;GLIBENCLAMIDA + METFORMINA;2015-04-01;2015-08-01;ALTA, por demanda
BAJA;A10J  BIGUANIDAS ANTIDIABETICA;I.Q.F.A.;SIBET-C;2003-01-01;SIBET-C TABL 2.50 MG /500 30;GLIBENCLAMIDA + METFORMINA;2017-04-01;2017-08-01;lanzamiento
BAJA;A10J  BIGUANIDAS ANTIDIABETICA;SILANES CORP.;PRE-DIAL;2000-06-01;PRE-DIAL TAB 1000 MG 40;METFORMINA;2017-04-01;2017-08-01;lanzamiento
BAJA;A10J  BIGUANIDAS ANTIDIABETICA;SILANES CORP.;PRE-DIAL;2001-05-01;PRE-DIAL TABL 850 MG 30;METFORMINA;2018-08-01;2018-12-01;lanzamiento
ALTA;A10J  BIGUANIDAS ANTIDIABETICA;DEGORTS;ESTUVINA;2006-03-01;ESTUVINA TABL 2.5 MG /500 30;GLIBENCLAMIDA + METFORMINA;2014-08-01;2014-12-01;ALTA, por demanda
ALTA;A10J  BIGUANIDAS ANTIDIABETICA;DEGORTS;ESTUVINA;2006-03-01;ESTUVINA TABL 2.5 MG /500 30;GLIBENCLAMIDA + METFORMINA;2015-08-01;2015-12-01;ALTA, por demanda
ALTA;A10J  BIGUANIDAS ANTIDIABETICA;DEGORTS;ESTUVINA;2006-03-01;ESTUVINA TABL 2.5 MG /500 30;GLIBENCLAMIDA + METFORMINA;2017-08-01;2017-12-01;ALTA, por demanda
ALTA;A10J  BIGUANIDAS ANTIDIABETICA;DEGORTS;ESTUVINA;2006-03-01;ESTUVINA TABL 2.5 MG /500 30;GLIBENCLAMIDA + METFORMINA;2018-08-01;2018-12-01;ALTA, por demanda
BAJA;A10J  BIGUANIDAS ANTIDIABETICA;DEGORTS;ESTUVINA;2006-03-01;ESTUVINA TABL 2.5 MG /500 30;GLIBENCLAMIDA + METFORMINA;2018-12-01;2019-04-01;ALTA, por demanda
ALTA;A10J  BIGUANIDAS ANTIDIABETICA;NOVAG INFANCIA, S.A. DE C.V.;METFORMINA G.I NOV;2014-08-01;METFORMINA G.I NOV TABL 500 MG 60;METFORMINA;2015-08-01;2015-12-01;ALTA, por demanda
BAJA;A10J  BIGUANIDAS ANTIDIABETICA;DEGORTS;METFORMINA G.I DEG;2010-05-01;METFORMINA G.I DEG TABL 500 MG 60;METFORMINA;2016-04-01;2016-08-01;lanzamiento
BAJA;A10J  BIGUANIDAS ANTIDIABETICA;DEGORTS;METFORMINA G.I DEG;2010-05-01;METFORMINA G.I DEG TABL 500 MG 60;METFORMINA;2017-08-01;2017-12-01;lanzamiento
BAJA;A10J  BIGUANIDAS ANTIDIABETICA;SIEGFRIED-MED;DIMEFOR;2003-08-01;DIMEFOR TABL 1+1 850 MG 30;METFORMINA;2016-08-01;2016-12-01;lanzamiento
ALTA;A10J  BIGUANIDAS ANTIDIABETICA;SANOFI CORP;AMARYL XM;2013-05-01;AMARYL XM TABL 2 MG /850 16;GLIMEPIRIDA + METFORMINA;2014-08-01;2014-12-01;ALTA, por demanda
BAJA;A10J  BIGUANIDAS ANTIDIABETICA;SANOFI CORP;AMARYL XM;2013-05-01;AMARYL XM TABL 2 MG /850 16;GLIMEPIRIDA + METFORMINA;2016-04-01;2016-08-01;lanzamiento
ALTA;A10J  BIGUANIDAS ANTIDIABETICA;VICTORY ENTERPRISE;MEVICFOR;2006-05-01;MEVICFOR TABL 850 MG 50;METFORMINA;2014-04-01;2014-08-01;BAJA, por demanda
ALTA;A10J  BIGUANIDAS ANTIDIABETICA;VICTORY ENTERPRISE;MEVICFOR;2006-05-01;MEVICFOR TABL 850 MG 50;METFORMINA;2015-12-01;2016-04-01;BAJA, por demanda
ALTA;A10J  BIGUANIDAS ANTIDIABETICA;VICTORY ENTERPRISE;MEVICFOR;2006-05-01;MEVICFOR TABL 850 MG 50;METFORMINA;2016-04-01;2016-08-01;BAJA, por demanda
ALTA;A10J  BIGUANIDAS ANTIDIABETICA;ROCHE CORP.;GLUCOPHAGE;2012-10-01;GLUCOPHAGE TABL XR 500 MG 30;METFORMINA;2015-04-01;2015-08-01;ALTA, por demanda
ALTA;A10J  BIGUANIDAS ANTIDIABETICA;ROCHE CORP.;GLUCOPHAGE;2012-10-01;GLUCOPHAGE TABL XR 500 MG 30;METFORMINA;2015-08-01;2015-12-01;ALTA, por demanda
ALTA;A10J  BIGUANIDAS ANTIDIABETICA;COLLINS;ANGLUCID;2004-06-01;ANGLUCID TABL 850 MG 50;METFORMINA;2015-12-01;2016-04-01;BAJA, por demanda
ALTA;A10J  BIGUANIDAS ANTIDIABETICA;COLLINS;ANGLUCID;2004-06-01;ANGLUCID TABL 850 MG 50;METFORMINA;2018-04-01;2018-08-01;BAJA, por demanda
BAJA;A10J  BIGUANIDAS ANTIDIABETICA;PROTEIN-APOTEX;APOMETOCLOR;2006-09-01;APOMETOCLOR TABL 500 MG /125 60;CLORPROPAMIDA + METFORMINA;2017-08-01;2017-12-01;lanzamiento
ALTA;A10J  BIGUANIDAS ANTIDIABETICA;COLLINS;ANGLUCID;2006-02-01;ANGLUCID TABL 1 G 100;METFORMINA;2015-04-01;2015-08-01;ALTA, por demanda
BAJA;A10J  BIGUANIDAS ANTIDIABETICA;BAJAMED;METFORMINA G.I BAJ;2013-08-01;METFORMINA G.I BAJ TABL 850 MG 2X1 50;METFORMINA;2018-04-01;2018-08-01;BAJA, por demanda
BAJA;A10J  BIGUANIDAS ANTIDIABETICA;SILANES CORP.;GLIMETAL;2011-09-01;GLIMETAL TABL 1000 MG /2MG 1+1 16;GLIMEPIRIDA + METFORMINA;2016-08-01;2016-12-01;lanzamiento
ALTA;A10J  BIGUANIDAS ANTIDIABETICA;LAB. RAAM DE SAHUAYO S.A.;DIBENMIN;2008-09-01;DIBENMIN TABL 500 MG /2.5 30;GLIBENCLAMIDA + METFORMINA;2015-04-01;2015-08-01;ALTA, por demanda
BAJA;A10J  BIGUANIDAS ANTIDIABETICA;LAB. RAAM DE SAHUAYO S.A.;DIBENMIN;2008-09-01;DIBENMIN TABL 500 MG /2.5 30;GLIBENCLAMIDA + METFORMINA;2016-04-01;2016-08-01;lanzamiento
BAJA;A10J  BIGUANIDAS ANTIDIABETICA;LANDSTEINER;METIXOR;2008-02-01;METIXOR TABL 500 MG 30;METFORMINA;2017-12-01;2018-04-01;BAJA, por demanda
ALTA;A10J  BIGUANIDAS ANTIDIABETICA;DEGORTS;ESTUVINA;2006-03-01;ESTUVINA TABL 5 MG /500 30;GLIBENCLAMIDA + METFORMINA;2015-12-01;2016-04-01;BAJA, por demanda
ALTA;A10J  BIGUANIDAS ANTIDIABETICA;DEGORTS;ESTUVINA;2006-03-01;ESTUVINA TABL 5 MG /500 30;GLIBENCLAMIDA + METFORMINA;2016-12-01;2017-04-01;BAJA, por demanda
ALTA;A10J  BIGUANIDAS ANTIDIABETICA;MERCK;DABEX;1997-09-01;DABEX TABL 850 MG 30;METFORMINA;2015-08-01;2015-12-01;ALTA, por demanda
BAJA;A10J  BIGUANIDAS ANTIDIABETICA;MERCK;DABEX;1997-09-01;DABEX TABL 850 MG 30;METFORMINA;2015-12-01;2016-04-01;lanzamiento
ALTA;A10J  BIGUANIDAS ANTIDIABETICA;MERCK;DABEX;1997-09-01;DABEX TABL 850 MG 30;METFORMINA;2017-04-01;2017-08-01;ALTA, por demanda
BAJA;A10J  BIGUANIDAS ANTIDIABETICA;COLLINS;DUO-ANGLUCID;2006-03-01;DUO-ANGLUCID TABL 5 MG /500 60;GLIBENCLAMIDA + METFORMINA;2014-12-01;2015-04-01;lanzamiento
BAJA;A10J  BIGUANIDAS ANTIDIABETICA;COLLINS;DUO-ANGLUCID;2006-03-01;DUO-ANGLUCID TABL 5 MG /500 60;GLIBENCLAMIDA + METFORMINA;2017-04-01;2017-08-01;lanzamiento
ALTA;A10J  BIGUANIDAS ANTIDIABETICA;COLLINS;DUO-ANGLUCID;2006-03-01;DUO-ANGLUCID TABL 5 MG /500 60;GLIBENCLAMIDA + METFORMINA;2018-04-01;2018-08-01;BAJA, por demanda
ALTA;A10J  BIGUANIDAS ANTIDIABETICA;SIEGFRIED-MED;DIMEFOR G;2006-07-01;DIMEFOR G TABL DUAL 500 MG /2.5 30;GLIBENCLAMIDA + METFORMINA;2015-04-01;2015-08-01;ALTA, por demanda
ALTA;A10J  BIGUANIDAS ANTIDIABETICA;SIEGFRIED-MED;DIMEFOR G;2006-07-01;DIMEFOR G TABL DUAL 500 MG /2.5 30;GLIBENCLAMIDA + METFORMINA;2015-08-01;2015-12-01;ALTA, por demanda
ALTA;A10J  BIGUANIDAS ANTIDIABETICA;SIEGFRIED-MED;DIMEFOR G;2006-07-01;DIMEFOR G TABL DUAL 500 MG /2.5 30;GLIBENCLAMIDA + METFORMINA;2016-04-01;2016-08-01;BAJA, por demanda
ALTA;A10J  BIGUANIDAS ANTIDIABETICA;SIEGFRIED-MED;DIMEFOR G;2006-07-01;DIMEFOR G TABL DUAL 500 MG /2.5 30;GLIBENCLAMIDA + METFORMINA;2017-04-01;2017-08-01;ALTA, por demanda
BAJA;A10J  BIGUANIDAS ANTIDIABETICA;SIEGFRIED-MED;DIMEFOR G;2006-07-01;DIMEFOR G TABL DUAL 500 MG /2.5 30;GLIBENCLAMIDA + METFORMINA;2017-12-01;2018-04-01;BAJA, por demanda
BAJA;A10J  BIGUANIDAS ANTIDIABETICA;SIEGFRIED-MED;DIMEFOR G;2006-07-01;DIMEFOR G TABL DUAL 500 MG /2.5 30;GLIBENCLAMIDA + METFORMINA;2018-04-01;2018-08-01;BAJA, por demanda
ALTA;A10J  BIGUANIDAS ANTIDIABETICA;SIEGFRIED-MED;DIMEFOR G;2006-07-01;DIMEFOR G TABL DUAL 500 MG /2.5 30;GLIBENCLAMIDA + METFORMINA;2018-08-01;2018-12-01;ALTA, por demanda
BAJA;A10J  BIGUANIDAS ANTIDIABETICA;BIOMEP S.A. DE C.V.;WADIL;2010-01-01;WADIL TABL 500 MG /5MG 60;GLIBENCLAMIDA + METFORMINA;2016-12-01;2017-04-01;BAJA, por demanda
BAJA;A10J  BIGUANIDAS ANTIDIABETICA;BIOMEP S.A. DE C.V.;WADIL;2010-01-01;WADIL TABL 500 MG /5MG 60;GLIBENCLAMIDA + METFORMINA;2017-04-01;2017-08-01;lanzamiento
BAJA;A10J  BIGUANIDAS ANTIDIABETICA;DEGORTS;METFOR/GLIBE G.I D;2015-06-01;METFOR/GLIBE G.I D TABL 500 MG /2.5 30;GLIBENCLAMIDA + METFORMINA;2015-12-01;2016-04-01;lanzamiento
ALTA;A10J  BIGUANIDAS ANTIDIABETICA;DEGORTS;METFOR/GLIBE G.I D;2015-06-01;METFOR/GLIBE G.I D TABL 500 MG /2.5 30;GLIBENCLAMIDA + METFORMINA;2016-04-01;2016-08-01;BAJA, por demanda
BAJA;A10J  BIGUANIDAS ANTIDIABETICA;DEGORTS;METFOR/GLIBE G.I D;2015-06-01;METFOR/GLIBE G.I D TABL 500 MG /2.5 30;GLIBENCLAMIDA + METFORMINA;2018-12-01;2019-04-01;ALTA, por demanda
ALTA;A10J  BIGUANIDAS ANTIDIABETICA;ITALMEX;INSOGEN PLUS;1997-02-01;INSOGEN PLUS TABL 40;CLORPROPAMIDA + METFORMINA;2014-08-01;2014-12-01;ALTA, por demanda
ALTA;A10J  BIGUANIDAS ANTIDIABETICA;ITALMEX;INSOGEN PLUS;1997-02-01;INSOGEN PLUS TABL 40;CLORPROPAMIDA + METFORMINA;2016-08-01;2016-12-01;ALTA, por demanda
BAJA;A10J  BIGUANIDAS ANTIDIABETICA;ITALMEX;INSOGEN PLUS;1997-02-01;INSOGEN PLUS TABL 40;CLORPROPAMIDA + METFORMINA;2018-04-01;2018-08-01;BAJA, por demanda
BAJA;A10J  BIGUANIDAS ANTIDIABETICA;ITALMEX;INSOGEN PLUS;1997-02-01;INSOGEN PLUS TABL 40;CLORPROPAMIDA + METFORMINA;2018-08-01;2018-12-01;lanzamiento
ALTA;A10J  BIGUANIDAS ANTIDIABETICA;SIEGFRIED-MED;DIMEFOR XR;2018-09-01;DIMEFOR XR TABL 500 MG 30;METFORMINA;2018-08-01;2018-12-01;ALTA, por demanda
ALTA;A10J  BIGUANIDAS ANTIDIABETICA;SIEGFRIED-MED;DIMEFOR;2017-05-01;DIMEFOR TABL 1000 MG 60;METFORMINA;2017-04-01;2017-08-01;ALTA, por demanda
ALTA;A10J  BIGUANIDAS ANTIDIABETICA;ALPHARMA;PHARMAFET LB;2017-02-01;PHARMAFET LB TABL 750 MG 60;METFORMINA;2018-04-01;2018-08-01;BAJA, por demanda
ALTA;A10J  BIGUANIDAS ANTIDIABETICA;ALPHARMA;METFORMINA G.I ALP;2017-11-01;METFORMINA G.I ALP TABL 850 MG 60;METFORMINA;2018-08-01;2018-12-01;ALTA, por demanda
BAJA;A10J  BIGUANIDAS ANTIDIABETICA;MERCK;DABEX XR;2004-04-01;DABEX XR TABL 500 MG 30;METFORMINA;2014-08-01;2014-12-01;ALTA, por demanda
ALTA;A10J  BIGUANIDAS ANTIDIABETICA;SILANES CORP.;GLIMETAL;2017-09-01;GLIMETAL TABL 1000 MG /2MG 30;GLIMEPIRIDA + METFORMINA;2017-08-01;2017-12-01;ALTA, por demanda
ALTA;A10J  BIGUANIDAS ANTIDIABETICA;ROCHE CORP.;GLUCOPHAGE;1997-03-01;GLUCOPHAGE TABL 500 MG 60;METFORMINA;2014-04-01;2014-08-01;BAJA, por demanda
BAJA;A10J  BIGUANIDAS ANTIDIABETICA;ROCHE CORP.;GLUCOPHAGE;1997-03-01;GLUCOPHAGE TABL 500 MG 60;METFORMINA;2018-12-01;2019-04-01;ALTA, por demanda
BAJA;A10J  BIGUANIDAS ANTIDIABETICA;DEGORTS;GLUCIBETINA-T;2010-05-01;GLUCIBETINA-T TABL 500 MG 30;METFORMINA;2014-08-01;2014-12-01;ALTA, por demanda
BAJA;A10J  BIGUANIDAS ANTIDIABETICA;DEGORTS;GLUCIBETINA-T;2010-05-01;GLUCIBETINA-T TABL 500 MG 30;METFORMINA;2015-12-01;2016-04-01;lanzamiento
ALTA;A10J  BIGUANIDAS ANTIDIABETICA;LIFERPAL;DINAMEL;2007-05-01;DINAMEL TABL 500 MG 30;METFORMINA;2015-04-01;2015-08-01;ALTA, por demanda
ALTA;A10J  BIGUANIDAS ANTIDIABETICA;LIFERPAL;DINAMEL;2007-05-01;DINAMEL TABL 500 MG 30;METFORMINA;2015-12-01;2016-04-01;BAJA, por demanda
BAJA;A10J  BIGUANIDAS ANTIDIABETICA;LIFERPAL;DINAMEL;2007-05-01;DINAMEL TABL 500 MG 30;METFORMINA;2016-04-01;2016-08-01;lanzamiento
ALTA;A10J  BIGUANIDAS ANTIDIABETICA;LIFERPAL;DINAMEL;2007-05-01;DINAMEL TABL 500 MG 30;METFORMINA;2016-08-01;2016-12-01;ALTA, por demanda
BAJA;A10J  BIGUANIDAS ANTIDIABETICA;LIFERPAL;DINAMEL;2007-05-01;DINAMEL TABL 500 MG 30;METFORMINA;2016-12-01;2017-04-01;BAJA, por demanda
BAJA;A10J  BIGUANIDAS ANTIDIABETICA;LIFERPAL;DINAMEL;2007-05-01;DINAMEL TABL 500 MG 30;METFORMINA;2018-12-01;2019-04-01;ALTA, por demanda
BAJA;A10J  BIGUANIDAS ANTIDIABETICA;LANDSTEINER;METFOR/GLIBE G.I L;2011-08-01;METFOR/GLIBE G.I L CAP 500 MG /2.5 60;GLIBENCLAMIDA + METFORMINA;2015-12-01;2016-04-01;lanzamiento
ALTA;A10J  BIGUANIDAS ANTIDIABETICA;LANDSTEINER;METFOR/GLIBE G.I L;2011-08-01;METFOR/GLIBE G.I L CAP 500 MG /2.5 60;GLIBENCLAMIDA + METFORMINA;2017-08-01;2017-12-01;ALTA, por demanda
BAJA;A10J  BIGUANIDAS ANTIDIABETICA;NOVAG INFANCIA, S.A. DE C.V.;GLUNOVAG;2005-11-01;GLUNOVAG TABL 850 MG 30;METFORMINA;2017-08-01;2017-12-01;lanzamiento
BAJA;A10J  BIGUANIDAS ANTIDIABETICA;BRULUART;DINORAX C;2005-10-01;DINORAX C TABL RECUB 500 MG /5 30;GLIBENCLAMIDA + METFORMINA;2014-12-01;2015-04-01;lanzamiento
ALTA;A10J  BIGUANIDAS ANTIDIABETICA;BRULUART;DINORAX C;2005-10-01;DINORAX C TABL RECUB 500 MG /5 30;GLIBENCLAMIDA + METFORMINA;2015-04-01;2015-08-01;ALTA, por demanda
ALTA;A10J  BIGUANIDAS ANTIDIABETICA;PFIZER CORPORATION;OBINESE;2001-07-01;OBINESE TABL 60;CLORPROPAMIDA + METFORMINA;2014-08-01;2014-12-01;ALTA, por demanda
BAJA;A10J  BIGUANIDAS ANTIDIABETICA;PFIZER CORPORATION;OBINESE;2001-07-01;OBINESE TABL 60;CLORPROPAMIDA + METFORMINA;2015-12-01;2016-04-01;lanzamiento
ALTA;A10J  BIGUANIDAS ANTIDIABETICA;ROCHE CORP.;GLUCOPHAGE;2012-10-01;GLUCOPHAGE TABL XR 750 MG 30;METFORMINA;2015-04-01;2015-08-01;ALTA, por demanda
BAJA;A10J  BIGUANIDAS ANTIDIABETICA;ROCHE CORP.;GLUCOPHAGE;2012-10-01;GLUCOPHAGE TABL XR 750 MG 30;METFORMINA;2016-12-01;2017-04-01;BAJA, por demanda
BAJA;A10J  BIGUANIDAS ANTIDIABETICA;ROCHE CORP.;GLUCOPHAGE;2012-10-01;GLUCOPHAGE TABL XR 750 MG 30;METFORMINA;2017-08-01;2017-12-01;lanzamiento
BAJA;A10J  BIGUANIDAS ANTIDIABETICA;SIEGFRIED-MED;DIMEFOR;2005-02-01;DIMEFOR TABL 1+1 500 MG 30;METFORMINA;2018-08-01;2018-12-01;lanzamiento
BAJA;A10J  BIGUANIDAS ANTIDIABETICA;LANDSTEINER;METFOR/GLIBE G.I L;2010-07-01;METFOR/GLIBE G.I L TABL 500 MG /5MG 60;GLIBENCLAMIDA + METFORMINA;2017-08-01;2017-12-01;lanzamiento
ALTA;A10J  BIGUANIDAS ANTIDIABETICA;MAVI;METFORM/GLIB G.I M;2010-11-01;METFORM/GLIB GI MA TABL 500 MG /5MG 60;GLIBENCLAMIDA + METFORMINA;2014-12-01;2015-04-01;BAJA, por demanda
ALTA;A10J  BIGUANIDAS ANTIDIABETICA;MAVI;METFORM/GLIB G.I M;2010-11-01;METFORM/GLIB GI MA TABL 500 MG /5MG 60;GLIBENCLAMIDA + METFORMINA;2015-08-01;2015-12-01;ALTA, por demanda
ALTA;A10J  BIGUANIDAS ANTIDIABETICA;MAVI;METFORM/GLIB G.I M;2010-11-01;METFORM/GLIB GI MA TABL 500 MG /5MG 60;GLIBENCLAMIDA + METFORMINA;2017-08-01;2017-12-01;ALTA, por demanda
ALTA;A10J  BIGUANIDAS ANTIDIABETICA;MAVI;METFORM/GLIB G.I M;2010-11-01;METFORM/GLIB GI MA TABL 500 MG /5MG 60;GLIBENCLAMIDA + METFORMINA;2018-12-01;2019-04-01;ALTA, por demanda
ALTA;A10J  BIGUANIDAS ANTIDIABETICA;BUFFINGTONS DE MEXICO;METFORMINA G.I BUF;2009-03-01;METFORMINA G.I BUF TABL 850 MG 30;METFORMINA;2014-08-01;2014-12-01;ALTA, por demanda
BAJA;A10J  BIGUANIDAS ANTIDIABETICA;BUFFINGTONS DE MEXICO;METFORMINA G.I BUF;2009-03-01;METFORMINA G.I BUF TABL 850 MG 30;METFORMINA;2015-04-01;2015-08-01;lanzamiento
ALTA;A10J  BIGUANIDAS ANTIDIABETICA;PISA;NORFABEN M;2003-10-01;NORFABEN M TABL 500 MG /2.5 30;GLIBENCLAMIDA + METFORMINA;2014-08-01;2014-12-01;ALTA, por demanda
ALTA;A10J  BIGUANIDAS ANTIDIABETICA;DEGORTS;ESTUVINA;2011-07-01;ESTUVINA TABL 5 MG /500 60;GLIBENCLAMIDA + METFORMINA;2016-12-01;2017-04-01;BAJA, por demanda
BAJA;A10J  BIGUANIDAS ANTIDIABETICA;DEGORTS;ESTUVINA;2011-07-01;ESTUVINA TABL 5 MG /500 60;GLIBENCLAMIDA + METFORMINA;2017-12-01;2018-04-01;BAJA, por demanda
ALTA;A10J  BIGUANIDAS ANTIDIABETICA;PFIZER CORPORATION;MELBIN;1969-04-01;MELBIN SUSP 300 ML;METFORMINA;2015-08-01;2015-12-01;ALTA, por demanda
BAJA;A10J  BIGUANIDAS ANTIDIABETICA;PFIZER CORPORATION;MELBIN;1969-04-01;MELBIN SUSP 300 ML;METFORMINA;2015-12-01;2016-04-01;lanzamiento
ALTA;A10J  BIGUANIDAS ANTIDIABETICA;PFIZER CORPORATION;MELBIN;1969-04-01;MELBIN SUSP 300 ML;METFORMINA;2016-04-01;2016-08-01;BAJA, por demanda
ALTA;A10J  BIGUANIDAS ANTIDIABETICA;SANOFI CORP;METFORMINA G.I KEN;2010-11-01;METFORMINA G.I KEN TABL 500 MG 60;METFORMINA;2015-08-01;2015-12-01;ALTA, por demanda
ALTA;A10J  BIGUANIDAS ANTIDIABETICA;SANOFI CORP;METFORMINA G.I KEN;2010-11-01;METFORMINA G.I KEN TABL 500 MG 60;METFORMINA;2016-12-01;2017-04-01;BAJA, por demanda
ALTA;A10J  BIGUANIDAS ANTIDIABETICA;SANOFI CORP;METFORMINA G.I KEN;2010-11-01;METFORMINA G.I KEN TABL 500 MG 60;METFORMINA;2017-08-01;2017-12-01;ALTA, por demanda
ALTA;A10J  BIGUANIDAS ANTIDIABETICA;SILANES CORP.;PRE-DIAL PLUS;2017-12-01;PRE-DIAL PLUS TAB LIB PROL 850 MG 60;METFORMINA;2018-08-01;2018-12-01;ALTA, por demanda
ALTA;A10J  BIGUANIDAS ANTIDIABETICA;BIOMEP S.A. DE C.V.;WADIL;2005-12-01;WADIL TABL 500 MG /5 30;GLIBENCLAMIDA + METFORMINA;2014-08-01;2014-12-01;ALTA, por demanda
ALTA;A10J  BIGUANIDAS ANTIDIABETICA;BIOMEP S.A. DE C.V.;WADIL;2005-12-01;WADIL TABL 500 MG /5 30;GLIBENCLAMIDA + METFORMINA;2015-04-01;2015-08-01;ALTA, por demanda
ALTA;A10J  BIGUANIDAS ANTIDIABETICA;BIOMEP S.A. DE C.V.;WADIL;2005-12-01;WADIL TABL 500 MG /5 30;GLIBENCLAMIDA + METFORMINA;2018-04-01;2018-08-01;BAJA, por demanda
BAJA;A10J  BIGUANIDAS ANTIDIABETICA;COLLINS;ANGLUCID;2004-06-01;ANGLUCID TABL 850 MG 30;METFORMINA;2014-04-01;2014-08-01;lanzamiento
BAJA;A10J  BIGUANIDAS ANTIDIABETICA;COLLINS;ANGLUCID;2004-06-01;ANGLUCID TABL 850 MG 30;METFORMINA;2016-04-01;2016-08-01;lanzamiento
ALTA;A10J  BIGUANIDAS ANTIDIABETICA;COLLINS;ANGLUCID;2004-06-01;ANGLUCID TABL 850 MG 30;METFORMINA;2016-12-01;2017-04-01;BAJA, por demanda
BAJA;A10J  BIGUANIDAS ANTIDIABETICA;COLLINS;ANGLUCID;2004-06-01;ANGLUCID TABL 850 MG 30;METFORMINA;2017-12-01;2018-04-01;BAJA, por demanda
BAJA;A10J  BIGUANIDAS ANTIDIABETICA;COLLINS;ANGLUCID;2004-06-01;ANGLUCID TABL 850 MG 30;METFORMINA;2018-04-01;2018-08-01;BAJA, por demanda
ALTA;A10J  BIGUANIDAS ANTIDIABETICA;COLLINS;ANGLUCID;2004-06-01;ANGLUCID TABL 850 MG 30;METFORMINA;2018-08-01;2018-12-01;ALTA, por demanda
BAJA;A10J  BIGUANIDAS ANTIDIABETICA;PROBIOMED;AGLUMET;2006-01-01;AGLUMET TABL 500 MG 60;METFORMINA;2016-04-01;2016-08-01;lanzamiento
ALTA;A10J  BIGUANIDAS ANTIDIABETICA;PROBIOMED;AGLUMET;2006-01-01;AGLUMET TABL 500 MG 60;METFORMINA;2016-12-01;2017-04-01;BAJA, por demanda
BAJA;A10J  BIGUANIDAS ANTIDIABETICA;PROBIOMED;AGLUMET;2006-01-01;AGLUMET TABL 500 MG 60;METFORMINA;2018-04-01;2018-08-01;BAJA, por demanda
ALTA;A10J  BIGUANIDAS ANTIDIABETICA;SILANES CORP.;GLIMETAL;2003-04-01;GLIMETAL TABL 500 MG /1MG 32;GLIMEPIRIDA + METFORMINA;2018-08-01;2018-12-01;ALTA, por demanda
BAJA;A10J  BIGUANIDAS ANTIDIABETICA;LAB. RAAM DE SAHUAYO S.A.;MINRAAM;2008-09-01;MINRAAM TABL 500 MG 30;METFORMINA;2014-04-01;2014-08-01;lanzamiento
BAJA;A10J  BIGUANIDAS ANTIDIABETICA;LAB. RAAM DE SAHUAYO S.A.;MINRAAM;2008-09-01;MINRAAM TABL 500 MG 30;METFORMINA;2016-04-01;2016-08-01;lanzamiento
BAJA;A10J  BIGUANIDAS ANTIDIABETICA;ULTRA LABORATORIOS;METFORMINA G.I UGP;2013-01-01;METFORMINA G.I UGP TABL 500 MG 100;METFORMINA;2015-12-01;2016-04-01;lanzamiento
BAJA;A10J  BIGUANIDAS ANTIDIABETICA;I.Q.F.A.;SIBET-C;2003-01-01;SIBET-C TABL 5 MG /500 60;GLIBENCLAMIDA + METFORMINA;2014-04-01;2014-08-01;lanzamiento
ALTA;A10J  BIGUANIDAS ANTIDIABETICA;I.Q.F.A.;SIBET-C;2003-01-01;SIBET-C TABL 5 MG /500 60;GLIBENCLAMIDA + METFORMINA;2018-12-01;2019-04-01;ALTA, por demanda
ALTA;A10J  BIGUANIDAS ANTIDIABETICA;I.Q.F.A.;METFOR/GLIBE G.I I;2012-01-01;METFOR/GLIBE G.I I TABL 500 MG /5MG 60;GLIBENCLAMIDA + METFORMINA;2018-12-01;2019-04-01;ALTA, por demanda
BAJA;A10J  BIGUANIDAS ANTIDIABETICA;BTK FARMA;METFORMINA G.I BTK;2016-04-01;METFORMINA G.I BTK TABL 850 MG 30;METFORMINA;2016-04-01;2016-08-01;lanzamiento
BAJA;A10J  BIGUANIDAS ANTIDIABETICA;BTK FARMA;METFORMINA G.I BTK;2016-04-01;METFORMINA G.I BTK TABL 850 MG 30;METFORMINA;2016-08-01;2016-12-01;lanzamiento
ALTA;A10J  BIGUANIDAS ANTIDIABETICA;BTK FARMA;METFORMINA G.I BTK;2016-04-01;METFORMINA G.I BTK TABL 850 MG 30;METFORMINA;2017-08-01;2017-12-01;ALTA, por demanda
ALTA;A10J  BIGUANIDAS ANTIDIABETICA;COLLINS;METFORMINA G.I COL;2009-05-01;METFORMINA G.I COL TABL 850 MG 30;METFORMINA;2015-08-01;2015-12-01;ALTA, por demanda
BAJA;A10J  BIGUANIDAS ANTIDIABETICA;COLLINS;METFORMINA G.I COL;2009-05-01;METFORMINA G.I COL TABL 850 MG 30;METFORMINA;2015-12-01;2016-04-01;lanzamiento
BAJA;A10J  BIGUANIDAS ANTIDIABETICA;COLLINS;METFORMINA G.I COL;2009-05-01;METFORMINA G.I COL TABL 850 MG 30;METFORMINA;2016-04-01;2016-08-01;lanzamiento
ALTA;A10J  BIGUANIDAS ANTIDIABETICA;COLLINS;METFORMINA G.I COL;2009-05-01;METFORMINA G.I COL TABL 850 MG 30;METFORMINA;2016-12-01;2017-04-01;BAJA, por demanda
ALTA;A10J  BIGUANIDAS ANTIDIABETICA;ALPHARMA;METFORMINA G.I ALP;2010-06-01;METFORMINA G.I ALP TABL 500 MG 60;METFORMINA;2018-08-01;2018-12-01;ALTA, por demanda
BAJA;A10J  BIGUANIDAS ANTIDIABETICA;BIOMEP S.A. DE C.V.;WADIL;2005-12-01;WADIL TABL 500 MG /2.5 30;GLIBENCLAMIDA + METFORMINA;2015-12-01;2016-04-01;lanzamiento
ALTA;A10J  BIGUANIDAS ANTIDIABETICA;BIOMEP S.A. DE C.V.;WADIL;2005-12-01;WADIL TABL 500 MG /2.5 30;GLIBENCLAMIDA + METFORMINA;2016-12-01;2017-04-01;BAJA, por demanda
ALTA;A10J  BIGUANIDAS ANTIDIABETICA;BIOMEP S.A. DE C.V.;WADIL;2005-12-01;WADIL TABL 500 MG /2.5 30;GLIBENCLAMIDA + METFORMINA;2018-12-01;2019-04-01;ALTA, por demanda
BAJA;A10J  BIGUANIDAS ANTIDIABETICA;MAVER;GLUCOTEC;2004-02-01;GLUCOTEC TABL 500 MG /2.5 60;GLIBENCLAMIDA + METFORMINA;2014-04-01;2014-08-01;lanzamiento
BAJA;A10J  BIGUANIDAS ANTIDIABETICA;MAVER;GLUCOTEC;2004-02-01;GLUCOTEC TABL 500 MG /2.5 60;GLIBENCLAMIDA + METFORMINA;2014-08-01;2014-12-01;ALTA, por demanda
ALTA;A10J  BIGUANIDAS ANTIDIABETICA;BAJAMED;METFORMINA G.I BAJ;2011-08-01;METFORMINA G.I BAJ TABL 850 MG 100;METFORMINA;2018-08-01;2018-12-01;ALTA, por demanda
ALTA;A10J  BIGUANIDAS ANTIDIABETICA;BAJAMED;METFORMINA G.I BAJ;2011-08-01;METFORMINA G.I BAJ TABL 850 MG 100;METFORMINA;2018-12-01;2019-04-01;ALTA, por demanda
ALTA;A10J  BIGUANIDAS ANTIDIABETICA;DEGORTS;METFOR/GLIBE G.I D;2011-06-01;METFOR/GLIBE G.I D TABL 500 MG /5MG 60;GLIBENCLAMIDA + METFORMINA;2018-04-01;2018-08-01;BAJA, por demanda
ALTA;A10J  BIGUANIDAS ANTIDIABETICA;DEGORTS;METFOR/GLIBE G.I D;2011-06-01;METFOR/GLIBE G.I D TABL 500 MG /5MG 60;GLIBENCLAMIDA + METFORMINA;2018-08-01;2018-12-01;ALTA, por demanda
ALTA;A10J  BIGUANIDAS ANTIDIABETICA;DEGORTS;METFOR/GLIBE G.I D;2011-06-01;METFOR/GLIBE G.I D TABL 500 MG /5MG 60;GLIBENCLAMIDA + METFORMINA;2018-12-01;2019-04-01;ALTA, por demanda
BAJA;A10J  BIGUANIDAS ANTIDIABETICA;SIEGFRIED-MED;DIMEFOR;1995-09-01;DIMEFOR TABL 850 MG 30;METFORMINA;2017-12-01;2018-04-01;BAJA, por demanda
ALTA;A10J  BIGUANIDAS ANTIDIABETICA;SIEGFRIED-MED;DIMEFOR;1995-09-01;DIMEFOR TABL 850 MG 30;METFORMINA;2018-12-01;2019-04-01;ALTA, por demanda
BAJA;A10J  BIGUANIDAS ANTIDIABETICA;PROBIOMED;AGLUMET;2006-01-01;AGLUMET TABL 850 MG 60;METFORMINA;2015-04-01;2015-08-01;lanzamiento
ALTA;A10J  BIGUANIDAS ANTIDIABETICA;PROBIOMED;AGLUMET;2006-01-01;AGLUMET TABL 850 MG 60;METFORMINA;2015-08-01;2015-12-01;ALTA, por demanda
ALTA;A10J  BIGUANIDAS ANTIDIABETICA;PROBIOMED;AGLUMET;2006-01-01;AGLUMET TABL 850 MG 60;METFORMINA;2015-12-01;2016-04-01;BAJA, por demanda
BAJA;A10J  BIGUANIDAS ANTIDIABETICA;PROBIOMED;AGLUMET;2006-01-01;AGLUMET TABL 850 MG 60;METFORMINA;2016-04-01;2016-08-01;lanzamiento
BAJA;A10J  BIGUANIDAS ANTIDIABETICA;PROBIOMED;AGLUMET;2006-01-01;AGLUMET TABL 850 MG 60;METFORMINA;2016-12-01;2017-04-01;BAJA, por demanda
ALTA;A10J  BIGUANIDAS ANTIDIABETICA;MEDIX CORP.;IFOR;2016-04-01;IFOR TABL 500 MG 30;METFORMINA;2018-12-01;2019-04-01;ALTA, por demanda
BAJA;A10J  BIGUANIDAS ANTIDIABETICA;GENOMA LAB INT;METFOR/GLIBE GI MM;2009-08-01;METFOR/GLIBE GI MM TABL 500/2.5 MG 30;GLIBENCLAMIDA + METFORMINA;2014-04-01;2014-08-01;lanzamiento
ALTA;A10J  BIGUANIDAS ANTIDIABETICA;EXELTIS;INOFOLIC;2017-09-01;INOFOLIC CAPS 60;ACIDO FOLICO + GLYCINE MAX + INOSITOL;2018-04-01;2018-08-01;BAJA, por demanda
BAJA;A10J  BIGUANIDAS ANTIDIABETICA;ULTRA LABORATORIOS;METFORMINA G.I UGP;2012-01-01;METFORMINA G.I UGP TABL 850 MG 30;METFORMINA;2016-08-01;2016-12-01;lanzamiento
ALTA;A10J  BIGUANIDAS ANTIDIABETICA;SILANES CORP.;PRE-DIAL PLUS;2007-02-01;PRE-DIAL PLUS TABL LIB PRO 850 MG 30;METFORMINA;2015-04-01;2015-08-01;ALTA, por demanda
BAJA;A10J  BIGUANIDAS ANTIDIABETICA;I.Q.F.A.;METFOR/GLIBE G.I I;2010-10-01;METFOR/GLIBE G.I I TABL 500 MG /2.5 30;GLIBENCLAMIDA + METFORMINA;2014-04-01;2014-08-01;lanzamiento
ALTA;A10J  BIGUANIDAS ANTIDIABETICA;I.Q.F.A.;METFOR/GLIBE G.I I;2010-10-01;METFOR/GLIBE G.I I TABL 500 MG /2.5 30;GLIBENCLAMIDA + METFORMINA;2014-12-01;2015-04-01;BAJA, por demanda
BAJA;A10J  BIGUANIDAS ANTIDIABETICA;I.Q.F.A.;METFOR/GLIBE G.I I;2010-10-01;METFOR/GLIBE G.I I TABL 500 MG /2.5 30;GLIBENCLAMIDA + METFORMINA;2015-04-01;2015-08-01;lanzamiento
BAJA;A10J  BIGUANIDAS ANTIDIABETICA;JOHNSON+JOHNSON CO;MELLITRON;1977-01-01;MELLITRON TABL 40;CLORPROPAMIDA + METFORMINA;2014-12-01;2015-04-01;lanzamiento
ALTA;A10J  BIGUANIDAS ANTIDIABETICA;JOHNSON+JOHNSON CO;MELLITRON;1977-01-01;MELLITRON TABL 40;CLORPROPAMIDA + METFORMINA;2015-04-01;2015-08-01;ALTA, por demanda
BAJA;A10J  BIGUANIDAS ANTIDIABETICA;JOHNSON+JOHNSON CO;MELLITRON;1977-01-01;MELLITRON TABL 40;CLORPROPAMIDA + METFORMINA;2016-12-01;2017-04-01;BAJA, por demanda
BAJA;A10J  BIGUANIDAS ANTIDIABETICA;JOHNSON+JOHNSON CO;MELLITRON;1977-01-01;MELLITRON TABL 40;CLORPROPAMIDA + METFORMINA;2017-12-01;2018-04-01;BAJA, por demanda
ALTA;A10J  BIGUANIDAS ANTIDIABETICA;ITALMEX;INSOGEN PLUS;1997-02-01;INSOGEN PLUS TABL 80;CLORPROPAMIDA + METFORMINA;2017-04-01;2017-08-01;ALTA, por demanda
ALTA;A10J  BIGUANIDAS ANTIDIABETICA;ITALMEX;INSOGEN PLUS;1997-02-01;INSOGEN PLUS TABL 80;CLORPROPAMIDA + METFORMINA;2017-12-01;2018-04-01;BAJA, por demanda
ALTA;A10J  BIGUANIDAS ANTIDIABETICA;SILANES CORP.;PRE-DIAL;2019-01-01;PRE-DIAL TABL 850 MG 60;METFORMINA;2018-12-01;2019-04-01;ALTA, por demanda
ALTA;A10J  BIGUANIDAS ANTIDIABETICA;SIEGFRIED-MED;DIMEFOR;2012-06-01;DIMEFOR TABL 500 MG 60;METFORMINA;2018-04-01;2018-08-01;BAJA, por demanda
BAJA;A10J  BIGUANIDAS ANTIDIABETICA;BAJAMED;HARBAMIND;2008-05-01;HARBAMIND TABL 500 MG 100;METFORMINA;2015-04-01;2015-08-01;lanzamiento
ALTA;A10J  BIGUANIDAS ANTIDIABETICA;BAJAMED;HARBAMIND;2008-05-01;HARBAMIND TABL 500 MG 100;METFORMINA;2016-08-01;2016-12-01;ALTA, por demanda
BAJA;A10J  BIGUANIDAS ANTIDIABETICA;BAJAMED;HARBAMIND;2008-05-01;HARBAMIND TABL 500 MG 100;METFORMINA;2017-08-01;2017-12-01;lanzamiento
BAJA;A10J  BIGUANIDAS ANTIDIABETICA;BAJAMED;HARBAMIND;2008-05-01;HARBAMIND TABL 500 MG 100;METFORMINA;2018-08-01;2018-12-01;lanzamiento
BAJA;A10J  BIGUANIDAS ANTIDIABETICA;MERCK;METFORMINA G.I MER;2002-04-01;METFORMINA G.I MER TABL 850 MG 30;METFORMINA;2014-12-01;2015-04-01;lanzamiento
BAJA;A10J  BIGUANIDAS ANTIDIABETICA;MERCK;METFORMINA G.I MER;2002-04-01;METFORMINA G.I MER TABL 850 MG 30;METFORMINA;2015-12-01;2016-04-01;lanzamiento
ALTA;A10J  BIGUANIDAS ANTIDIABETICA;MERCK;METFORMINA G.I MER;2002-04-01;METFORMINA G.I MER TABL 850 MG 30;METFORMINA;2017-04-01;2017-08-01;ALTA, por demanda
ALTA;A10J  BIGUANIDAS ANTIDIABETICA;BAJAMED;HARBAMIND;2003-01-01;HARBAMIND TABL 850 MG 50;METFORMINA;2017-04-01;2017-08-01;ALTA, por demanda
ALTA;A10J  BIGUANIDAS ANTIDIABETICA;LANDSTEINER;METIXOR G;2008-02-01;METIXOR G TABL 500 MG /5MG 60;GLIBENCLAMIDA + METFORMINA;2016-08-01;2016-12-01;ALTA, por demanda
ALTA;A10J  BIGUANIDAS ANTIDIABETICA;PROTEIN-APOTEX;APOZEMIA;2004-09-01;APOZEMIA TABL 500 MG 60;METFORMINA;2017-08-01;2017-12-01;ALTA, por demanda
BAJA;A10J  BIGUANIDAS ANTIDIABETICA;LANDSTEINER;METFOR/GLIBE G.I L;2012-01-01;METFOR/GLIBE G.I L TABL 500 MG /5.0 30;GLIBENCLAMIDA + METFORMINA;2016-04-01;2016-08-01;lanzamiento
ALTA;A10J  BIGUANIDAS ANTIDIABETICA;LANDSTEINER;METFOR/GLIBE G.I L;2012-01-01;METFOR/GLIBE G.I L TABL 500 MG /5.0 30;GLIBENCLAMIDA + METFORMINA;2017-08-01;2017-12-01;ALTA, por demanda
ALTA;A10J  BIGUANIDAS ANTIDIABETICA;PSICOFARMA;MIDAPHARMA;2005-03-01;MIDAPHARMA CAPS 500 MG /5 60;GLIBENCLAMIDA + METFORMINA;2014-12-01;2015-04-01;BAJA, por demanda
ALTA;A10J  BIGUANIDAS ANTIDIABETICA;PSICOFARMA;MIDAPHARMA;2005-03-01;MIDAPHARMA CAPS 500 MG /5 60;GLIBENCLAMIDA + METFORMINA;2017-04-01;2017-08-01;ALTA, por demanda
BAJA;A10J  BIGUANIDAS ANTIDIABETICA;RANBAXY, S.A.;METFOR/GLIME GI RA;2012-10-01;METFOR/GLIME GI RA TABL 500 MG /1MG 32;GLIMEPIRIDA + METFORMINA;2014-04-01;2014-08-01;lanzamiento
ALTA;A10J  BIGUANIDAS ANTIDIABETICA;KENER CORP.;METFORMINA G.I K;2008-05-01;METFORMINA G.I K TABL 850 MG 30;METFORMINA;2014-12-01;2015-04-01;BAJA, por demanda
BAJA;A10J  BIGUANIDAS ANTIDIABETICA;KENER CORP.;METFORMINA G.I K;2008-05-01;METFORMINA G.I K TABL 850 MG 30;METFORMINA;2015-04-01;2015-08-01;lanzamiento
ALTA;A10J  BIGUANIDAS ANTIDIABETICA;KENER CORP.;METFORMINA G.I K;2008-05-01;METFORMINA G.I K TABL 850 MG 30;METFORMINA;2017-04-01;2017-08-01;ALTA, por demanda
BAJA;A10J  BIGUANIDAS ANTIDIABETICA;KENER CORP.;METFORMINA G.I K;2008-05-01;METFORMINA G.I K TABL 850 MG 30;METFORMINA;2018-04-01;2018-08-01;BAJA, por demanda
ALTA;A10J  BIGUANIDAS ANTIDIABETICA;KENER CORP.;METFORMINA G.I K;2008-05-01;METFORMINA G.I K TABL 850 MG 30;METFORMINA;2018-08-01;2018-12-01;ALTA, por demanda
BAJA;A10J  BIGUANIDAS ANTIDIABETICA;GENETICA LABORATORIOS SA DE CV;ROBERGEN;2012-04-01;ROBERGEN TABL 850 MG 30;METFORMINA;2016-04-01;2016-08-01;lanzamiento
ALTA;A10J  BIGUANIDAS ANTIDIABETICA;GENETICA LABORATORIOS SA DE CV;ROBERGEN;2012-04-01;ROBERGEN TABL 850 MG 30;METFORMINA;2016-12-01;2017-04-01;BAJA, por demanda
BAJA;A10J  BIGUANIDAS ANTIDIABETICA;GENETICA LABORATORIOS SA DE CV;ROBERGEN;2012-04-01;ROBERGEN TABL 850 MG 30;METFORMINA;2018-12-01;2019-04-01;ALTA, por demanda
ALTA;A10J  BIGUANIDAS ANTIDIABETICA;PROTEIN-APOTEX;METFORM/GLIB G.I P;2005-11-01;METFORM/GLIB G.I P TABL 500 MG 5.0 60;GLIBENCLAMIDA + METFORMINA;2014-08-01;2014-12-01;ALTA, por demanda
BAJA;A10J  BIGUANIDAS ANTIDIABETICA;PROTEIN-APOTEX;METFORM/GLIB G.I P;2005-11-01;METFORM/GLIB G.I P TABL 500 MG 5.0 60;GLIBENCLAMIDA + METFORMINA;2018-12-01;2019-04-01;ALTA, por demanda
BAJA;A10J  BIGUANIDAS ANTIDIABETICA;SILANES CORP.;GLINORBORAL COMP;1989-01-01;GLINORBORAL COMPUE TABL 5 MG /50 40;FENFORMINA + GLIBENCLAMIDA;2016-04-01;2016-08-01;lanzamiento
BAJA;A10J  BIGUANIDAS ANTIDIABETICA;SILANES CORP.;GLINORBORAL COMP;1989-01-01;GLINORBORAL COMPUE TABL 5 MG /50 40;FENFORMINA + GLIBENCLAMIDA;2016-12-01;2017-04-01;BAJA, por demanda
BAJA;A10J  BIGUANIDAS ANTIDIABETICA;SILANES CORP.;GLINORBORAL COMP;1989-01-01;GLINORBORAL COMPUE TABL 5 MG /50 40;FENFORMINA + GLIBENCLAMIDA;2018-04-01;2018-08-01;BAJA, por demanda
ALTA;A10J  BIGUANIDAS ANTIDIABETICA;ALPHARMA;PHARMAFET;2005-11-01;PHARMAFET TABL 850 MG 30;METFORMINA;2016-04-01;2016-08-01;BAJA, por demanda
ALTA;A10J  BIGUANIDAS ANTIDIABETICA;ALPHARMA;PHARMAFET;2005-11-01;PHARMAFET TABL 850 MG 30;METFORMINA;2017-08-01;2017-12-01;ALTA, por demanda
BAJA;A10J  BIGUANIDAS ANTIDIABETICA;SANFER CORP.;AKSPRI;2010-03-01;AKSPRI TABL 500 MG 30;METFORMINA;2016-04-01;2016-08-01;lanzamiento
BAJA;A10J  BIGUANIDAS ANTIDIABETICA;PFIZER CORPORATION;OBINESE;1972-12-01;OBINESE TABL 30;CLORPROPAMIDA + METFORMINA;2014-04-01;2014-08-01;lanzamiento
ALTA;A10J  BIGUANIDAS ANTIDIABETICA;MERCK;GLUCOVANCE;2001-03-01;GLUCOVANCE TABL 500 MG /5MG 60;GLIBENCLAMIDA + METFORMINA;2016-04-01;2016-08-01;BAJA, por demanda
BAJA;A10J  BIGUANIDAS ANTIDIABETICA;MERCK;GLUCOVANCE;2001-03-01;GLUCOVANCE TABL 500 MG /5MG 60;GLIBENCLAMIDA + METFORMINA;2018-12-01;2019-04-01;ALTA, por demanda
ALTA;A10J  BIGUANIDAS ANTIDIABETICA;SIEGFRIED-MED;DIMEFOR XR;2018-09-01;DIMEFOR XR TABL 750 MG 60;METFORMINA;2018-08-01;2018-12-01;ALTA, por demanda
ALTA;A10J  BIGUANIDAS ANTIDIABETICA;PROTEIN-APOTEX;APOMETGLU;2004-09-01;APOMETGLU TABL 5 MG /500 60;GLIBENCLAMIDA + METFORMINA;2016-12-01;2017-04-01;BAJA, por demanda
ALTA;A10J  BIGUANIDAS ANTIDIABETICA;DEGORTS;METFOR/GLIBE G.I D;2015-06-01;METFOR/GLIBE G.I D TABL 500 MG /5MG 30;GLIBENCLAMIDA + METFORMINA;2015-08-01;2015-12-01;ALTA, por demanda
BAJA;A10J  BIGUANIDAS ANTIDIABETICA;DEGORTS;METFOR/GLIBE G.I D;2015-06-01;METFOR/GLIBE G.I D TABL 500 MG /5MG 30;GLIBENCLAMIDA + METFORMINA;2015-12-01;2016-04-01;lanzamiento
ALTA;A10J  BIGUANIDAS ANTIDIABETICA;GENETICA LABORATORIOS SA DE CV;ROBERGEN;2013-05-01;ROBERGEN TABL 850 MG 50;METFORMINA;2014-08-01;2014-12-01;ALTA, por demanda
ALTA;A10J  BIGUANIDAS ANTIDIABETICA;GENETICA LABORATORIOS SA DE CV;ROBERGEN;2013-05-01;ROBERGEN TABL 850 MG 50;METFORMINA;2015-12-01;2016-04-01;BAJA, por demanda
ALTA;A10J  BIGUANIDAS ANTIDIABETICA;GENETICA LABORATORIOS SA DE CV;ROBERGEN;2013-05-01;ROBERGEN TABL 850 MG 50;METFORMINA;2016-08-01;2016-12-01;ALTA, por demanda
ALTA;A10J  BIGUANIDAS ANTIDIABETICA;GENETICA LABORATORIOS SA DE CV;ROBERGEN;2013-05-01;ROBERGEN TABL 850 MG 50;METFORMINA;2017-12-01;2018-04-01;BAJA, por demanda
ALTA;A10J  BIGUANIDAS ANTIDIABETICA;GENETICA LABORATORIOS SA DE CV;ROBERGEN;2013-05-01;ROBERGEN TABL 850 MG 50;METFORMINA;2018-04-01;2018-08-01;BAJA, por demanda
ALTA;A10J  BIGUANIDAS ANTIDIABETICA;DEGORTS;GLIB/METFOR GI DEG;2017-11-01;GLIB/METFOR GI DEG TABL 5 MG /500 60;GLIBENCLAMIDA + METFORMINA;2017-12-01;2018-04-01;BAJA, por demanda
BAJA;A10J  BIGUANIDAS ANTIDIABETICA;MERCK;GLUCOVANCE;2001-03-01;GLUCOVANCE TABL 250 MG /1.2 5 MG 60;GLIBENCLAMIDA + METFORMINA;2017-08-01;2017-12-01;lanzamiento
BAJA;A10J  BIGUANIDAS ANTIDIABETICA;MERCK;GLUCOVANCE;2001-03-01;GLUCOVANCE TABL 250 MG /1.2 5 MG 60;GLIBENCLAMIDA + METFORMINA;2017-12-01;2018-04-01;BAJA, por demanda
ALTA;A10J  BIGUANIDAS ANTIDIABETICA;MERCK;GLUCOVANCE;2001-03-01;GLUCOVANCE TABL 500 MG /2.5 MG 60;GLIBENCLAMIDA + METFORMINA;2015-08-01;2015-12-01;ALTA, por demanda
ALTA;A10J  BIGUANIDAS ANTIDIABETICA;VICTORY ENTERPRISE;MEVICFOR;2006-09-01;MEVICFOR TABL 850 MG 30;METFORMINA;2015-04-01;2015-08-01;ALTA, por demanda
ALTA;A10J  BIGUANIDAS ANTIDIABETICA;VICTORY ENTERPRISE;MEVICFOR;2006-09-01;MEVICFOR TABL 850 MG 30;METFORMINA;2015-12-01;2016-04-01;BAJA, por demanda
ALTA;A10J  BIGUANIDAS ANTIDIABETICA;VICTORY ENTERPRISE;MEVICFOR;2006-09-01;MEVICFOR TABL 850 MG 30;METFORMINA;2016-12-01;2017-04-01;BAJA, por demanda
ALTA;A10J  BIGUANIDAS ANTIDIABETICA;COLLINS;ANGLUCID;2004-06-01;ANGLUCID TABL 500 MG 100;METFORMINA;2015-04-01;2015-08-01;ALTA, por demanda
ALTA;A10J  BIGUANIDAS ANTIDIABETICA;MAVI;METFORM/GLIB G.I M;2009-02-01;METFORM/GLIB G.I M TABL 500 MG /2.5 30;GLIBENCLAMIDA + METFORMINA;2014-12-01;2015-04-01;BAJA, por demanda
BAJA;A10J  BIGUANIDAS ANTIDIABETICA;KENER CORP.;FORMIDAL;2011-02-01;FORMIDAL TABL 850 MG 30;METFORMINA;2014-12-01;2015-04-01;lanzamiento
ALTA;A10J  BIGUANIDAS ANTIDIABETICA;MAVER;METFORM/GLIB G.I M;2010-07-01;METFORM/GLIB G.I M TABL 500 MG /2.5 60;GLIBENCLAMIDA + METFORMINA;2017-12-01;2018-04-01;BAJA, por demanda
BAJA;A10J  BIGUANIDAS ANTIDIABETICA;MAVER;METFORM/GLIB G.I M;2010-07-01;METFORM/GLIB G.I M TABL 500 MG /2.5 60;GLIBENCLAMIDA + METFORMINA;2018-04-01;2018-08-01;BAJA, por demanda
ALTA;A10J  BIGUANIDAS ANTIDIABETICA;SIEGFRIED-MED;DIMEFOR;2011-11-01;DIMEFOR TABL 500 MG 30;METFORMINA;2015-04-01;2015-08-01;ALTA, por demanda
ALTA;A10J  BIGUANIDAS ANTIDIABETICA;ALPHARMA;PHARMAFET LB;2016-09-01;PHARMAFET LB TABL 500 MG 30;METFORMINA;2016-12-01;2017-04-01;BAJA, por demanda
ALTA;A10J  BIGUANIDAS ANTIDIABETICA;ALPHARMA;PHARMAFET LB;2016-09-01;PHARMAFET LB TABL 500 MG 30;METFORMINA;2018-04-01;2018-08-01;BAJA, por demanda
ALTA;A10J  BIGUANIDAS ANTIDIABETICA;ARLEX;MIFELAR;2010-08-01;MIFELAR TABL 500 MG 60;METFORMINA;2017-04-01;2017-08-01;ALTA, por demanda
BAJA;A10J  BIGUANIDAS ANTIDIABETICA;PISA;METFOR/GLIB G.I PI;2010-08-01;METFOR/GLIB G.I PI TABL 500 MG /5MG 30;GLIBENCLAMIDA + METFORMINA;2014-08-01;2014-12-01;ALTA, por demanda
ALTA;A10J  BIGUANIDAS ANTIDIABETICA;PISA;METFOR/GLIB G.I PI;2010-08-01;METFOR/GLIB G.I PI TABL 500 MG /5MG 30;GLIBENCLAMIDA + METFORMINA;2014-12-01;2015-04-01;BAJA, por demanda
ALTA;A10J  BIGUANIDAS ANTIDIABETICA;ARMSTRONG;DEBEONE;2001-10-01;DEBEONE TABL N.F. 500 MG 30;METFORMINA;2015-12-01;2016-04-01;BAJA, por demanda
BAJA;A10J  BIGUANIDAS ANTIDIABETICA;ARMSTRONG;DEBEONE;2001-10-01;DEBEONE TABL N.F. 500 MG 30;METFORMINA;2016-04-01;2016-08-01;lanzamiento
BAJA;A10J  BIGUANIDAS ANTIDIABETICA;ARMSTRONG;DEBEONE;2001-10-01;DEBEONE TABL N.F. 500 MG 30;METFORMINA;2017-08-01;2017-12-01;lanzamiento
BAJA;A10J  BIGUANIDAS ANTIDIABETICA;SILANES CORP.;GLIMETAL;2011-09-01;GLIMETAL TABL 500 MG /1MG 1+1 32;GLIMEPIRIDA + METFORMINA;2014-08-01;2014-12-01;ALTA, por demanda
BAJA;A10J  BIGUANIDAS ANTIDIABETICA;PROTEIN-APOTEX;METFORM/GLIB G.I P;2006-07-01;METFORM/GLIB G.I P TABL 500 MG /2.5 30;GLIBENCLAMIDA + METFORMINA;2016-12-01;2017-04-01;BAJA, por demanda
BAJA;A10J  BIGUANIDAS ANTIDIABETICA;PROTEIN-APOTEX;METFORM/GLIB G.I P;2006-07-01;METFORM/GLIB G.I P TABL 500 MG /2.5 30;GLIBENCLAMIDA + METFORMINA;2018-04-01;2018-08-01;BAJA, por demanda
ALTA;A10J  BIGUANIDAS ANTIDIABETICA;NOVAG INFANCIA, S.A. DE C.V.;GLUNOVAG;2015-03-01;GLUNOVAG TABL 500 MG 60;METFORMINA;2016-08-01;2016-12-01;ALTA, por demanda
ALTA;A10J  BIGUANIDAS ANTIDIABETICA;SANOFI CORP;AMARYL M;2008-08-01;AMARYL M TABL 2 MG /100 16;GLIMEPIRIDA + METFORMINA;2015-04-01;2015-08-01;ALTA, por demanda
BAJA;A10J  BIGUANIDAS ANTIDIABETICA;SANOFI CORP;AMARYL M;2008-08-01;AMARYL M TABL 2 MG /100 16;GLIMEPIRIDA + METFORMINA;2016-04-01;2016-08-01;lanzamiento
BAJA;A10J  BIGUANIDAS ANTIDIABETICA;SANOFI CORP;AMARYL M;2008-08-01;AMARYL M TABL 2 MG /100 16;GLIMEPIRIDA + METFORMINA;2017-12-01;2018-04-01;BAJA, por demanda
ALTA;A10J  BIGUANIDAS ANTIDIABETICA;ALPHARMA;METFOR/GLIBEN GI A;2016-09-01;METFOR/GLIBEN GI A TABL 500 MG /5MG 60;GLIBENCLAMIDA + METFORMINA;2018-04-01;2018-08-01;BAJA, por demanda
ALTA;A10J  BIGUANIDAS ANTIDIABETICA;COLLINS;METFORM/GLIB G.I C;2006-07-01;METFORM/GLIB G.I C TABL 500 MG /5MG 30;GLIBENCLAMIDA + METFORMINA;2014-12-01;2015-04-01;BAJA, por demanda
ALTA;A10J  BIGUANIDAS ANTIDIABETICA;SILANES CORP.;GLIMETAL LEX;2007-02-01;GLIMETAL LEX TABL LIB PRO 4 MG /850 16;GLIMEPIRIDA + METFORMINA;2014-08-01;2014-12-01;ALTA, por demanda
BAJA;A10J  BIGUANIDAS ANTIDIABETICA;SILANES CORP.;GLIMETAL LEX;2007-02-01;GLIMETAL LEX TABL LIB PRO 4 MG /850 16;GLIMEPIRIDA + METFORMINA;2018-04-01;2018-08-01;BAJA, por demanda
BAJA;A10J  BIGUANIDAS ANTIDIABETICA;SILANES CORP.;GLIMETAL LEX;2007-02-01;GLIMETAL LEX TABL LIB PRO 4 MG /850 16;GLIMEPIRIDA + METFORMINA;2018-12-01;2019-04-01;ALTA, por demanda
BAJA;A10J  BIGUANIDAS ANTIDIABETICA;SILANES CORP.;GLIMETAL;2011-09-01;GLIMETAL TABL 1000 MG /4MG 1+1 16;GLIMEPIRIDA + METFORMINA;2014-04-01;2014-08-01;lanzamiento
