BAJA;D01A  ANTIMICOTICOS DERMATOLOG;MAVER;CLOTRIMAZOL G.I MA;2012-10-01;CLOTRIMAZOL G.I MA CREMA 10 MG 20 G;CLOTRIMAZOL;2017-08-01;2017-12-01;ALTA, por demanda
ALTA;D01A  ANTIMICOTICOS DERMATOLOG;GENOMA LAB INT;SILKA-MEDIC;2008-08-01;SILKA-MEDIC GEL 15 G;TERBINAFINA;2014-12-01;2015-04-01;ALTA, por demanda
BAJA;D01A  ANTIMICOTICOS DERMATOLOG;GENOMA LAB INT;SILKA-MEDIC;2008-08-01;SILKA-MEDIC GEL 15 G;TERBINAFINA;2015-04-01;2015-08-01;lanzamiento
BAJA;D01A  ANTIMICOTICOS DERMATOLOG;GENOMA LAB INT;SILKA-MEDIC;2008-08-01;SILKA-MEDIC GEL 15 G;TERBINAFINA;2016-04-01;2016-08-01;lanzamiento
ALTA;D01A  ANTIMICOTICOS DERMATOLOG;GENOMA LAB INT;SILKA-MEDIC;2008-08-01;SILKA-MEDIC GEL 15 G;TERBINAFINA;2017-12-01;2018-04-01;ALTA, por demanda
ALTA;D01A  ANTIMICOTICOS DERMATOLOG;SANFER CORP.;TING I.R.;1995-08-01;TING I.R. POLVO 45 G;ACIDO UNDECILENICO + TRICLOSAN;2014-12-01;2015-04-01;ALTA, por demanda
ALTA;D01A  ANTIMICOTICOS DERMATOLOG;SANFER CORP.;TING I.R.;1995-08-01;TING I.R. POLVO 45 G;ACIDO UNDECILENICO + TRICLOSAN;2015-08-01;2015-12-01;ALTA, por demanda
BAJA;D01A  ANTIMICOTICOS DERMATOLOG;SANFER CORP.;TING I.R.;1995-08-01;TING I.R. POLVO 45 G;ACIDO UNDECILENICO + TRICLOSAN;2016-04-01;2016-08-01;lanzamiento
ALTA;D01A  ANTIMICOTICOS DERMATOLOG;SANFER CORP.;TING I.R.;1995-08-01;TING I.R. POLVO 45 G;ACIDO UNDECILENICO + TRICLOSAN;2016-08-01;2016-12-01;ALTA, por demanda
BAJA;D01A  ANTIMICOTICOS DERMATOLOG;SANFER CORP.;TING I.R.;1995-08-01;TING I.R. POLVO 45 G;ACIDO UNDECILENICO + TRICLOSAN;2016-12-01;2017-04-01;lanzamiento
ALTA;D01A  ANTIMICOTICOS DERMATOLOG;SANFER CORP.;TING I.R.;1995-08-01;TING I.R. POLVO 45 G;ACIDO UNDECILENICO + TRICLOSAN;2017-08-01;2017-12-01;ALTA, por demanda
BAJA;D01A  ANTIMICOTICOS DERMATOLOG;GRISI CORP.;EXCELSIOR-MIC;2007-04-01;EXCELSIOR-MIC SOL ATOMIZ 30 ML;TOLNAFTATO;2014-12-01;2015-04-01;lanzamiento
BAJA;D01A  ANTIMICOTICOS DERMATOLOG;GLAXO SMITHKLINE CORP.;LAMISIL AT;2010-04-01;LAMISIL CREMA 1 % 30G+ LAMIS CRA 15 G;TERBINAFINA;2014-04-01;2014-08-01;lanzamiento
ALTA;D01A  ANTIMICOTICOS DERMATOLOG;GLAXO SMITHKLINE CORP.;LAMISIL AT;2010-04-01;LAMISIL CREMA 1 % 30G+ LAMIS CRA 15 G;TERBINAFINA;2017-04-01;2017-08-01;BAJA, por demanda
ALTA;D01A  ANTIMICOTICOS DERMATOLOG;GLAXO SMITHKLINE CORP.;LAMISIL AT;2010-04-01;LAMISIL CREMA 1 % 30G+ LAMIS CRA 15 G;TERBINAFINA;2017-12-01;2018-04-01;ALTA, por demanda
BAJA;D01A  ANTIMICOTICOS DERMATOLOG;GLAXO SMITHKLINE CORP.;LAMISIL AT;2010-04-01;LAMISIL CREMA 1 % 30G+ LAMIS CRA 15 G;TERBINAFINA;2018-04-01;2018-08-01;BAJA, por demanda
ALTA;D01A  ANTIMICOTICOS DERMATOLOG;GLAXO SMITHKLINE CORP.;LAMISIL AT;2002-05-01;LAMISIL AT CRA 7.5 G;TERBINAFINA;2015-08-01;2015-12-01;ALTA, por demanda
ALTA;D01A  ANTIMICOTICOS DERMATOLOG;GLAXO SMITHKLINE CORP.;LAMISIL AT;2002-05-01;LAMISIL AT CRA 7.5 G;TERBINAFINA;2015-12-01;2016-04-01;BAJA, por demanda
ALTA;D01A  ANTIMICOTICOS DERMATOLOG;MAVI;KETOCONAZOL G.I MA;2010-12-01;KETOCONAZOL G.I MA CREMA 40 G;KETOCONAZOL;2016-12-01;2017-04-01;BAJA, por demanda
BAJA;D01A  ANTIMICOTICOS DERMATOLOG;CORPORATIVO RAYERE;ONOFIN-K;2003-01-01;ONOFIN-K CREMA 30 G;KETOCONAZOL;2015-04-01;2015-08-01;lanzamiento
ALTA;D01A  ANTIMICOTICOS DERMATOLOG;CORPORATIVO RAYERE;ONOFIN-K;2003-01-01;ONOFIN-K CREMA 30 G;KETOCONAZOL;2016-04-01;2016-08-01;BAJA, por demanda
BAJA;D01A  ANTIMICOTICOS DERMATOLOG;CORPORATIVO RAYERE;ONOFIN-K;2003-01-01;ONOFIN-K CREMA 30 G;KETOCONAZOL;2018-04-01;2018-08-01;BAJA, por demanda
BAJA;D01A  ANTIMICOTICOS DERMATOLOG;SANFER CORP.;DESENEX;1993-04-01;DESENEX UNGT 72 G;ACIDO UNDECILENICO;2015-08-01;2015-12-01;lanzamiento
ALTA;D01A  ANTIMICOTICOS DERMATOLOG;SANFER CORP.;DESENEX;1993-04-01;DESENEX UNGT 72 G;ACIDO UNDECILENICO;2017-08-01;2017-12-01;ALTA, por demanda
BAJA;D01A  ANTIMICOTICOS DERMATOLOG;SANFER CORP.;DESENEX;1993-04-01;DESENEX UNGT 72 G;ACIDO UNDECILENICO;2018-12-01;2019-04-01;BAJA, por demanda
BAJA;D01A  ANTIMICOTICOS DERMATOLOG;LIOMONT, CORPORATION;CONAZOL K;2007-02-01;CONAZOL-K AEROSOL 160 G;KETOCONAZOL;2014-04-01;2014-08-01;lanzamiento
ALTA;D01A  ANTIMICOTICOS DERMATOLOG;LIOMONT, CORPORATION;CONAZOL K;2007-02-01;CONAZOL-K AEROSOL 160 G;KETOCONAZOL;2016-04-01;2016-08-01;BAJA, por demanda
BAJA;D01A  ANTIMICOTICOS DERMATOLOG;SANFER CORP.;TING I.R.;2016-08-01;TING I.R. TALCO AERO. 2PAC 80 G;ACIDO UNDECILENICO + TRICLOSAN;2016-08-01;2016-12-01;lanzamiento
BAJA;D01A  ANTIMICOTICOS DERMATOLOG;SANFER CORP.;TING I.R.;2016-08-01;TING I.R. TALCO AERO. 2PAC 80 G;ACIDO UNDECILENICO + TRICLOSAN;2016-12-01;2017-04-01;lanzamiento
BAJA;D01A  ANTIMICOTICOS DERMATOLOG;STIEFEL;ZNP;1991-01-01;ZNP CHMP. 1.50 % 120 ML;PIRITIONATO DE ZINC;2016-04-01;2016-08-01;lanzamiento
ALTA;D01A  ANTIMICOTICOS DERMATOLOG;STIEFEL;ZNP;1991-01-01;ZNP CHMP. 1.50 % 120 ML;PIRITIONATO DE ZINC;2017-04-01;2017-08-01;BAJA, por demanda
BAJA;D01A  ANTIMICOTICOS DERMATOLOG;SANOFI CORP;SELSUN ORO;1983-07-01;SELSUN ORO CHMP.NORMAL 2.50 % 210 ML;DISULFURO DE SELENIO;2016-12-01;2017-04-01;lanzamiento
ALTA;D01A  ANTIMICOTICOS DERMATOLOG;SANOFI CORP;SELSUN ORO;1983-07-01;SELSUN ORO CHMP.NORMAL 2.50 % 210 ML;DISULFURO DE SELENIO;2017-08-01;2017-12-01;ALTA, por demanda
BAJA;D01A  ANTIMICOTICOS DERMATOLOG;LIOMONT, CORPORATION;CONAZOL K;1996-06-01;CONAZOL K CREMA 20 MG /1G 40 G;KETOCONAZOL;2015-04-01;2015-08-01;lanzamiento
BAJA;D01A  ANTIMICOTICOS DERMATOLOG;LIOMONT, CORPORATION;CONAZOL K;1996-06-01;CONAZOL K CREMA 20 MG /1G 40 G;KETOCONAZOL;2015-12-01;2016-04-01;lanzamiento
BAJA;D01A  ANTIMICOTICOS DERMATOLOG;LIOMONT, CORPORATION;CONAZOL K;1996-06-01;CONAZOL K CREMA 20 MG /1G 40 G;KETOCONAZOL;2016-04-01;2016-08-01;lanzamiento
BAJA;D01A  ANTIMICOTICOS DERMATOLOG;LIOMONT, CORPORATION;CONAZOL K;1996-06-01;CONAZOL K CREMA 20 MG /1G 40 G;KETOCONAZOL;2016-12-01;2017-04-01;lanzamiento
BAJA;D01A  ANTIMICOTICOS DERMATOLOG;LIOMONT, CORPORATION;CONAZOL K;1996-06-01;CONAZOL K CREMA 20 MG /1G 40 G;KETOCONAZOL;2018-04-01;2018-08-01;BAJA, por demanda
BAJA;D01A  ANTIMICOTICOS DERMATOLOG;BAYER CORP.;LOTRIMIN;2006-06-01;LOTRIMIN AERO 2 % 150 G;MICONAZOL;2016-04-01;2016-08-01;lanzamiento
BAJA;D01A  ANTIMICOTICOS DERMATOLOG;BAYER CORP.;LOTRIMIN;2006-06-01;LOTRIMIN AERO 2 % 150 G;MICONAZOL;2017-04-01;2017-08-01;lanzamiento
BAJA;D01A  ANTIMICOTICOS DERMATOLOG;SANFER CORP.;TING I.R.;2016-08-01;TING I.R. CREMA+TALCO 28G+ 85G;ACIDO UNDECILENICO + TRICLOSAN;2017-12-01;2018-04-01;lanzamiento
ALTA;D01A  ANTIMICOTICOS DERMATOLOG;QUIMICA SON S;CANDIPHEN;2004-01-01;CANDIPHEN CREMA 30 G;CLOTRIMAZOL;2015-04-01;2015-08-01;BAJA, por demanda
BAJA;D01A  ANTIMICOTICOS DERMATOLOG;QUIMICA SON S;CANDIPHEN;2004-01-01;CANDIPHEN CREMA 30 G;CLOTRIMAZOL;2017-12-01;2018-04-01;lanzamiento
BAJA;D01A  ANTIMICOTICOS DERMATOLOG;SANFER CORP.;TING I.R.;1993-01-01;TING I.R. TALCO AERO. 150 G;ACIDO UNDECILENICO + TRICLOSAN;2016-04-01;2016-08-01;lanzamiento
BAJA;D01A  ANTIMICOTICOS DERMATOLOG;SANFER CORP.;TING I.R.;1993-01-01;TING I.R. TALCO AERO. 150 G;ACIDO UNDECILENICO + TRICLOSAN;2016-08-01;2016-12-01;lanzamiento
ALTA;D01A  ANTIMICOTICOS DERMATOLOG;SANFER CORP.;TING I.R.;1993-01-01;TING I.R. TALCO AERO. 150 G;ACIDO UNDECILENICO + TRICLOSAN;2018-08-01;2018-12-01;ALTA, por demanda
ALTA;D01A  ANTIMICOTICOS DERMATOLOG;ARLEX;FINMILEX;2016-03-01;FINMILEX CREMA 1 % 30 G;TERBINAFINA;2016-08-01;2016-12-01;ALTA, por demanda
ALTA;D01A  ANTIMICOTICOS DERMATOLOG;GENOMA LAB INT;MICOTEX;1991-04-01;MICOTEX UNGT 40 G;ACIDO UNDECILENICO + ALUMINIO ZIRCONIO + UNDECILENATO DE ZINC;2014-04-01;2014-08-01;BAJA, por demanda
BAJA;D01A  ANTIMICOTICOS DERMATOLOG;POEN VISION S.A. DE C.V.;PIRIMED;1997-07-01;PIRIMED CHMP. 2 % 120 ML;PIRITIONATO DE ZINC;2014-12-01;2015-04-01;lanzamiento
BAJA;D01A  ANTIMICOTICOS DERMATOLOG;POEN VISION S.A. DE C.V.;PIRIMED;1997-07-01;PIRIMED CHMP. 2 % 120 ML;PIRITIONATO DE ZINC;2017-12-01;2018-04-01;lanzamiento
BAJA;D01A  ANTIMICOTICOS DERMATOLOG;POEN VISION S.A. DE C.V.;PIRIMED;1997-07-01;PIRIMED CHMP. 2 % 120 ML;PIRITIONATO DE ZINC;2018-12-01;2019-04-01;BAJA, por demanda
ALTA;D01A  ANTIMICOTICOS DERMATOLOG;ARLEX;ISOCONAZOL G.I AR;2006-08-01;ISOCONAZOL G.I AR CREMA 20 G;ISOCONAZOL;2014-12-01;2015-04-01;ALTA, por demanda
ALTA;D01A  ANTIMICOTICOS DERMATOLOG;ARLEX;ISOCONAZOL G.I AR;2006-08-01;ISOCONAZOL G.I AR CREMA 20 G;ISOCONAZOL;2018-04-01;2018-08-01;BAJA, por demanda
ALTA;D01A  ANTIMICOTICOS DERMATOLOG;GRUPO FARMACEUTICO SOMAR;BINAFEX;2005-04-01;BINAFEX CREMA 1 % 15 G;TERBINAFINA;2015-12-01;2016-04-01;BAJA, por demanda
BAJA;D01A  ANTIMICOTICOS DERMATOLOG;GRUPO FARMACEUTICO SOMAR;BINAFEX;2005-04-01;BINAFEX CREMA 1 % 15 G;TERBINAFINA;2017-08-01;2017-12-01;ALTA, por demanda
ALTA;D01A  ANTIMICOTICOS DERMATOLOG;JOHNSON+JOHNSON CO;ALOID;2007-09-01;ALOID CREMA 20 G /1G 40 G;MICONAZOL;2014-04-01;2014-08-01;BAJA, por demanda
ALTA;D01A  ANTIMICOTICOS DERMATOLOG;JOHNSON+JOHNSON CO;ALOID;2007-09-01;ALOID CREMA 20 G /1G 40 G;MICONAZOL;2014-08-01;2014-12-01;ALTA, por demanda
ALTA;D01A  ANTIMICOTICOS DERMATOLOG;JOHNSON+JOHNSON CO;ALOID;2007-09-01;ALOID CREMA 20 G /1G 40 G;MICONAZOL;2016-08-01;2016-12-01;ALTA, por demanda
BAJA;D01A  ANTIMICOTICOS DERMATOLOG;JOHNSON+JOHNSON CO;ALOID;2007-09-01;ALOID CREMA 20 G /1G 40 G;MICONAZOL;2018-04-01;2018-08-01;BAJA, por demanda
BAJA;D01A  ANTIMICOTICOS DERMATOLOG;RAGAR;MICONAZOL GI RAGA;2015-07-01;MICONAZOL GI RAGA CREMA 2 % 20 G;MICONAZOL;2016-12-01;2017-04-01;lanzamiento
ALTA;D01A  ANTIMICOTICOS DERMATOLOG;RAGAR;MICONAZOL GI RAGA;2015-07-01;MICONAZOL GI RAGA CREMA 2 % 20 G;MICONAZOL;2018-12-01;2019-04-01;BAJA, por demanda
ALTA;D01A  ANTIMICOTICOS DERMATOLOG;CIA INTER COMERCIO;DERMAN;1973-08-01;DERMAN POLVO 80 G;ACIDO UNDECILENICO;2014-12-01;2015-04-01;ALTA, por demanda
BAJA;D01A  ANTIMICOTICOS DERMATOLOG;CIA INTER COMERCIO;DERMAN;1973-08-01;DERMAN POLVO 80 G;ACIDO UNDECILENICO;2016-04-01;2016-08-01;lanzamiento
ALTA;D01A  ANTIMICOTICOS DERMATOLOG;CIA INTER COMERCIO;DERMAN;1973-08-01;DERMAN POLVO 80 G;ACIDO UNDECILENICO;2018-08-01;2018-12-01;ALTA, por demanda
ALTA;D01A  ANTIMICOTICOS DERMATOLOG;ARLEX;KETOCONAZOL G.I AR;2006-03-01;KETOCONAZOL G.I AR CREMA 30 G;KETOCONAZOL;2014-04-01;2014-08-01;BAJA, por demanda
ALTA;D01A  ANTIMICOTICOS DERMATOLOG;ARLEX;KETOCONAZOL G.I AR;2006-03-01;KETOCONAZOL G.I AR CREMA 30 G;KETOCONAZOL;2016-12-01;2017-04-01;BAJA, por demanda
BAJA;D01A  ANTIMICOTICOS DERMATOLOG;NESTLE CO;LOCERYL;1994-10-01;LOCERYL SOLN 5 % 2.50 ML;AMOROLFINA;2017-08-01;2017-12-01;ALTA, por demanda
ALTA;D01A  ANTIMICOTICOS DERMATOLOG;LIOMONT, CORPORATION;MYCELVAN;2014-02-01;MYCELVAN CREMA 8.88 MG 15G+ MYCEL CRA 30 G;TERBINAFINA;2014-12-01;2015-04-01;ALTA, por demanda
ALTA;D01A  ANTIMICOTICOS DERMATOLOG;LIOMONT, CORPORATION;MYCELVAN;2014-02-01;MYCELVAN CREMA 8.88 MG 15G+ MYCEL CRA 30 G;TERBINAFINA;2015-12-01;2016-04-01;BAJA, por demanda
ALTA;D01A  ANTIMICOTICOS DERMATOLOG;LIOMONT, CORPORATION;MYCELVAN;2014-02-01;MYCELVAN CREMA 8.88 MG 15G+ MYCEL CRA 30 G;TERBINAFINA;2016-12-01;2017-04-01;BAJA, por demanda
ALTA;D01A  ANTIMICOTICOS DERMATOLOG;LIOMONT, CORPORATION;MYCELVAN;2014-02-01;MYCELVAN CREMA 8.88 MG 15G+ MYCEL CRA 30 G;TERBINAFINA;2017-08-01;2017-12-01;ALTA, por demanda
BAJA;D01A  ANTIMICOTICOS DERMATOLOG;BIORESEARCH;BIODANTYL-C;2006-02-01;BIODANTYL-C CREMA 20 G;MICONAZOL;2014-04-01;2014-08-01;lanzamiento
ALTA;D01A  ANTIMICOTICOS DERMATOLOG;BIORESEARCH;BIODANTYL-C;2006-02-01;BIODANTYL-C CREMA 20 G;MICONAZOL;2014-08-01;2014-12-01;ALTA, por demanda
BAJA;D01A  ANTIMICOTICOS DERMATOLOG;BIORESEARCH;BIODANTYL-C;2006-02-01;BIODANTYL-C CREMA 20 G;MICONAZOL;2016-12-01;2017-04-01;lanzamiento
BAJA;D01A  ANTIMICOTICOS DERMATOLOG;BIORESEARCH;BIODANTYL-C;2006-02-01;BIODANTYL-C CREMA 20 G;MICONAZOL;2017-08-01;2017-12-01;ALTA, por demanda
BAJA;D01A  ANTIMICOTICOS DERMATOLOG;BIORESEARCH;BIODANTYL-C;2006-02-01;BIODANTYL-C CREMA 20 G;MICONAZOL;2018-04-01;2018-08-01;BAJA, por demanda
BAJA;D01A  ANTIMICOTICOS DERMATOLOG;GLAXO SMITHKLINE CORP.;LAMISIL AT;1993-05-01;LAMISIL AT CREMA 1 % 15 G;TERBINAFINA;2014-04-01;2014-08-01;lanzamiento
ALTA;D01A  ANTIMICOTICOS DERMATOLOG;GLAXO SMITHKLINE CORP.;LAMISIL AT;1993-05-01;LAMISIL AT CREMA 1 % 15 G;TERBINAFINA;2014-12-01;2015-04-01;ALTA, por demanda
BAJA;D01A  ANTIMICOTICOS DERMATOLOG;MEDIX CORP.;NEOMICOL;1981-02-01;NEOMICOL SOLN 20 MG /ML 15 ML;MICONAZOL;2015-08-01;2015-12-01;lanzamiento
BAJA;D01A  ANTIMICOTICOS DERMATOLOG;MEDIX CORP.;NEOMICOL;1981-02-01;NEOMICOL SOLN 20 MG /ML 15 ML;MICONAZOL;2016-08-01;2016-12-01;lanzamiento
ALTA;D01A  ANTIMICOTICOS DERMATOLOG;MEDIX CORP.;NEOMICOL;1981-02-01;NEOMICOL SOLN 20 MG /ML 15 ML;MICONAZOL;2017-04-01;2017-08-01;BAJA, por demanda
ALTA;D01A  ANTIMICOTICOS DERMATOLOG;LOEFFLER;NISCAMIL;2006-02-01;NISCAMIL CREMA 2.0 G 20 G;MICONAZOL;2014-12-01;2015-04-01;ALTA, por demanda
ALTA;D01A  ANTIMICOTICOS DERMATOLOG;LOEFFLER;NISCAMIL;2006-02-01;NISCAMIL CREMA 2.0 G 20 G;MICONAZOL;2015-08-01;2015-12-01;ALTA, por demanda
ALTA;D01A  ANTIMICOTICOS DERMATOLOG;LOEFFLER;NISCAMIL;2006-02-01;NISCAMIL CREMA 2.0 G 20 G;MICONAZOL;2015-12-01;2016-04-01;BAJA, por demanda
BAJA;D01A  ANTIMICOTICOS DERMATOLOG;NESTLE CO;ONYLAQ;2009-06-01;ONYLAQ SOL 5 % 2.5 ML;AMOROLFINA;2014-08-01;2014-12-01;lanzamiento
BAJA;D01A  ANTIMICOTICOS DERMATOLOG;NESTLE CO;ONYLAQ;2009-06-01;ONYLAQ SOL 5 % 2.5 ML;AMOROLFINA;2014-12-01;2015-04-01;lanzamiento
BAJA;D01A  ANTIMICOTICOS DERMATOLOG;NESTLE CO;ONYLAQ;2009-06-01;ONYLAQ SOL 5 % 2.5 ML;AMOROLFINA;2015-08-01;2015-12-01;lanzamiento
BAJA;D01A  ANTIMICOTICOS DERMATOLOG;NESTLE CO;ONYLAQ;2009-06-01;ONYLAQ SOL 5 % 2.5 ML;AMOROLFINA;2015-12-01;2016-04-01;lanzamiento
ALTA;D01A  ANTIMICOTICOS DERMATOLOG;PROTEIN-APOTEX;KLEANDROFF;2013-11-01;KLEANDROFF SHAMPO 2 % 120 G;KETOCONAZOL;2014-08-01;2014-12-01;ALTA, por demanda
BAJA;D01A  ANTIMICOTICOS DERMATOLOG;PROTEIN-APOTEX;KLEANDROFF;2013-11-01;KLEANDROFF SHAMPO 2 % 120 G;KETOCONAZOL;2016-12-01;2017-04-01;lanzamiento
BAJA;D01A  ANTIMICOTICOS DERMATOLOG;PROTEIN-APOTEX;KLEANDROFF;2013-11-01;KLEANDROFF SHAMPO 2 % 120 G;KETOCONAZOL;2018-12-01;2019-04-01;BAJA, por demanda
BAJA;D01A  ANTIMICOTICOS DERMATOLOG;MEDIX CORP.;NEOMICOL;1984-11-01;NEOMICOL CREMA 20 MG /G 20 G;MICONAZOL;2015-08-01;2015-12-01;lanzamiento
ALTA;D01A  ANTIMICOTICOS DERMATOLOG;MEDIX CORP.;NEOMICOL;1984-11-01;NEOMICOL CREMA 20 MG /G 20 G;MICONAZOL;2017-04-01;2017-08-01;BAJA, por demanda
BAJA;D01A  ANTIMICOTICOS DERMATOLOG;BAYER CORP.;MYCOSPOR ONICOSET;1992-01-01;MYCOSPOR ONICOSET POMADA 1 % 10 G;BIFONAZOL + UREA;2017-04-01;2017-08-01;lanzamiento
BAJA;D01A  ANTIMICOTICOS DERMATOLOG;BAYER CORP.;MYCOSPOR ONICOSET;1992-01-01;MYCOSPOR ONICOSET POMADA 1 % 10 G;BIFONAZOL + UREA;2017-12-01;2018-04-01;lanzamiento
ALTA;D01A  ANTIMICOTICOS DERMATOLOG;ARLEX;MICONAZOL G.I AR;2006-03-01;MICONAZOL G.I AR CREMA 2 G 20 G;MICONAZOL;2015-08-01;2015-12-01;ALTA, por demanda
ALTA;D01A  ANTIMICOTICOS DERMATOLOG;ARLEX;MICONAZOL G.I AR;2006-03-01;MICONAZOL G.I AR CREMA 2 G 20 G;MICONAZOL;2018-12-01;2019-04-01;BAJA, por demanda
ALTA;D01A  ANTIMICOTICOS DERMATOLOG;SANFER CORP.;TING I.R.;2007-09-01;TING I.R. CREMA 28 G 2X1;ACIDO UNDECILENICO + TRICLOSAN;2014-12-01;2015-04-01;ALTA, por demanda
BAJA;D01A  ANTIMICOTICOS DERMATOLOG;SANFER CORP.;TING I.R.;2007-09-01;TING I.R. CREMA 28 G 2X1;ACIDO UNDECILENICO + TRICLOSAN;2015-04-01;2015-08-01;lanzamiento
ALTA;D01A  ANTIMICOTICOS DERMATOLOG;MEDIX CORP.;SKIN CAP;1992-02-01;SKIN CAP SPRAY 100 ML;PIRITIONATO DE ZINC;2014-08-01;2014-12-01;ALTA, por demanda
ALTA;D01A  ANTIMICOTICOS DERMATOLOG;MEDIX CORP.;SKIN CAP;1992-02-01;SKIN CAP SPRAY 100 ML;PIRITIONATO DE ZINC;2017-08-01;2017-12-01;ALTA, por demanda
BAJA;D01A  ANTIMICOTICOS DERMATOLOG;MEDIX CORP.;SKIN CAP;1992-02-01;SKIN CAP SPRAY 100 ML;PIRITIONATO DE ZINC;2018-12-01;2019-04-01;BAJA, por demanda
BAJA;D01A  ANTIMICOTICOS DERMATOLOG;ALPHARMA;LOSIL C;2005-09-01;LOSIL C CREMA 1 % 20 G;TERBINAFINA;2015-12-01;2016-04-01;lanzamiento
BAJA;D01A  ANTIMICOTICOS DERMATOLOG;ALPHARMA;LOSIL C;2005-09-01;LOSIL C CREMA 1 % 20 G;TERBINAFINA;2018-08-01;2018-12-01;ALTA, por demanda
ALTA;D01A  ANTIMICOTICOS DERMATOLOG;BIOMEP S.A. DE C.V.;TERBINAFINA G.I BI;2011-04-01;TERBINAFINA G.I BI CREMA 15 G;TERBINAFINA;2014-04-01;2014-08-01;BAJA, por demanda
ALTA;D01A  ANTIMICOTICOS DERMATOLOG;BIOMEP S.A. DE C.V.;TERBINAFINA G.I BI;2011-04-01;TERBINAFINA G.I BI CREMA 15 G;TERBINAFINA;2015-04-01;2015-08-01;BAJA, por demanda
ALTA;D01A  ANTIMICOTICOS DERMATOLOG;BIOMEP S.A. DE C.V.;TERBINAFINA G.I BI;2011-04-01;TERBINAFINA G.I BI CREMA 15 G;TERBINAFINA;2017-04-01;2017-08-01;BAJA, por demanda
BAJA;D01A  ANTIMICOTICOS DERMATOLOG;KENER CORP.;MIBIFON;2014-04-01;MIBIFON UNG 1 GR 20 G;BIFONAZOL;2015-04-01;2015-08-01;lanzamiento
ALTA;D01A  ANTIMICOTICOS DERMATOLOG;KENER CORP.;MIBIFON;2014-04-01;MIBIFON UNG 1 GR 20 G;BIFONAZOL;2015-12-01;2016-04-01;BAJA, por demanda
BAJA;D01A  ANTIMICOTICOS DERMATOLOG;KENER CORP.;MIBIFON;2014-04-01;MIBIFON UNG 1 GR 20 G;BIFONAZOL;2017-04-01;2017-08-01;lanzamiento
BAJA;D01A  ANTIMICOTICOS DERMATOLOG;SANFER CORP.;DESENEX;1993-01-01;DESENEX AERO 80 G;ACIDO UNDECILENICO;2014-12-01;2015-04-01;lanzamiento
ALTA;D01A  ANTIMICOTICOS DERMATOLOG;SANFER CORP.;DESENEX;1993-01-01;DESENEX AERO 80 G;ACIDO UNDECILENICO;2015-08-01;2015-12-01;ALTA, por demanda
BAJA;D01A  ANTIMICOTICOS DERMATOLOG;SANFER CORP.;DESENEX;1993-01-01;DESENEX AERO 80 G;ACIDO UNDECILENICO;2017-04-01;2017-08-01;lanzamiento
BAJA;D01A  ANTIMICOTICOS DERMATOLOG;NOVAG INFANCIA, S.A. DE C.V.;KETOCONAZOL G.I N;2010-11-01;KETOCONAZOL G.I N CREMA 30 G;KETOCONAZOL;2017-04-01;2017-08-01;lanzamiento
ALTA;D01A  ANTIMICOTICOS DERMATOLOG;NOVAG INFANCIA, S.A. DE C.V.;KETOCONAZOL G.I N;2010-11-01;KETOCONAZOL G.I N CREMA 30 G;KETOCONAZOL;2018-04-01;2018-08-01;BAJA, por demanda
ALTA;D01A  ANTIMICOTICOS DERMATOLOG;NOVAG INFANCIA, S.A. DE C.V.;KETOCONAZOL G.I N;2010-11-01;KETOCONAZOL G.I N CREMA 30 G;KETOCONAZOL;2018-08-01;2018-12-01;ALTA, por demanda
BAJA;D01A  ANTIMICOTICOS DERMATOLOG;NOVAG INFANCIA, S.A. DE C.V.;KETOCONAZOL G.I N;2010-11-01;KETOCONAZOL G.I N CREMA 30 G;KETOCONAZOL;2018-12-01;2019-04-01;BAJA, por demanda
ALTA;D01A  ANTIMICOTICOS DERMATOLOG;BAYER CORP.;LOTRIMIN;2013-02-01;LOTRIMIN CREMA 1 % 192 X30 G;CLOTRIMAZOL;2014-04-01;2014-08-01;BAJA, por demanda
ALTA;D01A  ANTIMICOTICOS DERMATOLOG;GENOMA LAB INT;SILKA-MEDIC;2015-03-01;SILKA-MEDIC GEL 2 15 G;TERBINAFINA;2015-08-01;2015-12-01;ALTA, por demanda
BAJA;D01A  ANTIMICOTICOS DERMATOLOG;CARBEL;MICONAZOL G.I CAR;2008-03-01;MICONAZOL G.I CAR CRA 20 G;MICONAZOL;2014-08-01;2014-12-01;lanzamiento
BAJA;D01A  ANTIMICOTICOS DERMATOLOG;BAYER CORP.;TINADERM;1988-12-01;TINADERM SOLN 10 MG /1ML 20 ML;TOLNAFTATO;2014-12-01;2015-04-01;lanzamiento
BAJA;D01A  ANTIMICOTICOS DERMATOLOG;BAYER CORP.;TINADERM;1988-12-01;TINADERM SOLN 10 MG /1ML 20 ML;TOLNAFTATO;2016-12-01;2017-04-01;lanzamiento
BAJA;D01A  ANTIMICOTICOS DERMATOLOG;BAYER CORP.;TINADERM;1988-12-01;TINADERM SOLN 10 MG /1ML 20 ML;TOLNAFTATO;2017-04-01;2017-08-01;lanzamiento
BAJA;D01A  ANTIMICOTICOS DERMATOLOG;LIOMONT, CORPORATION;MYCELVAN;2010-02-01;MYCELVAN CREMA 8.88 MG 2X1 15 G;TERBINAFINA;2015-04-01;2015-08-01;lanzamiento
ALTA;D01A  ANTIMICOTICOS DERMATOLOG;PROTEIN-APOTEX;MICONAZOL G.I PRO;2015-04-01;MICONAZOL G.I PRO CREMA TUBO 20 MG /1G 2 20 G;MICONAZOL;2017-04-01;2017-08-01;BAJA, por demanda
ALTA;D01A  ANTIMICOTICOS DERMATOLOG;GLAXO SMITHKLINE CORP.;LAMISIL AT;2010-03-01;LAMISIL AT POLVO AEROSO 1 % 90ML +LAMI CRA 7. 5G;TERBINAFINA;2018-08-01;2018-12-01;ALTA, por demanda
ALTA;D01A  ANTIMICOTICOS DERMATOLOG;QUIFA PERRIGO;CREMOSAN;2013-11-01;CREMOSAN CREMA 20 MG /1G 40 G;KETOCONAZOL;2018-04-01;2018-08-01;BAJA, por demanda
BAJA;D01A  ANTIMICOTICOS DERMATOLOG;PIERRE FABRE;DERMOSTER;2014-08-01;DERMOSTER SOL 80 MG /ML 3 ML;CICLOPIROX;2016-04-01;2016-08-01;lanzamiento
BAJA;D01A  ANTIMICOTICOS DERMATOLOG;JOHNSON+JOHNSON CO;NIZORAL;1992-01-01;NIZORAL CREMA 20 MG /1G 40 G;KETOCONAZOL;2015-12-01;2016-04-01;lanzamiento
ALTA;D01A  ANTIMICOTICOS DERMATOLOG;JOHNSON+JOHNSON CO;NIZORAL;1992-01-01;NIZORAL CREMA 20 MG /1G 40 G;KETOCONAZOL;2016-04-01;2016-08-01;BAJA, por demanda
BAJA;D01A  ANTIMICOTICOS DERMATOLOG;JOHNSON+JOHNSON CO;NIZORAL;1992-01-01;NIZORAL CREMA 20 MG /1G 40 G;KETOCONAZOL;2016-12-01;2017-04-01;lanzamiento
BAJA;D01A  ANTIMICOTICOS DERMATOLOG;GRUPO FARMACEUTICO SOMAR;TERBINAFINA G.I SE;2005-03-01;TERBINAFINA G.I SE CRA 1 % 15 G;TERBINAFINA;2016-04-01;2016-08-01;lanzamiento
BAJA;D01A  ANTIMICOTICOS DERMATOLOG;GRUPO FARMACEUTICO SOMAR;TERBINAFINA G.I SE;2005-03-01;TERBINAFINA G.I SE CRA 1 % 15 G;TERBINAFINA;2018-04-01;2018-08-01;BAJA, por demanda
ALTA;D01A  ANTIMICOTICOS DERMATOLOG;LIOMONT, CORPORATION;CONAZOL K;1997-05-01;CONAZOL K TALCO 20 MG /1G 85 G;KETOCONAZOL;2014-08-01;2014-12-01;ALTA, por demanda
ALTA;D01A  ANTIMICOTICOS DERMATOLOG;LIOMONT, CORPORATION;CONAZOL K;1997-05-01;CONAZOL K TALCO 20 MG /1G 85 G;KETOCONAZOL;2016-08-01;2016-12-01;ALTA, por demanda
ALTA;D01A  ANTIMICOTICOS DERMATOLOG;LIOMONT, CORPORATION;CONAZOL K;1997-05-01;CONAZOL K TALCO 20 MG /1G 85 G;KETOCONAZOL;2017-08-01;2017-12-01;ALTA, por demanda
ALTA;D01A  ANTIMICOTICOS DERMATOLOG;PROTEIN-APOTEX;KETOCONAZOL GI PRO;2000-12-01;KETOCONAZOL GI PRO CRA 20 MG 30 G;KETOCONAZOL;2014-08-01;2014-12-01;ALTA, por demanda
BAJA;D01A  ANTIMICOTICOS DERMATOLOG;PROTEIN-APOTEX;KETOCONAZOL GI PRO;2000-12-01;KETOCONAZOL GI PRO CRA 20 MG 30 G;KETOCONAZOL;2018-12-01;2019-04-01;BAJA, por demanda
BAJA;D01A  ANTIMICOTICOS DERMATOLOG;LOEFFLER;MICONAZOL G.I LOE;2008-09-01;MICONAZOL G.I LOE CREMA 20 G;MICONAZOL;2015-04-01;2015-08-01;lanzamiento
BAJA;D01A  ANTIMICOTICOS DERMATOLOG;LOEFFLER;MICONAZOL G.I LOE;2008-09-01;MICONAZOL G.I LOE CREMA 20 G;MICONAZOL;2016-12-01;2017-04-01;lanzamiento
BAJA;D01A  ANTIMICOTICOS DERMATOLOG;SANFER CORP.;DESENEX;1993-01-01;DESENEX AERO 150 G;ACIDO UNDECILENICO;2014-04-01;2014-08-01;lanzamiento
BAJA;D01A  ANTIMICOTICOS DERMATOLOG;SANFER CORP.;DESENEX;1993-01-01;DESENEX AERO 150 G;ACIDO UNDECILENICO;2015-12-01;2016-04-01;lanzamiento
ALTA;D01A  ANTIMICOTICOS DERMATOLOG;SANFER CORP.;TING I.R.;1984-07-01;TING I.R. TALCO AERO. 80 G;ACIDO UNDECILENICO + TRICLOSAN;2014-12-01;2015-04-01;ALTA, por demanda
BAJA;D01A  ANTIMICOTICOS DERMATOLOG;SANFER CORP.;TING I.R.;1984-07-01;TING I.R. TALCO AERO. 80 G;ACIDO UNDECILENICO + TRICLOSAN;2015-04-01;2015-08-01;lanzamiento
BAJA;D01A  ANTIMICOTICOS DERMATOLOG;SANFER CORP.;TING I.R.;1984-07-01;TING I.R. TALCO AERO. 80 G;ACIDO UNDECILENICO + TRICLOSAN;2016-04-01;2016-08-01;lanzamiento
ALTA;D01A  ANTIMICOTICOS DERMATOLOG;SANFER CORP.;TING I.R.;1984-07-01;TING I.R. TALCO AERO. 80 G;ACIDO UNDECILENICO + TRICLOSAN;2018-04-01;2018-08-01;BAJA, por demanda
ALTA;D01A  ANTIMICOTICOS DERMATOLOG;SANFER CORP.;TING I.R.;1984-07-01;TING I.R. TALCO AERO. 80 G;ACIDO UNDECILENICO + TRICLOSAN;2018-08-01;2018-12-01;ALTA, por demanda
BAJA;D01A  ANTIMICOTICOS DERMATOLOG;GENOMA LAB INT;UNESIA;2009-06-01;UNESIA UNG 20 G;BIFONAZOL;2014-04-01;2014-08-01;lanzamiento
BAJA;D01A  ANTIMICOTICOS DERMATOLOG;GENOMA LAB INT;UNESIA;2009-06-01;UNESIA UNG 20 G;BIFONAZOL;2018-04-01;2018-08-01;BAJA, por demanda
ALTA;D01A  ANTIMICOTICOS DERMATOLOG;I.Q.F.A.;KONATURIL;2006-04-01;KONATURIL CREMA 30 G;KETOCONAZOL;2015-04-01;2015-08-01;BAJA, por demanda
ALTA;D01A  ANTIMICOTICOS DERMATOLOG;SANFER CORP.;DESENEX;1995-09-01;DESENEX UNGT 28 G;ACIDO UNDECILENICO;2016-08-01;2016-12-01;ALTA, por demanda
ALTA;D01A  ANTIMICOTICOS DERMATOLOG;SANFER CORP.;DESENEX;1995-09-01;DESENEX UNGT 28 G;ACIDO UNDECILENICO;2017-08-01;2017-12-01;ALTA, por demanda
ALTA;D01A  ANTIMICOTICOS DERMATOLOG;BAYER CORP.;LOTRIMIN;1996-03-01;LOTRIMIN CREMA 1 % 30 G;CLOTRIMAZOL;2014-08-01;2014-12-01;ALTA, por demanda
ALTA;D01A  ANTIMICOTICOS DERMATOLOG;BAYER CORP.;LOTRIMIN;1996-03-01;LOTRIMIN CREMA 1 % 30 G;CLOTRIMAZOL;2017-12-01;2018-04-01;ALTA, por demanda
BAJA;D01A  ANTIMICOTICOS DERMATOLOG;MEDIX CORP.;SKIN CAP;2006-01-01;SKIN CAP CRA TB 50 G;PIRITIONATO DE ZINC;2014-04-01;2014-08-01;lanzamiento
BAJA;D01A  ANTIMICOTICOS DERMATOLOG;MEDIX CORP.;SKIN CAP;2006-01-01;SKIN CAP CRA TB 50 G;PIRITIONATO DE ZINC;2015-04-01;2015-08-01;lanzamiento
ALTA;D01A  ANTIMICOTICOS DERMATOLOG;MEDIX CORP.;SKIN CAP;2006-01-01;SKIN CAP CRA TB 50 G;PIRITIONATO DE ZINC;2016-08-01;2016-12-01;ALTA, por demanda
ALTA;D01A  ANTIMICOTICOS DERMATOLOG;MEDIX CORP.;SKIN CAP;2006-01-01;SKIN CAP CRA TB 50 G;PIRITIONATO DE ZINC;2016-12-01;2017-04-01;BAJA, por demanda
ALTA;D01A  ANTIMICOTICOS DERMATOLOG;QUIMICA SON S;MI-KE-SON'S;2001-07-01;MI-KE-SON'S CREMA 2 % 30 G;KETOCONAZOL;2015-08-01;2015-12-01;ALTA, por demanda
BAJA;D01A  ANTIMICOTICOS DERMATOLOG;QUIMICA SON S;MI-KE-SON'S;2001-07-01;MI-KE-SON'S CREMA 2 % 30 G;KETOCONAZOL;2016-08-01;2016-12-01;lanzamiento
ALTA;D01A  ANTIMICOTICOS DERMATOLOG;QUIMICA SON S;MI-KE-SON'S;2001-07-01;MI-KE-SON'S CREMA 2 % 30 G;KETOCONAZOL;2017-04-01;2017-08-01;BAJA, por demanda
BAJA;D01A  ANTIMICOTICOS DERMATOLOG;QUIMICA SON S;MI-KE-SON'S;2001-07-01;MI-KE-SON'S CREMA 2 % 30 G;KETOCONAZOL;2017-08-01;2017-12-01;ALTA, por demanda
ALTA;D01A  ANTIMICOTICOS DERMATOLOG;QUIMICA SON S;MI-KE-SON'S;2001-07-01;MI-KE-SON'S CREMA 2 % 30 G;KETOCONAZOL;2017-12-01;2018-04-01;ALTA, por demanda
ALTA;D01A  ANTIMICOTICOS DERMATOLOG;QUIMICA SON S;MI-KE-SON'S;2001-07-01;MI-KE-SON'S CREMA 2 % 30 G;KETOCONAZOL;2018-08-01;2018-12-01;ALTA, por demanda
ALTA;D01A  ANTIMICOTICOS DERMATOLOG;QUIMICA SON S;RIXOBA;2011-03-01;RIXOBA CREMA 1 % 15 G;TERBINAFINA;2014-12-01;2015-04-01;ALTA, por demanda
BAJA;D01A  ANTIMICOTICOS DERMATOLOG;QUIMICA SON S;RIXOBA;2011-03-01;RIXOBA CREMA 1 % 15 G;TERBINAFINA;2016-08-01;2016-12-01;lanzamiento
BAJA;D01A  ANTIMICOTICOS DERMATOLOG;QUIMICA SON S;RIXOBA;2011-03-01;RIXOBA CREMA 1 % 15 G;TERBINAFINA;2017-04-01;2017-08-01;lanzamiento
ALTA;D01A  ANTIMICOTICOS DERMATOLOG;ANDROMACO;CANDIMON;1998-03-01;CANDIMON CRE.DERM.TAR 10 MG /1G 20 G;CLOTRIMAZOL;2015-08-01;2015-12-01;ALTA, por demanda
ALTA;D01A  ANTIMICOTICOS DERMATOLOG;CIA INTER COMERCIO;DERMAN;1977-06-01;DERMAN CREMA 50 G;ACIDO UNDECILENICO;2014-12-01;2015-04-01;ALTA, por demanda
BAJA;D01A  ANTIMICOTICOS DERMATOLOG;CIA INTER COMERCIO;DERMAN;1977-06-01;DERMAN CREMA 50 G;ACIDO UNDECILENICO;2016-04-01;2016-08-01;lanzamiento
ALTA;D01A  ANTIMICOTICOS DERMATOLOG;CIA INTER COMERCIO;DERMAN;1977-06-01;DERMAN CREMA 50 G;ACIDO UNDECILENICO;2016-08-01;2016-12-01;ALTA, por demanda
ALTA;D01A  ANTIMICOTICOS DERMATOLOG;CIA INTER COMERCIO;DERMAN;1977-06-01;DERMAN CREMA 50 G;ACIDO UNDECILENICO;2018-04-01;2018-08-01;BAJA, por demanda
BAJA;D01A  ANTIMICOTICOS DERMATOLOG;BAYER CORP.;TINADERM;1988-09-01;TINADERM POLVO 10 MG /1G 75 G;TOLNAFTATO;2015-04-01;2015-08-01;lanzamiento
BAJA;D01A  ANTIMICOTICOS DERMATOLOG;LIOMONT, CORPORATION;MYCELVAN;2011-02-01;MYCELVAN SPRAY 1 % 30ML +CRA 15 G;TERBINAFINA;2014-08-01;2014-12-01;lanzamiento
BAJA;D01A  ANTIMICOTICOS DERMATOLOG;LIOMONT, CORPORATION;MYCELVAN;2011-02-01;MYCELVAN SPRAY 1 % 30ML +CRA 15 G;TERBINAFINA;2014-12-01;2015-04-01;lanzamiento
BAJA;D01A  ANTIMICOTICOS DERMATOLOG;LIOMONT, CORPORATION;CONAZOL K;2010-02-01;CONAZOL K CREMA 20 MG 2X1 30 G;KETOCONAZOL;2014-12-01;2015-04-01;lanzamiento
BAJA;D01A  ANTIMICOTICOS DERMATOLOG;LIOMONT, CORPORATION;CONAZOL K;2010-02-01;CONAZOL K CREMA 20 MG 2X1 30 G;KETOCONAZOL;2016-12-01;2017-04-01;lanzamiento
ALTA;D01A  ANTIMICOTICOS DERMATOLOG;EUROMEX,LABS.;EUROLAT;2005-01-01;EUROLAT CREMA 40 G;KETOCONAZOL;2014-08-01;2014-12-01;ALTA, por demanda
BAJA;D01A  ANTIMICOTICOS DERMATOLOG;EUROMEX,LABS.;EUROLAT;2005-01-01;EUROLAT CREMA 40 G;KETOCONAZOL;2014-12-01;2015-04-01;lanzamiento
ALTA;D01A  ANTIMICOTICOS DERMATOLOG;EUROMEX,LABS.;EUROLAT;2005-01-01;EUROLAT CREMA 40 G;KETOCONAZOL;2015-12-01;2016-04-01;BAJA, por demanda
BAJA;D01A  ANTIMICOTICOS DERMATOLOG;EUROMEX,LABS.;EUROLAT;2005-01-01;EUROLAT CREMA 40 G;KETOCONAZOL;2016-04-01;2016-08-01;lanzamiento
BAJA;D01A  ANTIMICOTICOS DERMATOLOG;I.Q.F.A.;KETOCONAZOL G.I IQ;2007-10-01;KETOCONAZOL G.I IQ CREMA 2 G /100 30 G;KETOCONAZOL;2014-08-01;2014-12-01;lanzamiento
ALTA;D01A  ANTIMICOTICOS DERMATOLOG;I.Q.F.A.;KETOCONAZOL G.I IQ;2007-10-01;KETOCONAZOL G.I IQ CREMA 2 G /100 30 G;KETOCONAZOL;2015-08-01;2015-12-01;ALTA, por demanda
BAJA;D01A  ANTIMICOTICOS DERMATOLOG;I.Q.F.A.;KETOCONAZOL G.I IQ;2007-10-01;KETOCONAZOL G.I IQ CREMA 2 G /100 30 G;KETOCONAZOL;2017-04-01;2017-08-01;lanzamiento
ALTA;D01A  ANTIMICOTICOS DERMATOLOG;UNIPHARM;FYTERDIN;2005-12-01;FYTERDIN CREMA 20 G;TERBINAFINA;2016-12-01;2017-04-01;BAJA, por demanda
BAJA;D01A  ANTIMICOTICOS DERMATOLOG;UNIPHARM;FYTERDIN;2005-12-01;FYTERDIN CREMA 20 G;TERBINAFINA;2018-04-01;2018-08-01;BAJA, por demanda
BAJA;D01A  ANTIMICOTICOS DERMATOLOG;BAYER CORP.;ICADEN;1981-05-01;ICADEN SOLN 10 MG /1ML 20 ML;ISOCONAZOL;2014-04-01;2014-08-01;lanzamiento
BAJA;D01A  ANTIMICOTICOS DERMATOLOG;JOHNSON+JOHNSON CO;ALOID;1983-07-01;ALOID CREMA 20 MG /1G 30 G;MICONAZOL;2016-12-01;2017-04-01;lanzamiento
ALTA;D01A  ANTIMICOTICOS DERMATOLOG;JOHNSON+JOHNSON CO;ALOID;1983-07-01;ALOID CREMA 20 MG /1G 30 G;MICONAZOL;2017-04-01;2017-08-01;BAJA, por demanda
BAJA;D01A  ANTIMICOTICOS DERMATOLOG;JOHNSON+JOHNSON CO;ALOID;1983-07-01;ALOID CREMA 20 MG /1G 30 G;MICONAZOL;2017-12-01;2018-04-01;lanzamiento
BAJA;D01A  ANTIMICOTICOS DERMATOLOG;GLAXO SMITHKLINE CORP.;LAMISIL AT;2008-04-01;LAMISIL AT CREMA BLIS 1 % 2X1 7.5 G;TERBINAFINA;2015-12-01;2016-04-01;lanzamiento
BAJA;D01A  ANTIMICOTICOS DERMATOLOG;GLAXO SMITHKLINE CORP.;LAMISIL AT;2008-04-01;LAMISIL AT CREMA BLIS 1 % 2X1 7.5 G;TERBINAFINA;2017-08-01;2017-12-01;ALTA, por demanda
BAJA;D01A  ANTIMICOTICOS DERMATOLOG;GLAXO SMITHKLINE CORP.;LAMISIL AT;2008-04-01;LAMISIL AT CREMA BLIS 1 % 2X1 7.5 G;TERBINAFINA;2017-12-01;2018-04-01;lanzamiento
ALTA;D01A  ANTIMICOTICOS DERMATOLOG;ALPHARMA;NACOMIC;2006-04-01;NACOMIC CREMA 2.0 G 30 G;MICONAZOL;2014-12-01;2015-04-01;ALTA, por demanda
BAJA;D01A  ANTIMICOTICOS DERMATOLOG;GENOMA LAB INT;MEDICASP;2016-04-01;MEDICASP SHAMPO PACK 11PZA TRIA AL ERT;KETOCONAZOL;2016-08-01;2016-12-01;lanzamiento
ALTA;D01A  ANTIMICOTICOS DERMATOLOG;GENOMA LAB INT;MEDICASP;2016-04-01;MEDICASP SHAMPO PACK 11PZA TRIA AL ERT;KETOCONAZOL;2016-12-01;2017-04-01;BAJA, por demanda
ALTA;D01A  ANTIMICOTICOS DERMATOLOG;ALPHARMA;NOCAZIN;2006-04-01;NOCAZIN CREMA 20 G;ISOCONAZOL;2014-08-01;2014-12-01;ALTA, por demanda
ALTA;D01A  ANTIMICOTICOS DERMATOLOG;ALPHARMA;NOCAZIN;2006-04-01;NOCAZIN CREMA 20 G;ISOCONAZOL;2015-08-01;2015-12-01;ALTA, por demanda
ALTA;D01A  ANTIMICOTICOS DERMATOLOG;ALPHARMA;NOCAZIN;2006-04-01;NOCAZIN CREMA 20 G;ISOCONAZOL;2016-04-01;2016-08-01;BAJA, por demanda
ALTA;D01A  ANTIMICOTICOS DERMATOLOG;ALPHARMA;NOCAZIN;2006-04-01;NOCAZIN CREMA 20 G;ISOCONAZOL;2016-08-01;2016-12-01;ALTA, por demanda
BAJA;D01A  ANTIMICOTICOS DERMATOLOG;ALPHARMA;NOCAZIN;2006-04-01;NOCAZIN CREMA 20 G;ISOCONAZOL;2017-04-01;2017-08-01;lanzamiento
BAJA;D01A  ANTIMICOTICOS DERMATOLOG;SILANES CORP.;SEBRYL PLUS;1991-11-01;SEBRYL PLUS SHAMPOO 150 GR;ALANTOINA + ALQUITRAN DE HULLA + CLIOQUINOL;2014-08-01;2014-12-01;lanzamiento
BAJA;D01A  ANTIMICOTICOS DERMATOLOG;SILANES CORP.;SEBRYL PLUS;1991-11-01;SEBRYL PLUS SHAMPOO 150 GR;ALANTOINA + ALQUITRAN DE HULLA + CLIOQUINOL;2016-12-01;2017-04-01;lanzamiento
ALTA;D01A  ANTIMICOTICOS DERMATOLOG;SILANES CORP.;SEBRYL PLUS;1991-11-01;SEBRYL PLUS SHAMPOO 150 GR;ALANTOINA + ALQUITRAN DE HULLA + CLIOQUINOL;2017-08-01;2017-12-01;ALTA, por demanda
BAJA;D01A  ANTIMICOTICOS DERMATOLOG;SILANES CORP.;SEBRYL PLUS;1991-11-01;SEBRYL PLUS SHAMPOO 150 GR;ALANTOINA + ALQUITRAN DE HULLA + CLIOQUINOL;2017-12-01;2018-04-01;lanzamiento
BAJA;D01A  ANTIMICOTICOS DERMATOLOG;SILANES CORP.;SEBRYL PLUS;1991-11-01;SEBRYL PLUS SHAMPOO 150 GR;ALANTOINA + ALQUITRAN DE HULLA + CLIOQUINOL;2018-12-01;2019-04-01;BAJA, por demanda
ALTA;D01A  ANTIMICOTICOS DERMATOLOG;ANDROMACO;ISOCONAZOL G.I AND;2004-01-01;ISOCONAZOL G.I AND CREMA 20 G;ISOCONAZOL;2014-12-01;2015-04-01;ALTA, por demanda
ALTA;D01A  ANTIMICOTICOS DERMATOLOG;ANDROMACO;ISOCONAZOL G.I AND;2004-01-01;ISOCONAZOL G.I AND CREMA 20 G;ISOCONAZOL;2015-08-01;2015-12-01;ALTA, por demanda
BAJA;D01A  ANTIMICOTICOS DERMATOLOG;ANDROMACO;ISOCONAZOL G.I AND;2004-01-01;ISOCONAZOL G.I AND CREMA 20 G;ISOCONAZOL;2015-12-01;2016-04-01;lanzamiento
ALTA;D01A  ANTIMICOTICOS DERMATOLOG;ANDROMACO;ISOCONAZOL G.I AND;2004-01-01;ISOCONAZOL G.I AND CREMA 20 G;ISOCONAZOL;2017-04-01;2017-08-01;BAJA, por demanda
ALTA;D01A  ANTIMICOTICOS DERMATOLOG;ALPHARMA;ISOCONAZOL G.I ALP;2005-09-01;ISOCONAZOL G.I ALP CREMA 20 G;ISOCONAZOL;2015-08-01;2015-12-01;ALTA, por demanda
ALTA;D01A  ANTIMICOTICOS DERMATOLOG;ALPHARMA;MICONAZOL G.I ALP;2005-09-01;MICONAZOL G.I ALP CRA 20 G;MICONAZOL;2017-08-01;2017-12-01;ALTA, por demanda
ALTA;D01A  ANTIMICOTICOS DERMATOLOG;BAYER CORP.;TINADERM;1988-12-01;TINADERM CREMA 10 MG /1G 30 G;TOLNAFTATO;2015-12-01;2016-04-01;BAJA, por demanda
ALTA;D01A  ANTIMICOTICOS DERMATOLOG;BAUSCH HEALTH;DERFINA;2007-07-01;DERFINA CREMA 1.0 % 30 G;BUTENAFINA;2015-12-01;2016-04-01;BAJA, por demanda
BAJA;D01A  ANTIMICOTICOS DERMATOLOG;BAUSCH HEALTH;DERFINA;2007-07-01;DERFINA CREMA 1.0 % 30 G;BUTENAFINA;2016-12-01;2017-04-01;lanzamiento
ALTA;D01A  ANTIMICOTICOS DERMATOLOG;SANFER CORP.;TING I.R.;1976-05-01;TING I.R. CREMA 28 G;ACIDO UNDECILENICO + TRICLOSAN;2014-12-01;2015-04-01;ALTA, por demanda
ALTA;D01A  ANTIMICOTICOS DERMATOLOG;SANFER CORP.;TING I.R.;1976-05-01;TING I.R. CREMA 28 G;ACIDO UNDECILENICO + TRICLOSAN;2015-08-01;2015-12-01;ALTA, por demanda
BAJA;D01A  ANTIMICOTICOS DERMATOLOG;SANFER CORP.;TING I.R.;1976-05-01;TING I.R. CREMA 28 G;ACIDO UNDECILENICO + TRICLOSAN;2016-04-01;2016-08-01;lanzamiento
BAJA;D01A  ANTIMICOTICOS DERMATOLOG;SANFER CORP.;TING I.R.;1976-05-01;TING I.R. CREMA 28 G;ACIDO UNDECILENICO + TRICLOSAN;2016-12-01;2017-04-01;lanzamiento
ALTA;D01A  ANTIMICOTICOS DERMATOLOG;BAYER CORP.;LOTRIMIN;2017-02-01;LOTRIMIN AERO 2 % 133G +MEXS ANA 80 G PV;MICONAZOL;2016-12-01;2017-04-01;BAJA, por demanda
BAJA;D01A  ANTIMICOTICOS DERMATOLOG;I.Q.F.A.;FUCODERM;2005-10-01;FUCODERM CREMA TBO 30 G;MICONAZOL;2014-04-01;2014-08-01;lanzamiento
BAJA;D01A  ANTIMICOTICOS DERMATOLOG;I.Q.F.A.;FUCODERM;2005-10-01;FUCODERM CREMA TBO 30 G;MICONAZOL;2017-04-01;2017-08-01;lanzamiento
BAJA;D01A  ANTIMICOTICOS DERMATOLOG;I.Q.F.A.;FUCODERM;2005-10-01;FUCODERM CREMA TBO 30 G;MICONAZOL;2018-04-01;2018-08-01;BAJA, por demanda
ALTA;D01A  ANTIMICOTICOS DERMATOLOG;LIOMONT, CORPORATION;CONAZOL-P;2001-05-01;CONAZOL-P SOLN TOP 2 % 20 ML;KETOCONAZOL;2017-04-01;2017-08-01;BAJA, por demanda
ALTA;D01A  ANTIMICOTICOS DERMATOLOG;MEDIX CORP.;SKIN CAP;1997-05-01;SKIN CAP SPRAY 200 ML;PIRITIONATO DE ZINC;2016-08-01;2016-12-01;ALTA, por demanda
ALTA;D01A  ANTIMICOTICOS DERMATOLOG;MEDIX CORP.;SKIN CAP;1997-05-01;SKIN CAP SPRAY 200 ML;PIRITIONATO DE ZINC;2017-08-01;2017-12-01;ALTA, por demanda
ALTA;D01A  ANTIMICOTICOS DERMATOLOG;OFFENBACH;ERGOMICON;2005-10-01;ERGOMICON CREMA 2.0 G 30 G;KETOCONAZOL;2015-12-01;2016-04-01;BAJA, por demanda
ALTA;D01A  ANTIMICOTICOS DERMATOLOG;OFFENBACH;ERGOMICON;2005-10-01;ERGOMICON CREMA 2.0 G 30 G;KETOCONAZOL;2017-08-01;2017-12-01;ALTA, por demanda
BAJA;D01A  ANTIMICOTICOS DERMATOLOG;OFFENBACH;ERGOMICON;2005-10-01;ERGOMICON CREMA 2.0 G 30 G;KETOCONAZOL;2017-12-01;2018-04-01;lanzamiento
ALTA;D01A  ANTIMICOTICOS DERMATOLOG;JOHNSON+JOHNSON CO;NIZORAL;1992-11-01;NIZORAL CHMP. 20 MG /1ML 120 ML;KETOCONAZOL;2014-08-01;2014-12-01;ALTA, por demanda
ALTA;D01A  ANTIMICOTICOS DERMATOLOG;JOHNSON+JOHNSON CO;NIZORAL;1992-11-01;NIZORAL CHMP. 20 MG /1ML 120 ML;KETOCONAZOL;2015-04-01;2015-08-01;BAJA, por demanda
BAJA;D01A  ANTIMICOTICOS DERMATOLOG;JOHNSON+JOHNSON CO;NIZORAL;1992-11-01;NIZORAL CHMP. 20 MG /1ML 120 ML;KETOCONAZOL;2016-12-01;2017-04-01;lanzamiento
BAJA;D01A  ANTIMICOTICOS DERMATOLOG;JOHNSON+JOHNSON CO;NIZORAL;1992-11-01;NIZORAL CHMP. 20 MG /1ML 120 ML;KETOCONAZOL;2017-12-01;2018-04-01;lanzamiento
BAJA;D01A  ANTIMICOTICOS DERMATOLOG;JOHNSON+JOHNSON CO;NIZORAL;1992-11-01;NIZORAL CHMP. 20 MG /1ML 120 ML;KETOCONAZOL;2018-12-01;2019-04-01;BAJA, por demanda
BAJA;D01A  ANTIMICOTICOS DERMATOLOG;LOEFFLER;TINOXAL;2005-10-01;TINOXAL CREMA 1 % 20;TOLNAFTATO;2014-08-01;2014-12-01;lanzamiento
ALTA;D01A  ANTIMICOTICOS DERMATOLOG;UNIPHARM;TERBINAFINA G.I UN;2012-05-01;TERBINAFINA G.I UN CREMA 1 % 20 G;TERBINAFINA;2016-12-01;2017-04-01;BAJA, por demanda
ALTA;D01A  ANTIMICOTICOS DERMATOLOG;MEDIX CORP.;SKIN CAP;1996-02-01;SKIN CAP CHMP. 1 % 150 ML;MENTOL + PIRITIONATO DE ZINC;2014-08-01;2014-12-01;ALTA, por demanda
ALTA;D01A  ANTIMICOTICOS DERMATOLOG;BAYER CORP.;CANESTEN;2008-09-01;CANESTEN CREMA 1 % 40G;CLOTRIMAZOL;2015-12-01;2016-04-01;BAJA, por demanda
BAJA;D01A  ANTIMICOTICOS DERMATOLOG;BAYER CORP.;CANESTEN;2008-09-01;CANESTEN CREMA 1 % 40G;CLOTRIMAZOL;2017-08-01;2017-12-01;ALTA, por demanda
BAJA;D01A  ANTIMICOTICOS DERMATOLOG;BAYER CORP.;CANESTEN;2008-09-01;CANESTEN CREMA 1 % 40G;CLOTRIMAZOL;2018-08-01;2018-12-01;ALTA, por demanda
BAJA;D01A  ANTIMICOTICOS DERMATOLOG;STIEFEL;STIPROX;2000-04-01;STIPROX CHMP. 1.50 % 100 ML;CICLOPIROX;2015-04-01;2015-08-01;lanzamiento
BAJA;D01A  ANTIMICOTICOS DERMATOLOG;LIOMONT, CORPORATION;MYCELVAN;2008-01-01;MYCELVAN CREMA 30 G;TERBINAFINA;2015-08-01;2015-12-01;lanzamiento
BAJA;D01A  ANTIMICOTICOS DERMATOLOG;LIOMONT, CORPORATION;MYCELVAN;2008-01-01;MYCELVAN CREMA 30 G;TERBINAFINA;2016-04-01;2016-08-01;lanzamiento
BAJA;D01A  ANTIMICOTICOS DERMATOLOG;MAVER;SIBICOS;2017-01-01;SIBICOS CREMA 20 G;BIFONAZOL;2017-12-01;2018-04-01;lanzamiento
BAJA;D01A  ANTIMICOTICOS DERMATOLOG;MAVER;SIBICOS;2017-01-01;SIBICOS CREMA 20 G;BIFONAZOL;2018-12-01;2019-04-01;BAJA, por demanda
BAJA;D01A  ANTIMICOTICOS DERMATOLOG;QUIFA PERRIGO;KETOCONAZOL G.I QY;2017-02-01;KETOCONAZOL G.I QY SHAMPO 2 % 120 ML;KETOCONAZOL;2017-04-01;2017-08-01;lanzamiento
BAJA;D01A  ANTIMICOTICOS DERMATOLOG;QUIFA PERRIGO;KETOCONAZOL G.I QY;2017-02-01;KETOCONAZOL G.I QY SHAMPO 2 % 120 ML;KETOCONAZOL;2017-12-01;2018-04-01;lanzamiento
BAJA;D01A  ANTIMICOTICOS DERMATOLOG;BAUSCH HEALTH;KONADERM;1995-07-01;KONADERM TALCO 2 % 60 G;KETOCONAZOL;2016-04-01;2016-08-01;lanzamiento
BAJA;D01A  ANTIMICOTICOS DERMATOLOG;SANOFI CORP;LOPROX;1999-05-01;LOPROX CREMA 1 % 20 G;CICLOPIROX;2018-12-01;2019-04-01;BAJA, por demanda
BAJA;D01A  ANTIMICOTICOS DERMATOLOG;VITAE;KETORIL;2007-05-01;KETORIL CREMA 40 G;KETOCONAZOL;2016-04-01;2016-08-01;lanzamiento
ALTA;D01A  ANTIMICOTICOS DERMATOLOG;VITAE;KETORIL;2007-05-01;KETORIL CREMA 40 G;KETOCONAZOL;2018-08-01;2018-12-01;ALTA, por demanda
ALTA;D01A  ANTIMICOTICOS DERMATOLOG;SANFER CORP.;TING I.R.;2013-02-01;TING I.R SPRAY 80G+ TING ZONE;ACIDO UNDECILENICO + TRICLOSAN;2014-12-01;2015-04-01;ALTA, por demanda
ALTA;D01A  ANTIMICOTICOS DERMATOLOG;LOEFFLER;ERBITRAX;2005-10-01;ERBITRAX CREMA 1 % 15 G;TERBINAFINA;2014-08-01;2014-12-01;ALTA, por demanda
ALTA;D01A  ANTIMICOTICOS DERMATOLOG;LOEFFLER;ERBITRAX;2005-10-01;ERBITRAX CREMA 1 % 15 G;TERBINAFINA;2014-12-01;2015-04-01;ALTA, por demanda
BAJA;D01A  ANTIMICOTICOS DERMATOLOG;LOEFFLER;ERBITRAX;2005-10-01;ERBITRAX CREMA 1 % 15 G;TERBINAFINA;2017-04-01;2017-08-01;lanzamiento
BAJA;D01A  ANTIMICOTICOS DERMATOLOG;LOEFFLER;ERBITRAX;2005-10-01;ERBITRAX CREMA 1 % 15 G;TERBINAFINA;2017-08-01;2017-12-01;ALTA, por demanda
BAJA;D01A  ANTIMICOTICOS DERMATOLOG;GLAXO SMITHKLINE CORP.;LAMISIL AT;2008-04-01;LAMISIL AT CREMA BLIS 1 % 2X1 15 G;TERBINAFINA;2015-04-01;2015-08-01;lanzamiento
ALTA;D01A  ANTIMICOTICOS DERMATOLOG;GLAXO SMITHKLINE CORP.;LAMISIL AT;2008-04-01;LAMISIL AT CREMA BLIS 1 % 2X1 15 G;TERBINAFINA;2016-08-01;2016-12-01;ALTA, por demanda
ALTA;D01A  ANTIMICOTICOS DERMATOLOG;BAYER CORP.;LOTRIMIN;1999-12-01;LOTRIMIN CREMA 1 % 2 30 G;CLOTRIMAZOL;2015-04-01;2015-08-01;BAJA, por demanda
BAJA;D01A  ANTIMICOTICOS DERMATOLOG;QUIFA PERRIGO;CLOTRIMAZOL G.I QY;2007-10-01;CLOTRIMAZOL G.I QY CRA 1 % 20 G;CLOTRIMAZOL;2014-08-01;2014-12-01;lanzamiento
ALTA;D01A  ANTIMICOTICOS DERMATOLOG;QUIFA PERRIGO;CLOTRIMAZOL G.I QY;2007-10-01;CLOTRIMAZOL G.I QY CRA 1 % 20 G;CLOTRIMAZOL;2016-08-01;2016-12-01;ALTA, por demanda
BAJA;D01A  ANTIMICOTICOS DERMATOLOG;QUIFA PERRIGO;CLOTRIMAZOL G.I QY;2007-10-01;CLOTRIMAZOL G.I QY CRA 1 % 20 G;CLOTRIMAZOL;2017-04-01;2017-08-01;lanzamiento
BAJA;D01A  ANTIMICOTICOS DERMATOLOG;QUIFA PERRIGO;CLOTRIMAZOL G.I QY;2007-10-01;CLOTRIMAZOL G.I QY CRA 1 % 20 G;CLOTRIMAZOL;2017-08-01;2017-12-01;ALTA, por demanda
ALTA;D01A  ANTIMICOTICOS DERMATOLOG;QUIFA PERRIGO;CLOTRIMAZOL G.I QY;2007-10-01;CLOTRIMAZOL G.I QY CRA 1 % 20 G;CLOTRIMAZOL;2017-12-01;2018-04-01;ALTA, por demanda
ALTA;D01A  ANTIMICOTICOS DERMATOLOG;COLLINS;KETOCONAZOL G.I CO;2010-03-01;KETOCONAZOL G.I CO CREMA 40 G;KETOCONAZOL;2016-12-01;2017-04-01;BAJA, por demanda
ALTA;D01A  ANTIMICOTICOS DERMATOLOG;BAYER CORP.;CANESTEN;1990-09-01;CANESTEN CREMA 10 MG /1G 30 G;CLOTRIMAZOL;2015-04-01;2015-08-01;BAJA, por demanda
ALTA;D01A  ANTIMICOTICOS DERMATOLOG;FARMACEUTICA HISPANOAMERICANA;FHRESHMIN;2018-10-01;FHRESHMIN CREMA 2 % 20 GR;MICONAZOL;2018-08-01;2018-12-01;ALTA, por demanda
BAJA;D01A  ANTIMICOTICOS DERMATOLOG;PROTEIN-APOTEX;OZ;1994-05-01;OZ CREMA 20 MG /1G 20 G;MICONAZOL;2015-04-01;2015-08-01;lanzamiento
BAJA;D01A  ANTIMICOTICOS DERMATOLOG;PROTEIN-APOTEX;OZ;1994-05-01;OZ CREMA 20 MG /1G 20 G;MICONAZOL;2015-12-01;2016-04-01;lanzamiento
ALTA;D01A  ANTIMICOTICOS DERMATOLOG;PROTEIN-APOTEX;OZ;1994-05-01;OZ CREMA 20 MG /1G 20 G;MICONAZOL;2016-04-01;2016-08-01;BAJA, por demanda
BAJA;D01A  ANTIMICOTICOS DERMATOLOG;PROTEIN-APOTEX;OZ;1994-05-01;OZ CREMA 20 MG /1G 20 G;MICONAZOL;2018-04-01;2018-08-01;BAJA, por demanda
BAJA;D01A  ANTIMICOTICOS DERMATOLOG;PROTEIN-APOTEX;OZ;1994-05-01;OZ CREMA 20 MG /1G 20 G;MICONAZOL;2018-08-01;2018-12-01;ALTA, por demanda
ALTA;D01A  ANTIMICOTICOS DERMATOLOG;PROTEIN-APOTEX;TERBINAFINA G.I PR;2011-06-01;TERBINAFINA G.I PR CREMA 1 % 20 G;TERBINAFINA;2016-12-01;2017-04-01;BAJA, por demanda
ALTA;D01A  ANTIMICOTICOS DERMATOLOG;LIOMONT, CORPORATION;CONAZOL K;2008-07-01;CONAZOL K CREMA 20 MG /1G 30G+ 10G GTIS;KETOCONAZOL;2014-08-01;2014-12-01;ALTA, por demanda
BAJA;D01A  ANTIMICOTICOS DERMATOLOG;LIOMONT, CORPORATION;CONAZOL K;2008-07-01;CONAZOL K CREMA 20 MG /1G 30G+ 10G GTIS;KETOCONAZOL;2018-08-01;2018-12-01;ALTA, por demanda
ALTA;D01A  ANTIMICOTICOS DERMATOLOG;MAVI;MICONAZOL G.I MAVI;2006-10-01;MICONAZOL G.I MAVI CREMA 20 G;MICONAZOL;2018-04-01;2018-08-01;BAJA, por demanda
ALTA;D01A  ANTIMICOTICOS DERMATOLOG;SANFER CORP.;DESENEX;1973-07-01;DESENEX POLVO 90 G;ACIDO UNDECILENICO;2016-08-01;2016-12-01;ALTA, por demanda
BAJA;D01A  ANTIMICOTICOS DERMATOLOG;SANFER CORP.;DESENEX;1973-07-01;DESENEX POLVO 90 G;ACIDO UNDECILENICO;2017-12-01;2018-04-01;lanzamiento
BAJA;D01A  ANTIMICOTICOS DERMATOLOG;JOHNSON+JOHNSON CO;DAKTARIN OTC;1974-09-01;DAKTARIN OTC CREMA 20 MG /1G 30 G;MICONAZOL;2015-04-01;2015-08-01;lanzamiento
BAJA;D01A  ANTIMICOTICOS DERMATOLOG;JOHNSON+JOHNSON CO;DAKTARIN OTC;1974-09-01;DAKTARIN OTC CREMA 20 MG /1G 30 G;MICONAZOL;2016-12-01;2017-04-01;lanzamiento
BAJA;D01A  ANTIMICOTICOS DERMATOLOG;SANFER CORP.;MICETAL;2002-10-01;MICETAL CREMA 1 % 30 G;FLUTRIMAZOL;2015-08-01;2015-12-01;lanzamiento
BAJA;D01A  ANTIMICOTICOS DERMATOLOG;SANFER CORP.;MICETAL;2002-10-01;MICETAL CREMA 1 % 30 G;FLUTRIMAZOL;2017-08-01;2017-12-01;ALTA, por demanda
BAJA;D01A  ANTIMICOTICOS DERMATOLOG;BAYER CORP.;LOTRIMIN;2009-06-01;LOTRIMIN CREMA 1 % 2X1 40 G;CLOTRIMAZOL;2014-12-01;2015-04-01;lanzamiento
BAJA;D01A  ANTIMICOTICOS DERMATOLOG;LOEFFLER;ERBITRAX;2005-08-01;ERBITRAX CREMA 1 % 30 G;TERBINAFINA;2014-08-01;2014-12-01;lanzamiento
BAJA;D01A  ANTIMICOTICOS DERMATOLOG;SANFER CORP.;TING I.R.;1990-05-01;TING I.R. POLVO 160 G;ACIDO UNDECILENICO + TRICLOSAN;2016-04-01;2016-08-01;lanzamiento
ALTA;D01A  ANTIMICOTICOS DERMATOLOG;SANFER CORP.;TING I.R.;1990-05-01;TING I.R. POLVO 160 G;ACIDO UNDECILENICO + TRICLOSAN;2016-08-01;2016-12-01;ALTA, por demanda
ALTA;D01A  ANTIMICOTICOS DERMATOLOG;SANFER CORP.;TING I.R.;1990-05-01;TING I.R. POLVO 160 G;ACIDO UNDECILENICO + TRICLOSAN;2018-08-01;2018-12-01;ALTA, por demanda
ALTA;D01A  ANTIMICOTICOS DERMATOLOG;BIOMEP S.A. DE C.V.;KETOCONAZOL G.I BI;2017-06-01;KETOCONAZOL G.I BI CREMA 10 G;KETOCONAZOL;2017-12-01;2018-04-01;ALTA, por demanda
BAJA;D01A  ANTIMICOTICOS DERMATOLOG;BIOMEP S.A. DE C.V.;KETOCONAZOL G.I BI;2017-06-01;KETOCONAZOL G.I BI CREMA 10 G;KETOCONAZOL;2018-04-01;2018-08-01;BAJA, por demanda
BAJA;D01A  ANTIMICOTICOS DERMATOLOG;BIOMEP S.A. DE C.V.;KETOCONAZOL G.I BI;2017-06-01;KETOCONAZOL G.I BI CREMA 10 G;KETOCONAZOL;2018-08-01;2018-12-01;ALTA, por demanda
ALTA;D01A  ANTIMICOTICOS DERMATOLOG;ISDIN;NIOGERMOX;2015-09-01;NIOGERMOX SOL 8 % 6.6 ML;CICLOPIROX;2015-08-01;2015-12-01;ALTA, por demanda
BAJA;D01A  ANTIMICOTICOS DERMATOLOG;ISDIN;NIOGERMOX;2015-09-01;NIOGERMOX SOL 8 % 6.6 ML;CICLOPIROX;2016-08-01;2016-12-01;lanzamiento
ALTA;D01A  ANTIMICOTICOS DERMATOLOG;ISDIN;NIOGERMOX;2015-09-01;NIOGERMOX SOL 8 % 6.6 ML;CICLOPIROX;2018-08-01;2018-12-01;ALTA, por demanda
BAJA;D01A  ANTIMICOTICOS DERMATOLOG;GLENMARK PHARMACEUTIC MEXICO S;BONNETRIL;2011-07-01;BONNETRIL CREMA 1 % 30 G;CICLOPIROX;2016-12-01;2017-04-01;lanzamiento
BAJA;D01A  ANTIMICOTICOS DERMATOLOG;COLLINS;HUDICLOR;2015-09-01;HUDICLOR CREMA 1 % 30 G;TERBINAFINA;2018-04-01;2018-08-01;BAJA, por demanda
BAJA;D01A  ANTIMICOTICOS DERMATOLOG;COLLINS;HUDICLOR;2015-09-01;HUDICLOR CREMA 1 % 30 G;TERBINAFINA;2018-08-01;2018-12-01;ALTA, por demanda
BAJA;D01A  ANTIMICOTICOS DERMATOLOG;POEN VISION S.A. DE C.V.;KETOMED;2002-02-01;KETOMED CHAMP ANTIC 100 ML;KETOCONAZOL;2018-12-01;2019-04-01;BAJA, por demanda
ALTA;D01A  ANTIMICOTICOS DERMATOLOG;KENER CORP.;NIMICON;2014-10-01;NIMICON CREMA 2 G 60 G;MICONAZOL;2014-12-01;2015-04-01;ALTA, por demanda
ALTA;D01A  ANTIMICOTICOS DERMATOLOG;KENER CORP.;NIMICON;2014-10-01;NIMICON CREMA 2 G 60 G;MICONAZOL;2015-04-01;2015-08-01;BAJA, por demanda
ALTA;D01A  ANTIMICOTICOS DERMATOLOG;KENER CORP.;NIMICON;2014-10-01;NIMICON CREMA 2 G 60 G;MICONAZOL;2015-12-01;2016-04-01;BAJA, por demanda
ALTA;D01A  ANTIMICOTICOS DERMATOLOG;GENOMA LAB INT;SILKA-MEDIC;2007-10-01;SILKA-MEDIC GEL 30 G;TERBINAFINA;2014-12-01;2015-04-01;ALTA, por demanda
ALTA;D01A  ANTIMICOTICOS DERMATOLOG;GENOMA LAB INT;SILKA-MEDIC;2007-10-01;SILKA-MEDIC GEL 30 G;TERBINAFINA;2017-12-01;2018-04-01;ALTA, por demanda
ALTA;D01A  ANTIMICOTICOS DERMATOLOG;LIOMONT, CORPORATION;CONAZOL K;2014-02-01;CONAZOL K CREMA 20 MG 30G+ CONAZ CRA 40 G;KETOCONAZOL;2015-12-01;2016-04-01;BAJA, por demanda
ALTA;D01A  ANTIMICOTICOS DERMATOLOG;LIOMONT, CORPORATION;CONAZOL K;2014-02-01;CONAZOL K CREMA 20 MG 30G+ CONAZ CRA 40 G;KETOCONAZOL;2017-08-01;2017-12-01;ALTA, por demanda
BAJA;D01A  ANTIMICOTICOS DERMATOLOG;LIOMONT, CORPORATION;CONAZOL K;2014-02-01;CONAZOL K CREMA 20 MG 30G+ CONAZ CRA 40 G;KETOCONAZOL;2018-08-01;2018-12-01;ALTA, por demanda
ALTA;D01A  ANTIMICOTICOS DERMATOLOG;ALPHARMA;LOSIL C;2015-08-01;LOSIL C CREMA 1 % 30 G;TERBINAFINA;2017-04-01;2017-08-01;BAJA, por demanda
BAJA;D01A  ANTIMICOTICOS DERMATOLOG;ASOFARMA;LOMEXIN;2001-05-01;LOMEXIN CREMA 2 % 30 G;FENTICONAZOL;2016-04-01;2016-08-01;lanzamiento
ALTA;D01A  ANTIMICOTICOS DERMATOLOG;GENOMA LAB INT;LAKESIA;2013-09-01;LAKESIA SOLN TOPICA 8 % 3 ML;CICLOPIROX;2014-12-01;2015-04-01;ALTA, por demanda
BAJA;D01A  ANTIMICOTICOS DERMATOLOG;GENOMA LAB INT;LAKESIA;2013-09-01;LAKESIA SOLN TOPICA 8 % 3 ML;CICLOPIROX;2015-04-01;2015-08-01;lanzamiento
ALTA;D01A  ANTIMICOTICOS DERMATOLOG;GENOMA LAB INT;LAKESIA;2013-09-01;LAKESIA SOLN TOPICA 8 % 3 ML;CICLOPIROX;2018-04-01;2018-08-01;BAJA, por demanda
ALTA;D01A  ANTIMICOTICOS DERMATOLOG;ARLEX;HONZIL;2006-05-01;HONZIL CREMA 2 % 30 G;KETOCONAZOL;2015-08-01;2015-12-01;ALTA, por demanda
ALTA;D01A  ANTIMICOTICOS DERMATOLOG;QUIMICA SON S;CLOTRIMAZOL G.I QU;2018-01-01;CLOTRIMAZOL G.I QU CREMA 20 G;CLOTRIMAZOL;2018-08-01;2018-12-01;ALTA, por demanda
ALTA;D01A  ANTIMICOTICOS DERMATOLOG;GLAXO SMITHKLINE CORP.;LAMISIL AT;2009-03-01;LAMISIL CREMA 1 % 30 G;TERBINAFINA;2014-12-01;2015-04-01;ALTA, por demanda
ALTA;D01A  ANTIMICOTICOS DERMATOLOG;GLAXO SMITHKLINE CORP.;LAMISIL AT;2009-03-01;LAMISIL CREMA 1 % 30 G;TERBINAFINA;2016-08-01;2016-12-01;ALTA, por demanda
ALTA;D01A  ANTIMICOTICOS DERMATOLOG;GLAXO SMITHKLINE CORP.;LAMISIL AT;2009-03-01;LAMISIL CREMA 1 % 30 G;TERBINAFINA;2017-12-01;2018-04-01;ALTA, por demanda
BAJA;D01A  ANTIMICOTICOS DERMATOLOG;SANFER CORP.;TING I.R.;2013-02-01;TING I.R. CREMA 48G+ TING ZONE;ACIDO UNDECILENICO + TRICLOSAN;2014-04-01;2014-08-01;lanzamiento
BAJA;D01A  ANTIMICOTICOS DERMATOLOG;SANFER CORP.;TING I.R.;2013-02-01;TING I.R. CREMA 48G+ TING ZONE;ACIDO UNDECILENICO + TRICLOSAN;2014-08-01;2014-12-01;lanzamiento
BAJA;D01A  ANTIMICOTICOS DERMATOLOG;SANFER CORP.;TING I.R.;2013-02-01;TING I.R. CREMA 48G+ TING ZONE;ACIDO UNDECILENICO + TRICLOSAN;2015-04-01;2015-08-01;lanzamiento
ALTA;D01A  ANTIMICOTICOS DERMATOLOG;LIOMONT, CORPORATION;CONAZOL K;2006-04-01;CONAZOL K TALCO SPORT 85 G;KETOCONAZOL;2014-08-01;2014-12-01;ALTA, por demanda
ALTA;D01A  ANTIMICOTICOS DERMATOLOG;LIOMONT, CORPORATION;CONAZOL K;2006-04-01;CONAZOL K TALCO SPORT 85 G;KETOCONAZOL;2016-04-01;2016-08-01;BAJA, por demanda
BAJA;D01A  ANTIMICOTICOS DERMATOLOG;LIOMONT, CORPORATION;CONAZOL K;2006-04-01;CONAZOL K TALCO SPORT 85 G;KETOCONAZOL;2016-12-01;2017-04-01;lanzamiento
ALTA;D01A  ANTIMICOTICOS DERMATOLOG;QUIFA PERRIGO;KETOCONAZOL G.I QY;2000-10-01;KETOCONAZOL G.I QY CREMA 2 % 40 G;KETOCONAZOL;2014-12-01;2015-04-01;ALTA, por demanda
ALTA;D01A  ANTIMICOTICOS DERMATOLOG;QUIFA PERRIGO;KETOCONAZOL G.I QY;2000-10-01;KETOCONAZOL G.I QY CREMA 2 % 40 G;KETOCONAZOL;2015-08-01;2015-12-01;ALTA, por demanda
ALTA;D01A  ANTIMICOTICOS DERMATOLOG;QUIFA PERRIGO;KETOCONAZOL G.I QY;2000-10-01;KETOCONAZOL G.I QY CREMA 2 % 40 G;KETOCONAZOL;2017-08-01;2017-12-01;ALTA, por demanda
ALTA;D01A  ANTIMICOTICOS DERMATOLOG;QUIFA PERRIGO;KETOCONAZOL G.I QY;2000-10-01;KETOCONAZOL G.I QY CREMA 2 % 40 G;KETOCONAZOL;2017-12-01;2018-04-01;ALTA, por demanda
BAJA;D01A  ANTIMICOTICOS DERMATOLOG;GLAXO SMITHKLINE CORP.;LAMISIL AT;2013-02-01;LAMISIL CREMA 1 % 2X1 30 G;TERBINAFINA;2015-08-01;2015-12-01;lanzamiento
BAJA;D01A  ANTIMICOTICOS DERMATOLOG;JOHNSON+JOHNSON CO;TRIATOP;2015-01-01;TRIATOP SH HIDRATA CONT CASPA 400 ML;COLAGENO + KETOCONAZOL;2015-12-01;2016-04-01;lanzamiento
BAJA;D01A  ANTIMICOTICOS DERMATOLOG;SENOSIAIN;UNASAL;2006-09-01;UNASAL CREMA 1 % 15 G;TERBINAFINA;2014-08-01;2014-12-01;lanzamiento
ALTA;D01A  ANTIMICOTICOS DERMATOLOG;ISDIN;NIOGERMOX;2012-10-01;NIOGERMOX SOLN 0.06 G 3.3 ML;CICLOPIROX;2015-04-01;2015-08-01;BAJA, por demanda
ALTA;D01A  ANTIMICOTICOS DERMATOLOG;ISDIN;NIOGERMOX;2012-10-01;NIOGERMOX SOLN 0.06 G 3.3 ML;CICLOPIROX;2015-12-01;2016-04-01;BAJA, por demanda
ALTA;D01A  ANTIMICOTICOS DERMATOLOG;ISDIN;NIOGERMOX;2012-10-01;NIOGERMOX SOLN 0.06 G 3.3 ML;CICLOPIROX;2018-04-01;2018-08-01;BAJA, por demanda
ALTA;D01A  ANTIMICOTICOS DERMATOLOG;BAYER CORP.;CANESTEN;2012-04-01;CANESTEN CREMA 1 % 35 G;CLOTRIMAZOL;2014-08-01;2014-12-01;ALTA, por demanda
ALTA;D01A  ANTIMICOTICOS DERMATOLOG;JOHNSON+JOHNSON CO;TRIATOP;2015-01-01;TRIATOP SH COMBA INT CONT CASPA 400 ML;COLAGENO + KETOCONAZOL;2015-08-01;2015-12-01;ALTA, por demanda
BAJA;D01A  ANTIMICOTICOS DERMATOLOG;JOHNSON+JOHNSON CO;TRIATOP;2015-01-01;TRIATOP SH COMBA INT CONT CASPA 400 ML;COLAGENO + KETOCONAZOL;2016-12-01;2017-04-01;lanzamiento
BAJA;D01A  ANTIMICOTICOS DERMATOLOG;ANDROMACO;CANDIMON;2011-12-01;CANDIMON CRE. DER. 30G+ 50% 45G;CLOTRIMAZOL;2015-12-01;2016-04-01;lanzamiento
ALTA;D01A  ANTIMICOTICOS DERMATOLOG;QUIFA PERRIGO;CLOTRIMAZOL G.I QY;2004-10-01;CLOTRIMAZOL G.I QY CRA 2 % 20 G;CLOTRIMAZOL;2014-08-01;2014-12-01;ALTA, por demanda
ALTA;D01A  ANTIMICOTICOS DERMATOLOG;QUIFA PERRIGO;CLOTRIMAZOL G.I QY;2004-10-01;CLOTRIMAZOL G.I QY CRA 2 % 20 G;CLOTRIMAZOL;2015-08-01;2015-12-01;ALTA, por demanda
BAJA;D01A  ANTIMICOTICOS DERMATOLOG;QUIFA PERRIGO;CLOTRIMAZOL G.I QY;2004-10-01;CLOTRIMAZOL G.I QY CRA 2 % 20 G;CLOTRIMAZOL;2016-12-01;2017-04-01;lanzamiento
BAJA;D01A  ANTIMICOTICOS DERMATOLOG;QUIFA PERRIGO;CLOTRIMAZOL G.I QY;2004-10-01;CLOTRIMAZOL G.I QY CRA 2 % 20 G;CLOTRIMAZOL;2017-12-01;2018-04-01;lanzamiento
BAJA;D01A  ANTIMICOTICOS DERMATOLOG;QUIFA PERRIGO;CLOTRIMAZOL G.I QY;2004-10-01;CLOTRIMAZOL G.I QY CRA 2 % 20 G;CLOTRIMAZOL;2018-12-01;2019-04-01;BAJA, por demanda
ALTA;D01A  ANTIMICOTICOS DERMATOLOG;GENOMA LAB INT;MEDICASP;2009-09-01;MEDICASP CHMP 2 % PACK 2 130 ML;KETOCONAZOL;2016-12-01;2017-04-01;BAJA, por demanda
ALTA;D01A  ANTIMICOTICOS DERMATOLOG;EXAKTA;SEBSTOPP;2006-03-01;SEBSTOPP SHAMPO 60 G;ALANTOINA + ALQUITRAN DE HULLA + YODO;2016-04-01;2016-08-01;BAJA, por demanda
ALTA;D01A  ANTIMICOTICOS DERMATOLOG;BAYER CORP.;CANESTEN;1985-08-01;CANESTEN POLVO 10 MG /1G 30 G;CLOTRIMAZOL;2018-08-01;2018-12-01;ALTA, por demanda
ALTA;D01A  ANTIMICOTICOS DERMATOLOG;MAVI;ZOLMIC;2014-11-01;ZOLMIC CREMA 20 G;ISOCONAZOL;2016-08-01;2016-12-01;ALTA, por demanda
ALTA;D01A  ANTIMICOTICOS DERMATOLOG;MAVI;ZOLMIC;2014-11-01;ZOLMIC CREMA 20 G;ISOCONAZOL;2017-12-01;2018-04-01;ALTA, por demanda
BAJA;D01A  ANTIMICOTICOS DERMATOLOG;NESTLE CO;LOCERYL;2003-06-01;LOCERYL CRA 0.25 % 20 G;AMOROLFINA;2014-04-01;2014-08-01;lanzamiento
BAJA;D01A  ANTIMICOTICOS DERMATOLOG;NESTLE CO;LOCERYL;2003-06-01;LOCERYL CRA 0.25 % 20 G;AMOROLFINA;2018-04-01;2018-08-01;BAJA, por demanda
BAJA;D01A  ANTIMICOTICOS DERMATOLOG;QUIFA PERRIGO;MICONAZOL G.I QYF;2001-10-01;MICONAZOL G.I QYF CRA TBO 20 G;MICONAZOL;2014-04-01;2014-08-01;lanzamiento
ALTA;D01A  ANTIMICOTICOS DERMATOLOG;QUIFA PERRIGO;MICONAZOL G.I QYF;2001-10-01;MICONAZOL G.I QYF CRA TBO 20 G;MICONAZOL;2014-08-01;2014-12-01;ALTA, por demanda
BAJA;D01A  ANTIMICOTICOS DERMATOLOG;BAYER CORP.;MYCOSPOR;1990-12-01;MYCOSPOR CREMA 1 % 20 G;BIFONAZOL;2014-12-01;2015-04-01;lanzamiento
ALTA;D01A  ANTIMICOTICOS DERMATOLOG;LIFERPAL;TINIAZOL;2003-03-01;TINIAZOL CRA 30 G;KETOCONAZOL;2014-08-01;2014-12-01;ALTA, por demanda
BAJA;D01A  ANTIMICOTICOS DERMATOLOG;LIFERPAL;TINIAZOL;2003-03-01;TINIAZOL CRA 30 G;KETOCONAZOL;2016-12-01;2017-04-01;lanzamiento
BAJA;D01A  ANTIMICOTICOS DERMATOLOG;SANFER CORP.;TING I.R.;2014-03-01;TING I.R. TALCO AERO. 150G +TING ZONE;ACIDO UNDECILENICO + TRICLOSAN;2015-12-01;2016-04-01;lanzamiento
BAJA;D01A  ANTIMICOTICOS DERMATOLOG;CIA INTER COMERCIO;DERMAN;2013-07-01;DERMAN CREMA DUOPAC 25 G;ACIDO UNDECILENICO;2014-04-01;2014-08-01;lanzamiento
BAJA;D01A  ANTIMICOTICOS DERMATOLOG;CIA INTER COMERCIO;DERMAN;2013-07-01;DERMAN CREMA DUOPAC 25 G;ACIDO UNDECILENICO;2014-08-01;2014-12-01;lanzamiento
BAJA;D01A  ANTIMICOTICOS DERMATOLOG;EUROMEX,LABS.;LECODER;2003-01-01;LECODER CREMA 2 % 20 G;MICONAZOL;2018-04-01;2018-08-01;BAJA, por demanda
ALTA;D01A  ANTIMICOTICOS DERMATOLOG;EUROMEX,LABS.;LECODER;2003-01-01;LECODER CREMA 2 % 20 G;MICONAZOL;2018-08-01;2018-12-01;ALTA, por demanda
BAJA;D01A  ANTIMICOTICOS DERMATOLOG;EUROMEX,LABS.;LECODER;2003-01-01;LECODER CREMA 2 % 20 G;MICONAZOL;2018-12-01;2019-04-01;BAJA, por demanda
ALTA;D01A  ANTIMICOTICOS DERMATOLOG;BAYER CORP.;ICADEN;1980-02-01;ICADEN CREMA 10 MG /1G 20 G;ISOCONAZOL;2014-04-01;2014-08-01;BAJA, por demanda
ALTA;D01A  ANTIMICOTICOS DERMATOLOG;BAYER CORP.;ICADEN;1980-02-01;ICADEN CREMA 10 MG /1G 20 G;ISOCONAZOL;2014-08-01;2014-12-01;ALTA, por demanda
ALTA;D01A  ANTIMICOTICOS DERMATOLOG;BAYER CORP.;ICADEN;1980-02-01;ICADEN CREMA 10 MG /1G 20 G;ISOCONAZOL;2015-04-01;2015-08-01;BAJA, por demanda
BAJA;D01A  ANTIMICOTICOS DERMATOLOG;BAYER CORP.;ICADEN;1980-02-01;ICADEN CREMA 10 MG /1G 20 G;ISOCONAZOL;2015-12-01;2016-04-01;lanzamiento
BAJA;D01A  ANTIMICOTICOS DERMATOLOG;BAYER CORP.;ICADEN;1980-02-01;ICADEN CREMA 10 MG /1G 20 G;ISOCONAZOL;2016-12-01;2017-04-01;lanzamiento
BAJA;D01A  ANTIMICOTICOS DERMATOLOG;BAYER CORP.;ICADEN;1980-02-01;ICADEN CREMA 10 MG /1G 20 G;ISOCONAZOL;2018-12-01;2019-04-01;BAJA, por demanda
BAJA;D01A  ANTIMICOTICOS DERMATOLOG;COLLINS;AKORAZOL;2005-09-01;AKORAZOL CREMA 60 G;KETOCONAZOL;2016-04-01;2016-08-01;lanzamiento
ALTA;D01A  ANTIMICOTICOS DERMATOLOG;COLLINS;AKORAZOL;2005-09-01;AKORAZOL CREMA 60 G;KETOCONAZOL;2016-08-01;2016-12-01;ALTA, por demanda
ALTA;D01A  ANTIMICOTICOS DERMATOLOG;COLLINS;AKORAZOL;2005-09-01;AKORAZOL CREMA 60 G;KETOCONAZOL;2018-12-01;2019-04-01;BAJA, por demanda
ALTA;D01A  ANTIMICOTICOS DERMATOLOG;LIOMONT, CORPORATION;MYCELVAN OTC;2008-04-01;MYCELVAN OTC CREMA TBO 15 G;TERBINAFINA;2017-12-01;2018-04-01;ALTA, por demanda
BAJA;D01A  ANTIMICOTICOS DERMATOLOG;LIOMONT, CORPORATION;MYCELVAN OTC;2008-04-01;MYCELVAN OTC CREMA TBO 15 G;TERBINAFINA;2018-04-01;2018-08-01;BAJA, por demanda
ALTA;D01A  ANTIMICOTICOS DERMATOLOG;LANDSTEINER;MICONAZOL G.I LAN;2011-05-01;MICONAZOL G.I LAN CREMA 20 G;MICONAZOL;2014-08-01;2014-12-01;ALTA, por demanda
ALTA;D01A  ANTIMICOTICOS DERMATOLOG;GRUPO FERRER;ERTACZO;2007-08-01;ERTACZO CREMA 2 % 30 G;SERTACONAZOL;2015-04-01;2015-08-01;BAJA, por demanda
ALTA;D01A  ANTIMICOTICOS DERMATOLOG;GRUPO FERRER;ERTACZO;2007-08-01;ERTACZO CREMA 2 % 30 G;SERTACONAZOL;2016-04-01;2016-08-01;BAJA, por demanda
BAJA;D01A  ANTIMICOTICOS DERMATOLOG;BIOMEP S.A. DE C.V.;MENAZAN;2009-06-01;MENAZAN TUBO 2 % 20 G;MICONAZOL;2018-12-01;2019-04-01;BAJA, por demanda
ALTA;D01A  ANTIMICOTICOS DERMATOLOG;ARLEX;TRIMAZELON;2016-03-01;TRIMAZELON CRA 1 % 20 G;CLOTRIMAZOL;2016-04-01;2016-08-01;BAJA, por demanda
ALTA;D01A  ANTIMICOTICOS DERMATOLOG;FARMACEUTICA HISPANOAMERICANA;MICONAZOL G.I HIS;2018-03-01;MICONAZOL G.I HIS CREMA 2 G 20 G;MICONAZOL;2018-04-01;2018-08-01;BAJA, por demanda
ALTA;D01A  ANTIMICOTICOS DERMATOLOG;FARMACEUTICA HISPANOAMERICANA;MICONAZOL G.I HIS;2018-03-01;MICONAZOL G.I HIS CREMA 2 G 20 G;MICONAZOL;2018-08-01;2018-12-01;ALTA, por demanda
ALTA;D01A  ANTIMICOTICOS DERMATOLOG;FARMACEUTICA HISPANOAMERICANA;MICONAZOL G.I HIS;2018-03-01;MICONAZOL G.I HIS CREMA 2 G 20 G;MICONAZOL;2018-12-01;2019-04-01;BAJA, por demanda
BAJA;D01A  ANTIMICOTICOS DERMATOLOG;QUIFA PERRIGO;FUNGIQUIM;1997-03-01;FUNGIQUIM CREMA TUBO 2 % 20 G;MICONAZOL;2014-04-01;2014-08-01;lanzamiento
BAJA;D01A  ANTIMICOTICOS DERMATOLOG;QUIFA PERRIGO;FUNGIQUIM;1997-03-01;FUNGIQUIM CREMA TUBO 2 % 20 G;MICONAZOL;2014-12-01;2015-04-01;lanzamiento
ALTA;D01A  ANTIMICOTICOS DERMATOLOG;NOVAG INFANCIA, S.A. DE C.V.;LIZOVAG;2002-07-01;LIZOVAG CRA 30 G;KETOCONAZOL;2015-08-01;2015-12-01;ALTA, por demanda
BAJA;D01A  ANTIMICOTICOS DERMATOLOG;NOVAG INFANCIA, S.A. DE C.V.;LIZOVAG;2002-07-01;LIZOVAG CRA 30 G;KETOCONAZOL;2016-12-01;2017-04-01;lanzamiento
BAJA;D01A  ANTIMICOTICOS DERMATOLOG;NOVAG INFANCIA, S.A. DE C.V.;LIZOVAG;2002-07-01;LIZOVAG CRA 30 G;KETOCONAZOL;2017-04-01;2017-08-01;lanzamiento
ALTA;D01A  ANTIMICOTICOS DERMATOLOG;CORPORATIVO RAYERE;ONOFIN-K;2003-12-01;ONOFIN-K CREMA 60 G;KETOCONAZOL;2017-12-01;2018-04-01;ALTA, por demanda
BAJA;D01A  ANTIMICOTICOS DERMATOLOG;CORPORATIVO RAYERE;ONOFIN-K;2003-12-01;ONOFIN-K CREMA 60 G;KETOCONAZOL;2018-04-01;2018-08-01;BAJA, por demanda
ALTA;D01A  ANTIMICOTICOS DERMATOLOG;CORPORATIVO RAYERE;ONOFIN-K;2003-12-01;ONOFIN-K CREMA 60 G;KETOCONAZOL;2018-08-01;2018-12-01;ALTA, por demanda
BAJA;D01A  ANTIMICOTICOS DERMATOLOG;CORPORATIVO RAYERE;ONOFIN-K;2003-12-01;ONOFIN-K CREMA 60 G;KETOCONAZOL;2018-12-01;2019-04-01;BAJA, por demanda
ALTA;D01A  ANTIMICOTICOS DERMATOLOG;ALPHARMA;TERBINAFINA G.I AL;2010-10-01;TERBINAFINA G.I AL CREMA 20 G;TERBINAFINA;2017-12-01;2018-04-01;ALTA, por demanda
BAJA;D01A  ANTIMICOTICOS DERMATOLOG;GLAXO SMITHKLINE CORP.;LAMISIL AT;2009-02-01;LAMISIL CREMA 1 % 15G 4VECE +RAP ID;TERBINAFINA;2015-04-01;2015-08-01;lanzamiento
BAJA;D01A  ANTIMICOTICOS DERMATOLOG;GLAXO SMITHKLINE CORP.;LAMISIL AT;2009-02-01;LAMISIL CREMA 1 % 15G 4VECE +RAP ID;TERBINAFINA;2016-08-01;2016-12-01;lanzamiento
ALTA;D01A  ANTIMICOTICOS DERMATOLOG;GLAXO SMITHKLINE CORP.;LAMISIL AT;2009-02-01;LAMISIL CREMA 1 % 15G 4VECE +RAP ID;TERBINAFINA;2016-12-01;2017-04-01;BAJA, por demanda
ALTA;D01A  ANTIMICOTICOS DERMATOLOG;GLAXO SMITHKLINE CORP.;LAMISIL AT;2009-02-01;LAMISIL CREMA 1 % 15G 4VECE +RAP ID;TERBINAFINA;2017-08-01;2017-12-01;ALTA, por demanda
ALTA;D01A  ANTIMICOTICOS DERMATOLOG;GLAXO SMITHKLINE CORP.;LAMISIL AT;2009-02-01;LAMISIL CREMA 1 % 15G 4VECE +RAP ID;TERBINAFINA;2017-12-01;2018-04-01;ALTA, por demanda
BAJA;D01A  ANTIMICOTICOS DERMATOLOG;BAYER CORP.;LOTRIMIN;2008-10-01;LOTRIMIN CREMA 1 % 40 G;CLOTRIMAZOL;2014-04-01;2014-08-01;lanzamiento
BAJA;D01A  ANTIMICOTICOS DERMATOLOG;BAYER CORP.;LOTRIMIN;2008-10-01;LOTRIMIN CREMA 1 % 40 G;CLOTRIMAZOL;2016-04-01;2016-08-01;lanzamiento
BAJA;D01A  ANTIMICOTICOS DERMATOLOG;LOEFFLER;TERBINAFINA G.I LO;2009-10-01;TERBINAFINA G.I LO CREMA 15 G;TERBINAFINA;2014-04-01;2014-08-01;lanzamiento
BAJA;D01A  ANTIMICOTICOS DERMATOLOG;LIFERPAL;TINIAZOL;2013-08-01;TINIAZOL CRA 40 G;KETOCONAZOL;2014-12-01;2015-04-01;lanzamiento
ALTA;D01A  ANTIMICOTICOS DERMATOLOG;LIFERPAL;TINIAZOL;2005-11-01;TINIAZOL CHMP 120 ML;KETOCONAZOL;2015-08-01;2015-12-01;ALTA, por demanda
BAJA;D01A  ANTIMICOTICOS DERMATOLOG;LIFERPAL;TINIAZOL;2005-11-01;TINIAZOL CHMP 120 ML;KETOCONAZOL;2015-12-01;2016-04-01;lanzamiento
ALTA;D01A  ANTIMICOTICOS DERMATOLOG;LIFERPAL;TINIAZOL;2005-11-01;TINIAZOL CHMP 120 ML;KETOCONAZOL;2016-08-01;2016-12-01;ALTA, por demanda
BAJA;D01A  ANTIMICOTICOS DERMATOLOG;LIFERPAL;TINIAZOL;2005-11-01;TINIAZOL CHMP 120 ML;KETOCONAZOL;2016-12-01;2017-04-01;lanzamiento
BAJA;D01A  ANTIMICOTICOS DERMATOLOG;LIFERPAL;TINIAZOL;2005-11-01;TINIAZOL CHMP 120 ML;KETOCONAZOL;2018-12-01;2019-04-01;BAJA, por demanda
ALTA;D01A  ANTIMICOTICOS DERMATOLOG;GLAXO SMITHKLINE CORP.;LAMISIL AT;1999-09-01;LAMISIL AT SPRAY TOP 1 % 30 ML;TERBINAFINA;2014-12-01;2015-04-01;ALTA, por demanda
BAJA;D01A  ANTIMICOTICOS DERMATOLOG;GLAXO SMITHKLINE CORP.;LAMISIL AT;1999-09-01;LAMISIL AT SPRAY TOP 1 % 30 ML;TERBINAFINA;2015-04-01;2015-08-01;lanzamiento
BAJA;D01A  ANTIMICOTICOS DERMATOLOG;GLAXO SMITHKLINE CORP.;LAMISIL AT;1999-09-01;LAMISIL AT SPRAY TOP 1 % 30 ML;TERBINAFINA;2016-08-01;2016-12-01;lanzamiento
ALTA;D01A  ANTIMICOTICOS DERMATOLOG;ANSEBIC;CAPIRIT;2010-11-01;CAPIRIT SHAMPO 250 ML;ACIDO SALICILICO + PIRITIONATO DE ZINC;2015-08-01;2015-12-01;ALTA, por demanda
BAJA;D01A  ANTIMICOTICOS DERMATOLOG;ANSEBIC;CAPIRIT;2010-11-01;CAPIRIT SHAMPO 250 ML;ACIDO SALICILICO + PIRITIONATO DE ZINC;2015-12-01;2016-04-01;lanzamiento
BAJA;D01A  ANTIMICOTICOS DERMATOLOG;I.Q.F.A.;CLOTRIMAZOL G.I IQ;2012-01-01;CLOTRIMAZOL G.I IQ CREMA 10 MG 30 G;CLOTRIMAZOL;2014-12-01;2015-04-01;lanzamiento
ALTA;D01A  ANTIMICOTICOS DERMATOLOG;I.Q.F.A.;CLOTRIMAZOL G.I IQ;2012-01-01;CLOTRIMAZOL G.I IQ CREMA 10 MG 30 G;CLOTRIMAZOL;2016-08-01;2016-12-01;ALTA, por demanda
ALTA;D01A  ANTIMICOTICOS DERMATOLOG;MEX AMERICA;REMECON;2002-12-01;REMECON CRA 2 % 30 G;KETOCONAZOL;2014-12-01;2015-04-01;ALTA, por demanda
ALTA;D01A  ANTIMICOTICOS DERMATOLOG;GLAXO SMITHKLINE CORP.;LAMISIL AT;2014-03-01;LAMISIL UNO GEL MQV 4 G;TERBINAFINA;2014-12-01;2015-04-01;ALTA, por demanda
BAJA;D01A  ANTIMICOTICOS DERMATOLOG;GLAXO SMITHKLINE CORP.;LAMISIL AT;2014-03-01;LAMISIL UNO GEL MQV 4 G;TERBINAFINA;2015-04-01;2015-08-01;lanzamiento
BAJA;D01A  ANTIMICOTICOS DERMATOLOG;GLAXO SMITHKLINE CORP.;LAMISIL AT;2014-03-01;LAMISIL UNO GEL MQV 4 G;TERBINAFINA;2016-08-01;2016-12-01;lanzamiento
BAJA;D01A  ANTIMICOTICOS DERMATOLOG;MAVER;TENESCAN;2004-05-01;TENESCAN CREMA 10 MG 20 G;CLOTRIMAZOL;2014-04-01;2014-08-01;lanzamiento
ALTA;D01A  ANTIMICOTICOS DERMATOLOG;MAVER;TENESCAN;2004-05-01;TENESCAN CREMA 10 MG 20 G;CLOTRIMAZOL;2016-08-01;2016-12-01;ALTA, por demanda
ALTA;D01A  ANTIMICOTICOS DERMATOLOG;COLLINS;KETOCONAZOL G.I CO;2007-12-01;KETOCONAZOL G.I CO CRA 60 G;KETOCONAZOL;2015-12-01;2016-04-01;BAJA, por demanda
ALTA;D01A  ANTIMICOTICOS DERMATOLOG;SIEGFRIED-MED;MYFUNGAR;1995-02-01;MYFUNGAR CREMA 1 % 20 G;OXICONAZOL;2014-08-01;2014-12-01;ALTA, por demanda
ALTA;D01A  ANTIMICOTICOS DERMATOLOG;SIEGFRIED-MED;MYFUNGAR;1995-02-01;MYFUNGAR CREMA 1 % 20 G;OXICONAZOL;2015-08-01;2015-12-01;ALTA, por demanda
ALTA;D01A  ANTIMICOTICOS DERMATOLOG;SIEGFRIED-MED;MYFUNGAR;1995-02-01;MYFUNGAR CREMA 1 % 20 G;OXICONAZOL;2017-04-01;2017-08-01;BAJA, por demanda
BAJA;D01A  ANTIMICOTICOS DERMATOLOG;BAYER CORP.;LOTRIMIN;1996-03-01;LOTRIMIN POLVO 1 % 75 G;MICONAZOL;2017-04-01;2017-08-01;lanzamiento
ALTA;D01A  ANTIMICOTICOS DERMATOLOG;BIOMEP S.A. DE C.V.;LICOM;2015-12-01;LICOM CREMA 1 % 20 G;ISOCONAZOL;2016-08-01;2016-12-01;ALTA, por demanda
BAJA;D01A  ANTIMICOTICOS DERMATOLOG;BIOMEP S.A. DE C.V.;LICOM;2015-12-01;LICOM CREMA 1 % 20 G;ISOCONAZOL;2016-12-01;2017-04-01;lanzamiento
ALTA;D01A  ANTIMICOTICOS DERMATOLOG;GENOMA LAB INT;UNESIA;2010-07-01;UNESIA TALCO 90 G;TRICLOSAN;2014-12-01;2015-04-01;ALTA, por demanda
ALTA;D01A  ANTIMICOTICOS DERMATOLOG;GENOMA LAB INT;UNESIA;2010-07-01;UNESIA TALCO 90 G;TRICLOSAN;2016-08-01;2016-12-01;ALTA, por demanda
ALTA;D01A  ANTIMICOTICOS DERMATOLOG;GENOMA LAB INT;UNESIA;2010-07-01;UNESIA TALCO 90 G;TRICLOSAN;2017-12-01;2018-04-01;ALTA, por demanda
ALTA;D01A  ANTIMICOTICOS DERMATOLOG;LOEFFLER;TERBINAFINA G.I LO;2011-01-01;TERBINAFINA G.I LO CREMA 1 % 30 G;TERBINAFINA;2015-08-01;2015-12-01;ALTA, por demanda
BAJA;D01A  ANTIMICOTICOS DERMATOLOG;LOEFFLER;TERBINAFINA G.I LO;2011-01-01;TERBINAFINA G.I LO CREMA 1 % 30 G;TERBINAFINA;2016-04-01;2016-08-01;lanzamiento
ALTA;D01A  ANTIMICOTICOS DERMATOLOG;LOEFFLER;TERBINAFINA G.I LO;2011-01-01;TERBINAFINA G.I LO CREMA 1 % 30 G;TERBINAFINA;2018-04-01;2018-08-01;BAJA, por demanda
ALTA;D01A  ANTIMICOTICOS DERMATOLOG;BIOMEP S.A. DE C.V.;KETOCONAZOL G.I BI;2009-10-01;KETOCONAZOL G.I BI CREMA 2 % 30 G;KETOCONAZOL;2017-04-01;2017-08-01;BAJA, por demanda
ALTA;D01A  ANTIMICOTICOS DERMATOLOG;BIOMEP S.A. DE C.V.;KETOCONAZOL G.I BI;2009-10-01;KETOCONAZOL G.I BI CREMA 2 % 30 G;KETOCONAZOL;2017-12-01;2018-04-01;ALTA, por demanda
BAJA;D01A  ANTIMICOTICOS DERMATOLOG;BIOMEP S.A. DE C.V.;KETOCONAZOL G.I BI;2009-10-01;KETOCONAZOL G.I BI CREMA 2 % 30 G;KETOCONAZOL;2018-04-01;2018-08-01;BAJA, por demanda
BAJA;D01A  ANTIMICOTICOS DERMATOLOG;SANFER CORP.;TING I.R.;1900-12-01;TING I.R. CREMA 48 G;ACIDO UNDECILENICO + TRICLOSAN;2014-08-01;2014-12-01;lanzamiento
BAJA;D01A  ANTIMICOTICOS DERMATOLOG;SANFER CORP.;TING I.R.;1900-12-01;TING I.R. CREMA 48 G;ACIDO UNDECILENICO + TRICLOSAN;2016-12-01;2017-04-01;lanzamiento
BAJA;D01A  ANTIMICOTICOS DERMATOLOG;LIOMONT, CORPORATION;CONAZOL K;1999-05-01;CONAZOL K TALCO 20 MG /1G 60 G;KETOCONAZOL;2014-04-01;2014-08-01;lanzamiento
ALTA;D01A  ANTIMICOTICOS DERMATOLOG;LIOMONT, CORPORATION;CONAZOL K;1999-05-01;CONAZOL K TALCO 20 MG /1G 60 G;KETOCONAZOL;2014-08-01;2014-12-01;ALTA, por demanda
BAJA;D01A  ANTIMICOTICOS DERMATOLOG;LIOMONT, CORPORATION;CONAZOL K;1999-05-01;CONAZOL K TALCO 20 MG /1G 60 G;KETOCONAZOL;2017-12-01;2018-04-01;lanzamiento
ALTA;D01A  ANTIMICOTICOS DERMATOLOG;LIOMONT, CORPORATION;CONAZOL K;1999-05-01;CONAZOL K TALCO 20 MG /1G 60 G;KETOCONAZOL;2018-04-01;2018-08-01;BAJA, por demanda
ALTA;D01A  ANTIMICOTICOS DERMATOLOG;LIFERPAL;KETOCONAZOL G.I LI;2009-12-01;KETOCONAZOL G.I LI SHAMPOO 2.0 G 120 ML;KETOCONAZOL;2014-08-01;2014-12-01;ALTA, por demanda
BAJA;D01A  ANTIMICOTICOS DERMATOLOG;LIFERPAL;KETOCONAZOL G.I LI;2009-12-01;KETOCONAZOL G.I LI SHAMPOO 2.0 G 120 ML;KETOCONAZOL;2015-12-01;2016-04-01;lanzamiento
BAJA;D01A  ANTIMICOTICOS DERMATOLOG;LIFERPAL;KETOCONAZOL G.I LI;2009-12-01;KETOCONAZOL G.I LI SHAMPOO 2.0 G 120 ML;KETOCONAZOL;2016-12-01;2017-04-01;lanzamiento
BAJA;D01A  ANTIMICOTICOS DERMATOLOG;LIFERPAL;KETOCONAZOL G.I LI;2009-12-01;KETOCONAZOL G.I LI SHAMPOO 2.0 G 120 ML;KETOCONAZOL;2017-04-01;2017-08-01;lanzamiento
BAJA;D01A  ANTIMICOTICOS DERMATOLOG;LIFERPAL;KETOCONAZOL G.I LI;2009-12-01;KETOCONAZOL G.I LI SHAMPOO 2.0 G 120 ML;KETOCONAZOL;2017-12-01;2018-04-01;lanzamiento
BAJA;D01A  ANTIMICOTICOS DERMATOLOG;LIFERPAL;KETOCONAZOL G.I LI;2009-12-01;KETOCONAZOL G.I LI SHAMPOO 2.0 G 120 ML;KETOCONAZOL;2018-12-01;2019-04-01;BAJA, por demanda
BAJA;D01A  ANTIMICOTICOS DERMATOLOG;LIFERPAL;MICONAZOL G.I LIF;2007-06-01;MICONAZOL G.I LIF CREMA 2 % 20 G;MICONAZOL;2014-12-01;2015-04-01;lanzamiento
BAJA;D01A  ANTIMICOTICOS DERMATOLOG;LIFERPAL;MICONAZOL G.I LIF;2007-06-01;MICONAZOL G.I LIF CREMA 2 % 20 G;MICONAZOL;2016-04-01;2016-08-01;lanzamiento
BAJA;D01A  ANTIMICOTICOS DERMATOLOG;LIFERPAL;MICONAZOL G.I LIF;2007-06-01;MICONAZOL G.I LIF CREMA 2 % 20 G;MICONAZOL;2017-12-01;2018-04-01;lanzamiento
ALTA;D01A  ANTIMICOTICOS DERMATOLOG;ALPHARMA;TERBINAFINA G.I AL;2011-07-01;TERBINAFINA G.I AL SOLN 1 % 30 ML;TERBINAFINA;2017-08-01;2017-12-01;ALTA, por demanda
ALTA;D01A  ANTIMICOTICOS DERMATOLOG;ALPHARMA;TERBINAFINA G.I AL;2011-07-01;TERBINAFINA G.I AL SOLN 1 % 30 ML;TERBINAFINA;2017-12-01;2018-04-01;ALTA, por demanda
ALTA;D01A  ANTIMICOTICOS DERMATOLOG;GENOMA LAB INT;MICOTEX;2011-08-01;MICOTEX TALCO ANTIBA 90 G;ACIDO UNDECILENICO + ALUMINIO ZIRCONIO + UNDECILENATO DE ZINC;2014-12-01;2015-04-01;ALTA, por demanda
BAJA;D01A  ANTIMICOTICOS DERMATOLOG;GENOMA LAB INT;MICOTEX;2011-08-01;MICOTEX TALCO ANTIBA 90 G;ACIDO UNDECILENICO + ALUMINIO ZIRCONIO + UNDECILENATO DE ZINC;2015-04-01;2015-08-01;lanzamiento
BAJA;D01A  ANTIMICOTICOS DERMATOLOG;BAYER CORP.;LOTRIMIN;1996-03-01;LOTRIMIN AERO 2 % 100 G;MICONAZOL;2016-04-01;2016-08-01;lanzamiento
BAJA;D01A  ANTIMICOTICOS DERMATOLOG;BAYER CORP.;LOTRIMIN;1996-03-01;LOTRIMIN AERO 2 % 100 G;MICONAZOL;2016-08-01;2016-12-01;lanzamiento
ALTA;D01A  ANTIMICOTICOS DERMATOLOG;SANFER CORP.;DESENEX;1975-03-01;DESENEX POLVO 45 G;ACIDO UNDECILENICO;2014-04-01;2014-08-01;BAJA, por demanda
BAJA;D01A  ANTIMICOTICOS DERMATOLOG;SANFER CORP.;DESENEX;1975-03-01;DESENEX POLVO 45 G;ACIDO UNDECILENICO;2014-08-01;2014-12-01;lanzamiento
BAJA;D01A  ANTIMICOTICOS DERMATOLOG;SANFER CORP.;DESENEX;1975-03-01;DESENEX POLVO 45 G;ACIDO UNDECILENICO;2014-12-01;2015-04-01;lanzamiento
BAJA;D01A  ANTIMICOTICOS DERMATOLOG;OFFENBACH;MICOFEN;2003-05-01;MICOFEN CREMA 0002 % 20 G;MICONAZOL;2016-08-01;2016-12-01;lanzamiento
ALTA;D01A  ANTIMICOTICOS DERMATOLOG;LIOMONT, CORPORATION;CONAZOL K;2001-05-01;CONAZOL K AEROSOL 85 G;KETOCONAZOL;2018-08-01;2018-12-01;ALTA, por demanda
ALTA;D01A  ANTIMICOTICOS DERMATOLOG;KENER CORP.;MICONAZOL G.I KENE;2017-04-01;MICONAZOL G.I KENE CREMA 2 G 20 G;MICONAZOL;2017-08-01;2017-12-01;ALTA, por demanda
BAJA;D01A  ANTIMICOTICOS DERMATOLOG;SANFER CORP.;TING I.R.;1976-05-01;TING I.R. CREMA 72 G;ACIDO UNDECILENICO + TRICLOSAN;2016-12-01;2017-04-01;lanzamiento
ALTA;D01A  ANTIMICOTICOS DERMATOLOG;BAYER CORP.;LOTRIMIN;2005-08-01;LOTRIMIN AERO 2 % 133 G;MICONAZOL;2014-08-01;2014-12-01;ALTA, por demanda
ALTA;D01A  ANTIMICOTICOS DERMATOLOG;BAYER CORP.;LOTRIMIN;2005-08-01;LOTRIMIN AERO 2 % 133 G;MICONAZOL;2016-08-01;2016-12-01;ALTA, por demanda
BAJA;D01A  ANTIMICOTICOS DERMATOLOG;BIOMEP S.A. DE C.V.;NAFICH;2009-10-01;NAFICH CREMA 1.0 % 15 G;TERBINAFINA;2017-08-01;2017-12-01;ALTA, por demanda
ALTA;D01A  ANTIMICOTICOS DERMATOLOG;MAVI;ZOLMIC;2015-10-01;ZOLMIC CRA VAGINAL 40G;ISOCONAZOL;2017-12-01;2018-04-01;ALTA, por demanda
ALTA;D01A  ANTIMICOTICOS DERMATOLOG;MAVI;ZOLMIC;2015-10-01;ZOLMIC CRA VAGINAL 40G;ISOCONAZOL;2018-04-01;2018-08-01;BAJA, por demanda
ALTA;D01A  ANTIMICOTICOS DERMATOLOG;LIFERPAL;CLOTRIMAZOL G.I LI;2011-01-01;CLOTRIMAZOL G.I LI CREMA 20 G;CLOTRIMAZOL;2016-08-01;2016-12-01;ALTA, por demanda
ALTA;D01A  ANTIMICOTICOS DERMATOLOG;LIFERPAL;CLOTRIMAZOL G.I LI;2011-01-01;CLOTRIMAZOL G.I LI CREMA 20 G;CLOTRIMAZOL;2016-12-01;2017-04-01;BAJA, por demanda
BAJA;D01A  ANTIMICOTICOS DERMATOLOG;CIA INTER COMERCIO;DERMAN;1900-12-01;DERMAN SOLN 35 ML;ACIDO UNDECILENICO + CLORURO DE BENZALCONIO;2014-12-01;2015-04-01;lanzamiento
ALTA;D01A  ANTIMICOTICOS DERMATOLOG;BIOMEP S.A. DE C.V.;LOZAMIR-C;2013-07-01;LOZAMIR-C CRA 1 G /100 30 G;CLOTRIMAZOL;2017-12-01;2018-04-01;ALTA, por demanda
BAJA;D01A  ANTIMICOTICOS DERMATOLOG;BIOMEP S.A. DE C.V.;LOZAMIR-C;2013-07-01;LOZAMIR-C CRA 1 G /100 30 G;CLOTRIMAZOL;2018-04-01;2018-08-01;BAJA, por demanda
BAJA;D01A  ANTIMICOTICOS DERMATOLOG;BIOMEP S.A. DE C.V.;LOZAMIR-C;2013-07-01;LOZAMIR-C CRA 1 G /100 30 G;CLOTRIMAZOL;2018-08-01;2018-12-01;ALTA, por demanda
BAJA;D01A  ANTIMICOTICOS DERMATOLOG;SANFER CORP.;DESENEX;1993-04-01;DESENEX UNGT 48 G;ACIDO UNDECILENICO;2014-04-01;2014-08-01;lanzamiento
BAJA;D01A  ANTIMICOTICOS DERMATOLOG;SANFER CORP.;DESENEX;1993-04-01;DESENEX UNGT 48 G;ACIDO UNDECILENICO;2015-04-01;2015-08-01;lanzamiento
ALTA;D01A  ANTIMICOTICOS DERMATOLOG;SANFER CORP.;DESENEX;1993-04-01;DESENEX UNGT 48 G;ACIDO UNDECILENICO;2017-04-01;2017-08-01;BAJA, por demanda
ALTA;D01A  ANTIMICOTICOS DERMATOLOG;SANFER CORP.;DESENEX;1993-04-01;DESENEX UNGT 48 G;ACIDO UNDECILENICO;2017-08-01;2017-12-01;ALTA, por demanda
BAJA;D01A  ANTIMICOTICOS DERMATOLOG;NOVAG INFANCIA, S.A. DE C.V.;KETOCONAZOL G.I NO;2010-04-01;KETOCONAZOL G.I NO CREMA 30 G;KETOCONAZOL;2016-04-01;2016-08-01;lanzamiento
BAJA;D01A  ANTIMICOTICOS DERMATOLOG;CIA INTER COMERCIO;DERMAN;2010-04-01;DERMAN CREMA 2X1 50 G;ACIDO UNDECILENICO;2014-08-01;2014-12-01;lanzamiento
ALTA;D01A  ANTIMICOTICOS DERMATOLOG;CIA INTER COMERCIO;DERMAN;2010-04-01;DERMAN CREMA 2X1 50 G;ACIDO UNDECILENICO;2015-04-01;2015-08-01;BAJA, por demanda
ALTA;D01A  ANTIMICOTICOS DERMATOLOG;GLAXO SMITHKLINE CORP.;LAMISIL AT;2008-01-01;LAMISIL SOL 1 % 4 G;TERBINAFINA;2014-08-01;2014-12-01;ALTA, por demanda
BAJA;D01A  ANTIMICOTICOS DERMATOLOG;GLAXO SMITHKLINE CORP.;LAMISIL AT;2008-01-01;LAMISIL SOL 1 % 4 G;TERBINAFINA;2016-04-01;2016-08-01;lanzamiento
BAJA;D01A  ANTIMICOTICOS DERMATOLOG;GLAXO SMITHKLINE CORP.;LAMISIL AT;2008-01-01;LAMISIL SOL 1 % 4 G;TERBINAFINA;2016-12-01;2017-04-01;lanzamiento
BAJA;D01A  ANTIMICOTICOS DERMATOLOG;GLAXO SMITHKLINE CORP.;GRISOVIN F.P.;1986-10-01;GRISOVIN F.P. TABL 250 MG 30;GRISEOFULVINA;2018-04-01;2018-08-01;BAJA, por demanda
ALTA;D01A  ANTIMICOTICOS DERMATOLOG;LIOMONT, CORPORATION;CONAZOL K;1990-10-01;CONAZOL K CREMA 20 MG /1G 30 G;KETOCONAZOL;2014-08-01;2014-12-01;ALTA, por demanda
ALTA;D01A  ANTIMICOTICOS DERMATOLOG;LIOMONT, CORPORATION;CONAZOL K;1990-10-01;CONAZOL K CREMA 20 MG /1G 30 G;KETOCONAZOL;2015-08-01;2015-12-01;ALTA, por demanda
ALTA;D01A  ANTIMICOTICOS DERMATOLOG;LIOMONT, CORPORATION;CONAZOL K;1990-10-01;CONAZOL K CREMA 20 MG /1G 30 G;KETOCONAZOL;2016-08-01;2016-12-01;ALTA, por demanda
ALTA;D01A  ANTIMICOTICOS DERMATOLOG;LIOMONT, CORPORATION;CONAZOL K;1990-10-01;CONAZOL K CREMA 20 MG /1G 30 G;KETOCONAZOL;2017-08-01;2017-12-01;ALTA, por demanda
ALTA;D01A  ANTIMICOTICOS DERMATOLOG;LIOMONT, CORPORATION;CONAZOL K;1990-10-01;CONAZOL K CREMA 20 MG /1G 30 G;KETOCONAZOL;2017-12-01;2018-04-01;ALTA, por demanda
ALTA;D01A  ANTIMICOTICOS DERMATOLOG;GENOMA LAB INT;MEDICASP;2008-10-01;MEDICASP CHMP 2 % 130 ML;KETOCONAZOL;2014-08-01;2014-12-01;ALTA, por demanda
BAJA;D01A  ANTIMICOTICOS DERMATOLOG;GENOMA LAB INT;MEDICASP;2008-10-01;MEDICASP CHMP 2 % 130 ML;KETOCONAZOL;2015-12-01;2016-04-01;lanzamiento
ALTA;D01A  ANTIMICOTICOS DERMATOLOG;GENOMA LAB INT;MEDICASP;2008-10-01;MEDICASP CHMP 2 % 130 ML;KETOCONAZOL;2017-08-01;2017-12-01;ALTA, por demanda
ALTA;D01A  ANTIMICOTICOS DERMATOLOG;GENOMA LAB INT;MEDICASP;2008-10-01;MEDICASP CHMP 2 % 130 ML;KETOCONAZOL;2018-04-01;2018-08-01;BAJA, por demanda
ALTA;D01A  ANTIMICOTICOS DERMATOLOG;GENOMA LAB INT;MEDICASP;2008-10-01;MEDICASP CHMP 2 % 130 ML;KETOCONAZOL;2018-08-01;2018-12-01;ALTA, por demanda
BAJA;D01A  ANTIMICOTICOS DERMATOLOG;BAUSCH HEALTH;DERFINA;2007-07-01;DERFINA SOLN 1.0 % 30 ML;BUTENAFINA;2016-12-01;2017-04-01;lanzamiento
BAJA;D01A  ANTIMICOTICOS DERMATOLOG;PROTEIN-APOTEX;MICONAZOL G.I PRO;1998-12-01;MICONAZOL PROTEIN CREMA TUBO 20 MG /1G 20 G;MICONAZOL;2015-04-01;2015-08-01;lanzamiento
ALTA;D01A  ANTIMICOTICOS DERMATOLOG;PROTEIN-APOTEX;MICONAZOL G.I PRO;1998-12-01;MICONAZOL PROTEIN CREMA TUBO 20 MG /1G 20 G;MICONAZOL;2016-04-01;2016-08-01;BAJA, por demanda
ALTA;D01A  ANTIMICOTICOS DERMATOLOG;GRUPO FARMACEUTICO SOMAR;LODIRTREM;2005-11-01;LODIRTREM CRA 1.0 G 30 G;CLOTRIMAZOL;2016-12-01;2017-04-01;BAJA, por demanda
BAJA;D01A  ANTIMICOTICOS DERMATOLOG;GRUPO FARMACEUTICO SOMAR;LODIRTREM;2005-11-01;LODIRTREM CRA 1.0 G 30 G;CLOTRIMAZOL;2017-08-01;2017-12-01;ALTA, por demanda
BAJA;D01A  ANTIMICOTICOS DERMATOLOG;SANFER CORP.;TING I.R.;1900-12-01;TING I.R. POLVO 85 G;ACIDO UNDECILENICO + TRICLOSAN;2016-04-01;2016-08-01;lanzamiento
ALTA;D01A  ANTIMICOTICOS DERMATOLOG;SANFER CORP.;TING I.R.;1900-12-01;TING I.R. POLVO 85 G;ACIDO UNDECILENICO + TRICLOSAN;2016-08-01;2016-12-01;ALTA, por demanda
ALTA;D01A  ANTIMICOTICOS DERMATOLOG;SANFER CORP.;TING I.R.;1900-12-01;TING I.R. POLVO 85 G;ACIDO UNDECILENICO + TRICLOSAN;2018-04-01;2018-08-01;BAJA, por demanda
ALTA;D01A  ANTIMICOTICOS DERMATOLOG;CIA INTER COMERCIO;DERMAN;1977-06-01;DERMAN CREMA 25 G;ACIDO UNDECILENICO;2014-12-01;2015-04-01;ALTA, por demanda
ALTA;D01A  ANTIMICOTICOS DERMATOLOG;CIA INTER COMERCIO;DERMAN;1977-06-01;DERMAN CREMA 25 G;ACIDO UNDECILENICO;2016-12-01;2017-04-01;BAJA, por demanda
ALTA;D01A  ANTIMICOTICOS DERMATOLOG;CIA INTER COMERCIO;DERMAN;1977-06-01;DERMAN CREMA 25 G;ACIDO UNDECILENICO;2017-08-01;2017-12-01;ALTA, por demanda
ALTA;D01A  ANTIMICOTICOS DERMATOLOG;CIA INTER COMERCIO;DERMAN;1977-06-01;DERMAN CREMA 25 G;ACIDO UNDECILENICO;2018-08-01;2018-12-01;ALTA, por demanda
BAJA;D01A  ANTIMICOTICOS DERMATOLOG;JOHNSON+JOHNSON CO;BEBEKTIN;2001-10-01;BEBEKTIN POMADA 40 G;MICONAZOL + OXIDO DE ZINC;2014-12-01;2015-04-01;lanzamiento
ALTA;D01A  ANTIMICOTICOS DERMATOLOG;JOHNSON+JOHNSON CO;BEBEKTIN;2001-10-01;BEBEKTIN POMADA 40 G;MICONAZOL + OXIDO DE ZINC;2015-04-01;2015-08-01;BAJA, por demanda
ALTA;D01A  ANTIMICOTICOS DERMATOLOG;JOHNSON+JOHNSON CO;BEBEKTIN;2001-10-01;BEBEKTIN POMADA 40 G;MICONAZOL + OXIDO DE ZINC;2015-08-01;2015-12-01;ALTA, por demanda
BAJA;D01A  ANTIMICOTICOS DERMATOLOG;JOHNSON+JOHNSON CO;BEBEKTIN;2001-10-01;BEBEKTIN POMADA 40 G;MICONAZOL + OXIDO DE ZINC;2016-12-01;2017-04-01;lanzamiento
BAJA;D01A  ANTIMICOTICOS DERMATOLOG;JOHNSON+JOHNSON CO;BEBEKTIN;2001-10-01;BEBEKTIN POMADA 40 G;MICONAZOL + OXIDO DE ZINC;2017-12-01;2018-04-01;lanzamiento
ALTA;D01A  ANTIMICOTICOS DERMATOLOG;JOHNSON+JOHNSON CO;BEBEKTIN;2001-10-01;BEBEKTIN POMADA 40 G;MICONAZOL + OXIDO DE ZINC;2018-08-01;2018-12-01;ALTA, por demanda
BAJA;D01A  ANTIMICOTICOS DERMATOLOG;JOHNSON+JOHNSON CO;BEBEKTIN;2001-10-01;BEBEKTIN POMADA 40 G;MICONAZOL + OXIDO DE ZINC;2018-12-01;2019-04-01;BAJA, por demanda
BAJA;D01A  ANTIMICOTICOS DERMATOLOG;LIOMONT, CORPORATION;CONAZOL K;2011-02-01;CONAZOL K AEROSOL 85G+ 88% GT;KETOCONAZOL;2014-08-01;2014-12-01;lanzamiento
ALTA;D01A  ANTIMICOTICOS DERMATOLOG;LIOMONT, CORPORATION;CONAZOL K;2011-02-01;CONAZOL K AEROSOL 85G+ 88% GT;KETOCONAZOL;2014-12-01;2015-04-01;ALTA, por demanda
