ALTA;J01F  MACROLIDOS Y SIMILARES;LIFERPAL;ERITROLAT;2005-10-01;ERITROLAT SUSP 125 MG 60 ML;ERITROMICINA;2015-12-01;2016-04-01;ALTA, por demanda
BAJA;J01F  MACROLIDOS Y SIMILARES;EUROMEX,LABS.;KROBICIN;2003-01-01;KROBICIN SUSP 125 MG 60 ML;CLARITROMICINA;2014-12-01;2015-04-01;BAJA, por demanda
BAJA;J01F  MACROLIDOS Y SIMILARES;EUROMEX,LABS.;KROBICIN;2003-01-01;KROBICIN SUSP 125 MG 60 ML;CLARITROMICINA;2017-04-01;2017-08-01;BAJA, por demanda
BAJA;J01F  MACROLIDOS Y SIMILARES;EUROMEX,LABS.;KROBICIN;2003-01-01;KROBICIN SUSP 125 MG 60 ML;CLARITROMICINA;2018-04-01;2018-08-01;BAJA, por demanda
ALTA;J01F  MACROLIDOS Y SIMILARES;ALPHARMA;ERITROMICINA G.I A;2011-01-01;ERITROMICINA G.I A SUSP 250 MG 100 ML;ERITROMICINA;2017-12-01;2018-04-01;BAJA, por demanda
BAJA;J01F  MACROLIDOS Y SIMILARES;VICTORY ENTERPRISE;MOXITRAL;2007-06-01;MOXITRAL TABL 500 MG 10;CLARITROMICINA;2014-12-01;2015-04-01;BAJA, por demanda
ALTA;J01F  MACROLIDOS Y SIMILARES;VICTORY ENTERPRISE;MOXITRAL;2007-06-01;MOXITRAL TABL 500 MG 10;CLARITROMICINA;2015-04-01;2015-08-01;BAJA, por demanda
ALTA;J01F  MACROLIDOS Y SIMILARES;VICTORY ENTERPRISE;MOXITRAL;2007-06-01;MOXITRAL TABL 500 MG 10;CLARITROMICINA;2016-04-01;2016-08-01;BAJA, por demanda
BAJA;J01F  MACROLIDOS Y SIMILARES;GRUPO FARMACEUTICO SOMAR;LOSERTRIN;2003-03-01;LOSERTRIN CAPS 300 MG 16;CLINDAMICINA;2014-04-01;2014-08-01;lanzamiento
ALTA;J01F  MACROLIDOS Y SIMILARES;GRUPO FARMACEUTICO SOMAR;LOSERTRIN;2003-03-01;LOSERTRIN CAPS 300 MG 16;CLINDAMICINA;2015-08-01;2015-12-01;ALTA, por demanda
BAJA;J01F  MACROLIDOS Y SIMILARES;GRUPO FARMACEUTICO SOMAR;LOSERTRIN;2003-03-01;LOSERTRIN CAPS 300 MG 16;CLINDAMICINA;2016-12-01;2017-04-01;lanzamiento
ALTA;J01F  MACROLIDOS Y SIMILARES;GRUPO FARMACEUTICO SOMAR;LOSERTRIN;2003-03-01;LOSERTRIN CAPS 300 MG 16;CLINDAMICINA;2017-04-01;2017-08-01;BAJA, por demanda
BAJA;J01F  MACROLIDOS Y SIMILARES;GRUPO FARMACEUTICO SOMAR;LOSERTRIN;2003-03-01;LOSERTRIN CAPS 300 MG 16;CLINDAMICINA;2017-12-01;2018-04-01;BAJA, por demanda
ALTA;J01F  MACROLIDOS Y SIMILARES;ZAFIRO;CLINDAMICINA G.I Z;2003-02-01;CLINDAMICINA G.I Z AMP 300 MG 2 ML;CLINDAMICINA;2014-12-01;2015-04-01;BAJA, por demanda
BAJA;J01F  MACROLIDOS Y SIMILARES;GRUPO FARMACEUTICO SOMAR;LINCOMICINA G.I SE;2013-08-01;LINCOMICINA G.I SE AMP 300 MG 6;LINCOMICINA;2015-04-01;2015-08-01;BAJA, por demanda
BAJA;J01F  MACROLIDOS Y SIMILARES;GRUPO FARMACEUTICO SOMAR;LINCOMICINA G.I SE;2013-08-01;LINCOMICINA G.I SE AMP 300 MG 6;LINCOMICINA;2015-08-01;2015-12-01;ALTA, por demanda
BAJA;J01F  MACROLIDOS Y SIMILARES;UNIPHARM;AZO-MAX;2006-01-01;AZO-MAX TABL 500 MG 3;AZITROMICINA;2014-04-01;2014-08-01;lanzamiento
ALTA;J01F  MACROLIDOS Y SIMILARES;PFIZER CORPORATION;DALACIN C;1990-09-01;DALACIN C GRAN P/SUSP 75 MG /5ML 100 ML;CLINDAMICINA;2014-08-01;2014-12-01;ALTA, por demanda
BAJA;J01F  MACROLIDOS Y SIMILARES;PFIZER CORPORATION;DALACIN C;1990-09-01;DALACIN C GRAN P/SUSP 75 MG /5ML 100 ML;CLINDAMICINA;2015-08-01;2015-12-01;ALTA, por demanda
ALTA;J01F  MACROLIDOS Y SIMILARES;PFIZER CORPORATION;DALACIN C;1990-09-01;DALACIN C GRAN P/SUSP 75 MG /5ML 100 ML;CLINDAMICINA;2016-08-01;2016-12-01;ALTA, por demanda
ALTA;J01F  MACROLIDOS Y SIMILARES;PFIZER CORPORATION;DALACIN C;1990-09-01;DALACIN C GRAN P/SUSP 75 MG /5ML 100 ML;CLINDAMICINA;2017-08-01;2017-12-01;ALTA, por demanda
BAJA;J01F  MACROLIDOS Y SIMILARES;PFIZER CORPORATION;DALACIN C;1990-09-01;DALACIN C GRAN P/SUSP 75 MG /5ML 100 ML;CLINDAMICINA;2018-04-01;2018-08-01;BAJA, por demanda
BAJA;J01F  MACROLIDOS Y SIMILARES;BAUSCH HEALTH;TEXIS;2007-08-01;TEXIS CPR G 500 MG 4;AZITROMICINA;2014-12-01;2015-04-01;BAJA, por demanda
BAJA;J01F  MACROLIDOS Y SIMILARES;BAUSCH HEALTH;TEXIS;2007-08-01;TEXIS CPR G 500 MG 4;AZITROMICINA;2017-04-01;2017-08-01;BAJA, por demanda
BAJA;J01F  MACROLIDOS Y SIMILARES;BAUSCH HEALTH;TEXIS;2007-08-01;TEXIS CPR G 500 MG 4;AZITROMICINA;2017-12-01;2018-04-01;BAJA, por demanda
BAJA;J01F  MACROLIDOS Y SIMILARES;TEVA CORPORACION;LINCOMICINA;1990-09-01;LINCOMICINA AMP. 600 MG 3 2 ML;LINCOMICINA;2014-12-01;2015-04-01;BAJA, por demanda
BAJA;J01F  MACROLIDOS Y SIMILARES;SANFER CORP.;CLARITROMICIN GI H;2015-11-01;CLARITROMICIN GI H TABL 500 MG 10;CLARITROMICINA;2017-12-01;2018-04-01;BAJA, por demanda
BAJA;J01F  MACROLIDOS Y SIMILARES;UNIPHARM;ROLICYTIN;2007-06-01;ROLICYTIN TABL 500 MG 10;CLARITROMICINA;2014-12-01;2015-04-01;BAJA, por demanda
BAJA;J01F  MACROLIDOS Y SIMILARES;BIOMEP S.A. DE C.V.;DOYCUR;2008-04-01;DOYCUR TABL 500 MG 10;CLARITROMICINA;2016-12-01;2017-04-01;lanzamiento
BAJA;J01F  MACROLIDOS Y SIMILARES;BIOMEP S.A. DE C.V.;DOYCUR;2008-04-01;DOYCUR TABL 500 MG 10;CLARITROMICINA;2018-08-01;2018-12-01;ALTA, por demanda
ALTA;J01F  MACROLIDOS Y SIMILARES;I.Q.F.A.;IQFAMICINA;2006-04-01;IQFAMICINA SUSP 250 MG 100 ML;ERITROMICINA;2018-04-01;2018-08-01;BAJA, por demanda
BAJA;J01F  MACROLIDOS Y SIMILARES;PFIZER CORPORATION;LINCOCIN;1977-12-01;LINCOCIN CAPS 500 MG 16;LINCOMICINA;2014-12-01;2015-04-01;BAJA, por demanda
BAJA;J01F  MACROLIDOS Y SIMILARES;PFIZER CORPORATION;LINCOCIN;1977-12-01;LINCOCIN CAPS 500 MG 16;LINCOMICINA;2016-04-01;2016-08-01;lanzamiento
ALTA;J01F  MACROLIDOS Y SIMILARES;PFIZER CORPORATION;LINCOCIN;1977-12-01;LINCOCIN CAPS 500 MG 16;LINCOMICINA;2016-08-01;2016-12-01;ALTA, por demanda
BAJA;J01F  MACROLIDOS Y SIMILARES;PFIZER CORPORATION;LINCOCIN;1977-12-01;LINCOCIN CAPS 500 MG 16;LINCOMICINA;2017-12-01;2018-04-01;BAJA, por demanda
ALTA;J01F  MACROLIDOS Y SIMILARES;PFIZER CORPORATION;LINCOCIN;1977-12-01;LINCOCIN CAPS 500 MG 16;LINCOMICINA;2018-08-01;2018-12-01;ALTA, por demanda
BAJA;J01F  MACROLIDOS Y SIMILARES;PFIZER CORPORATION;LINCOCIN;1977-12-01;LINCOCIN CAPS 500 MG 16;LINCOMICINA;2018-12-01;2019-04-01;BAJA, por demanda
BAJA;J01F  MACROLIDOS Y SIMILARES;BAUSCH HEALTH;ERITROVIER;2007-05-01;ERITROVIER SUSP 250 MG 100 ML;ERITROMICINA;2018-04-01;2018-08-01;BAJA, por demanda
BAJA;J01F  MACROLIDOS Y SIMILARES;BAUSCH HEALTH;ERITROVIER;2007-05-01;ERITROVIER SUSP 250 MG 100 ML;ERITROMICINA;2018-12-01;2019-04-01;BAJA, por demanda
ALTA;J01F  MACROLIDOS Y SIMILARES;GRUPO FARMACEUTICO SOMAR;LIMIDRAX;2005-11-01;LIMIDRAX AMP 300 MG 6 1 ML;LINCOMICINA;2014-04-01;2014-08-01;BAJA, por demanda
BAJA;J01F  MACROLIDOS Y SIMILARES;GRUPO FARMACEUTICO SOMAR;LIMIDRAX;2005-11-01;LIMIDRAX AMP 300 MG 6 1 ML;LINCOMICINA;2015-04-01;2015-08-01;BAJA, por demanda
ALTA;J01F  MACROLIDOS Y SIMILARES;NEOLPHARMA S.A. DE C.V;BIOERTER;2016-05-01;BIOERTER SUSP 250 MG 100 ML;ERITROMICINA;2016-04-01;2016-08-01;BAJA, por demanda
ALTA;J01F  MACROLIDOS Y SIMILARES;NEOLPHARMA S.A. DE C.V;BIOERTER;2016-05-01;BIOERTER SUSP 250 MG 100 ML;ERITROMICINA;2016-12-01;2017-04-01;BAJA, por demanda
BAJA;J01F  MACROLIDOS Y SIMILARES;ABBOTT;KLARICID;1997-12-01;KLARICID TABL OD 500 MG 10;CLARITROMICINA;2014-12-01;2015-04-01;BAJA, por demanda
ALTA;J01F  MACROLIDOS Y SIMILARES;ABBOTT;KLARICID;1997-12-01;KLARICID TABL OD 500 MG 10;CLARITROMICINA;2015-08-01;2015-12-01;ALTA, por demanda
BAJA;J01F  MACROLIDOS Y SIMILARES;ABBOTT;KLARICID;1997-12-01;KLARICID TABL OD 500 MG 10;CLARITROMICINA;2017-12-01;2018-04-01;BAJA, por demanda
BAJA;J01F  MACROLIDOS Y SIMILARES;MAVI;VIKROL;2005-10-01;VIKROL TABL 500 MG 10;CLARITROMICINA;2014-08-01;2014-12-01;ALTA, por demanda
ALTA;J01F  MACROLIDOS Y SIMILARES;MAVI;VIKROL;2005-10-01;VIKROL TABL 500 MG 10;CLARITROMICINA;2015-12-01;2016-04-01;ALTA, por demanda
BAJA;J01F  MACROLIDOS Y SIMILARES;MAVI;VIKROL;2005-10-01;VIKROL TABL 500 MG 10;CLARITROMICINA;2016-08-01;2016-12-01;ALTA, por demanda
BAJA;J01F  MACROLIDOS Y SIMILARES;MAVI;VIKROL;2005-10-01;VIKROL TABL 500 MG 10;CLARITROMICINA;2016-12-01;2017-04-01;lanzamiento
ALTA;J01F  MACROLIDOS Y SIMILARES;MAVI;VIKROL;2005-10-01;VIKROL TABL 500 MG 10;CLARITROMICINA;2017-08-01;2017-12-01;ALTA, por demanda
BAJA;J01F  MACROLIDOS Y SIMILARES;MAVI;VIKROL;2005-10-01;VIKROL TABL 500 MG 10;CLARITROMICINA;2018-12-01;2019-04-01;BAJA, por demanda
ALTA;J01F  MACROLIDOS Y SIMILARES;ALPHARMA;TROPHARMA;2005-11-01;TROPHARMA TABL 500 MG 20;ERITROMICINA;2014-04-01;2014-08-01;BAJA, por demanda
ALTA;J01F  MACROLIDOS Y SIMILARES;PFIZER CORPORATION;DALACIN C;1976-03-01;DALACIN C AMP. 600 MG 4 ML;CLINDAMICINA;2014-04-01;2014-08-01;BAJA, por demanda
BAJA;J01F  MACROLIDOS Y SIMILARES;PFIZER CORPORATION;DALACIN C;1976-03-01;DALACIN C AMP. 600 MG 4 ML;CLINDAMICINA;2014-12-01;2015-04-01;BAJA, por demanda
ALTA;J01F  MACROLIDOS Y SIMILARES;PFIZER CORPORATION;DALACIN C;1976-03-01;DALACIN C AMP. 600 MG 4 ML;CLINDAMICINA;2017-08-01;2017-12-01;ALTA, por demanda
BAJA;J01F  MACROLIDOS Y SIMILARES;PFIZER CORPORATION;DALACIN C;1976-03-01;DALACIN C AMP. 600 MG 4 ML;CLINDAMICINA;2017-12-01;2018-04-01;BAJA, por demanda
BAJA;J01F  MACROLIDOS Y SIMILARES;PFIZER CORPORATION;DALACIN C;1976-03-01;DALACIN C AMP. 600 MG 4 ML;CLINDAMICINA;2018-12-01;2019-04-01;BAJA, por demanda
ALTA;J01F  MACROLIDOS Y SIMILARES;MAVI;VIKROL;2003-01-01;VIKROL TABL 250 MG 10;CLARITROMICINA;2014-08-01;2014-12-01;ALTA, por demanda
ALTA;J01F  MACROLIDOS Y SIMILARES;MAVI;VIKROL;2003-01-01;VIKROL TABL 250 MG 10;CLARITROMICINA;2015-08-01;2015-12-01;ALTA, por demanda
BAJA;J01F  MACROLIDOS Y SIMILARES;GRUPO FARMACEUTICO SOMAR;AZITROMICINA G.I S;2005-03-01;AZITROMICIN G.I SE SUSP 200 MG /5ML 15 ML;AZITROMICINA;2015-04-01;2015-08-01;BAJA, por demanda
ALTA;J01F  MACROLIDOS Y SIMILARES;EUROMEX,LABS.;AZIBIOT;2006-08-01;AZIBIOT TABL 500 MG 3;AZITROMICINA;2015-08-01;2015-12-01;ALTA, por demanda
BAJA;J01F  MACROLIDOS Y SIMILARES;EUROMEX,LABS.;AZIBIOT;2006-08-01;AZIBIOT TABL 500 MG 3;AZITROMICINA;2017-04-01;2017-08-01;BAJA, por demanda
ALTA;J01F  MACROLIDOS Y SIMILARES;EUROMEX,LABS.;AZIBIOT;2006-08-01;AZIBIOT TABL 500 MG 3;AZITROMICINA;2017-08-01;2017-12-01;ALTA, por demanda
BAJA;J01F  MACROLIDOS Y SIMILARES;EUROMEX,LABS.;AZIBIOT;2006-08-01;AZIBIOT TABL 500 MG 3;AZITROMICINA;2017-12-01;2018-04-01;BAJA, por demanda
ALTA;J01F  MACROLIDOS Y SIMILARES;COLLINS;CIGMADIL;2005-06-01;CIGMADIL CAPS 300 MG 16;CLINDAMICINA;2015-04-01;2015-08-01;BAJA, por demanda
ALTA;J01F  MACROLIDOS Y SIMILARES;COLLINS;CIGMADIL;2005-06-01;CIGMADIL CAPS 300 MG 16;CLINDAMICINA;2017-12-01;2018-04-01;BAJA, por demanda
ALTA;J01F  MACROLIDOS Y SIMILARES;TEVA CORPORACION;CLINDAMICIN G.I TE;2005-05-01;CLINDAMICIN G.I TE CAPS 300 MG 16;CLINDAMICINA;2015-12-01;2016-04-01;ALTA, por demanda
ALTA;J01F  MACROLIDOS Y SIMILARES;CORPORATIVO RAYERE;LIBIOCID;2001-07-01;LIBIOCID AMP 600 MG 6 2 ML AD;LINCOMICINA;2014-04-01;2014-08-01;BAJA, por demanda
ALTA;J01F  MACROLIDOS Y SIMILARES;BAUSCH HEALTH;ERITROVIER;2007-05-01;ERITROVIER TABL 500 MG 20;ERITROMICINA;2015-08-01;2015-12-01;ALTA, por demanda
BAJA;J01F  MACROLIDOS Y SIMILARES;LAB. RAAM DE SAHUAYO S.A.;FOSHLENN;2008-09-01;FOSHLENN CAPS 300 MG 16;CLINDAMICINA;2015-08-01;2015-12-01;ALTA, por demanda
ALTA;J01F  MACROLIDOS Y SIMILARES;LAB. RAAM DE SAHUAYO S.A.;FOSHLENN;2008-09-01;FOSHLENN CAPS 300 MG 16;CLINDAMICINA;2018-08-01;2018-12-01;ALTA, por demanda
BAJA;J01F  MACROLIDOS Y SIMILARES;ULTRA LABORATORIOS;ERITROMICINA GI UG;2013-06-01;ERITROMICINA GI UG TABL 500 MG 20;ERITROMICINA;2015-04-01;2015-08-01;BAJA, por demanda
ALTA;J01F  MACROLIDOS Y SIMILARES;ZAFIRO;CLINDAMICINA G.I Z;2003-02-01;CLINDAMICINA G.I Z AMP 600 MG 4 ML;CLINDAMICINA;2014-12-01;2015-04-01;BAJA, por demanda
ALTA;J01F  MACROLIDOS Y SIMILARES;ZAFIRO;CLINDAMICINA G.I Z;2003-02-01;CLINDAMICINA G.I Z AMP 600 MG 4 ML;CLINDAMICINA;2015-04-01;2015-08-01;BAJA, por demanda
ALTA;J01F  MACROLIDOS Y SIMILARES;ZAFIRO;CLINDAMICINA G.I Z;2003-02-01;CLINDAMICINA G.I Z AMP 600 MG 4 ML;CLINDAMICINA;2016-08-01;2016-12-01;ALTA, por demanda
ALTA;J01F  MACROLIDOS Y SIMILARES;ZAFIRO;CLINDAMICINA G.I Z;2003-02-01;CLINDAMICINA G.I Z AMP 600 MG 4 ML;CLINDAMICINA;2017-08-01;2017-12-01;ALTA, por demanda
BAJA;J01F  MACROLIDOS Y SIMILARES;ZAFIRO;CLINDAMICINA G.I Z;2003-02-01;CLINDAMICINA G.I Z AMP 600 MG 4 ML;CLINDAMICINA;2018-08-01;2018-12-01;ALTA, por demanda
ALTA;J01F  MACROLIDOS Y SIMILARES;COLLINS;ZERTALIN;2004-08-01;ZERTALIN CAPS 250 MG 6;AZITROMICINA;2015-08-01;2015-12-01;ALTA, por demanda
BAJA;J01F  MACROLIDOS Y SIMILARES;COLLINS;ZERTALIN;2004-08-01;ZERTALIN CAPS 250 MG 6;AZITROMICINA;2016-04-01;2016-08-01;lanzamiento
BAJA;J01F  MACROLIDOS Y SIMILARES;ABBOTT;KLARICID;2003-07-01;KLARICID TABL OD 500 MG 7;CLARITROMICINA;2014-12-01;2015-04-01;BAJA, por demanda
ALTA;J01F  MACROLIDOS Y SIMILARES;ABBOTT;KLARICID;2003-07-01;KLARICID TABL OD 500 MG 7;CLARITROMICINA;2015-08-01;2015-12-01;ALTA, por demanda
BAJA;J01F  MACROLIDOS Y SIMILARES;ABBOTT;KLARICID;2003-07-01;KLARICID TABL OD 500 MG 7;CLARITROMICINA;2016-04-01;2016-08-01;lanzamiento
BAJA;J01F  MACROLIDOS Y SIMILARES;ABBOTT;KLARICID;2003-07-01;KLARICID TABL OD 500 MG 7;CLARITROMICINA;2017-12-01;2018-04-01;BAJA, por demanda
BAJA;J01F  MACROLIDOS Y SIMILARES;MAVER;CLARITROMICIN GI M;2012-08-01;CLARITROMICIN GI M TABL 500 MG 10;CLARITROMICINA;2015-04-01;2015-08-01;BAJA, por demanda
ALTA;J01F  MACROLIDOS Y SIMILARES;MAVER;CLARITROMICIN GI M;2012-08-01;CLARITROMICIN GI M TABL 500 MG 10;CLARITROMICINA;2015-12-01;2016-04-01;ALTA, por demanda
BAJA;J01F  MACROLIDOS Y SIMILARES;MAVER;CLARITROMICIN GI M;2012-08-01;CLARITROMICIN GI M TABL 500 MG 10;CLARITROMICINA;2016-04-01;2016-08-01;lanzamiento
BAJA;J01F  MACROLIDOS Y SIMILARES;MAVER;CLARITROMICIN GI M;2012-08-01;CLARITROMICIN GI M TABL 500 MG 10;CLARITROMICINA;2017-12-01;2018-04-01;BAJA, por demanda
BAJA;J01F  MACROLIDOS Y SIMILARES;MAVER;CLARITROMICIN GI M;2012-08-01;CLARITROMICIN GI M TABL 500 MG 10;CLARITROMICINA;2018-04-01;2018-08-01;BAJA, por demanda
BAJA;J01F  MACROLIDOS Y SIMILARES;MAVER;CLARITROMICIN GI M;2012-08-01;CLARITROMICIN GI M TABL 500 MG 10;CLARITROMICINA;2018-12-01;2019-04-01;BAJA, por demanda
BAJA;J01F  MACROLIDOS Y SIMILARES;BAUSCH HEALTH;LATOTRYD;2003-02-01;LATOTRYD TABL 500 MG 20;ERITROMICINA;2016-08-01;2016-12-01;ALTA, por demanda
ALTA;J01F  MACROLIDOS Y SIMILARES;BAUSCH HEALTH;LATOTRYD;2003-02-01;LATOTRYD TABL 500 MG 20;ERITROMICINA;2017-08-01;2017-12-01;ALTA, por demanda
BAJA;J01F  MACROLIDOS Y SIMILARES;PISA;CLINDAMICINA G.I P;2008-11-01;CLINDAMICINA G.I P AMP 300 MG /2ML;CLINDAMICINA;2014-04-01;2014-08-01;lanzamiento
ALTA;J01F  MACROLIDOS Y SIMILARES;PISA;CLINDAMICINA G.I P;2008-11-01;CLINDAMICINA G.I P AMP 300 MG /2ML;CLINDAMICINA;2014-08-01;2014-12-01;ALTA, por demanda
ALTA;J01F  MACROLIDOS Y SIMILARES;PISA;CLINDAMICINA G.I P;2008-11-01;CLINDAMICINA G.I P AMP 300 MG /2ML;CLINDAMICINA;2016-08-01;2016-12-01;ALTA, por demanda
BAJA;J01F  MACROLIDOS Y SIMILARES;PISA;CLINDAMICINA G.I P;2008-11-01;CLINDAMICINA G.I P AMP 300 MG /2ML;CLINDAMICINA;2018-04-01;2018-08-01;BAJA, por demanda
ALTA;J01F  MACROLIDOS Y SIMILARES;OFFENBACH;TROMICINA;2009-03-01;TROMICINA TABL 500 MG 3;AZITROMICINA;2015-08-01;2015-12-01;ALTA, por demanda
ALTA;J01F  MACROLIDOS Y SIMILARES;OFFENBACH;TROMICINA;2009-03-01;TROMICINA TABL 500 MG 3;AZITROMICINA;2016-04-01;2016-08-01;BAJA, por demanda
ALTA;J01F  MACROLIDOS Y SIMILARES;OFFENBACH;TROMICINA;2009-03-01;TROMICINA TABL 500 MG 3;AZITROMICINA;2016-12-01;2017-04-01;BAJA, por demanda
BAJA;J01F  MACROLIDOS Y SIMILARES;SENOSIAIN;ADEL;1998-04-01;ADEL TABL 500 MG 10;CLARITROMICINA;2014-12-01;2015-04-01;BAJA, por demanda
ALTA;J01F  MACROLIDOS Y SIMILARES;SENOSIAIN;ADEL;1998-04-01;ADEL TABL 500 MG 10;CLARITROMICINA;2015-12-01;2016-04-01;ALTA, por demanda
BAJA;J01F  MACROLIDOS Y SIMILARES;SENOSIAIN;ADEL;1998-04-01;ADEL TABL 500 MG 10;CLARITROMICINA;2016-04-01;2016-08-01;lanzamiento
BAJA;J01F  MACROLIDOS Y SIMILARES;SENOSIAIN;ADEL;1998-04-01;ADEL TABL 500 MG 10;CLARITROMICINA;2017-12-01;2018-04-01;BAJA, por demanda
BAJA;J01F  MACROLIDOS Y SIMILARES;SENOSIAIN;ADEL;1998-04-01;ADEL TABL 500 MG 10;CLARITROMICINA;2018-04-01;2018-08-01;BAJA, por demanda
ALTA;J01F  MACROLIDOS Y SIMILARES;MAVI;LINCOMICINA G.I MA;2010-08-01;LINCOMICINA G.I MA AMP 600 MG 6 2 ML;LINCOMICINA;2016-04-01;2016-08-01;BAJA, por demanda
BAJA;J01F  MACROLIDOS Y SIMILARES;ABBOTT;KLARICID;1999-11-01;KLARICID FILMTABS 250 MG 12;CLARITROMICINA;2014-12-01;2015-04-01;BAJA, por demanda
ALTA;J01F  MACROLIDOS Y SIMILARES;LABORATORIOS WILLMAR S.A.;ZYTROWYL;2013-08-01;ZYTROWYL TABL 250 MG 6;AZITROMICINA;2014-08-01;2014-12-01;ALTA, por demanda
BAJA;J01F  MACROLIDOS Y SIMILARES;LABORATORIOS WILLMAR S.A.;ZYTROWYL;2013-08-01;ZYTROWYL TABL 250 MG 6;AZITROMICINA;2015-04-01;2015-08-01;BAJA, por demanda
ALTA;J01F  MACROLIDOS Y SIMILARES;LABORATORIOS WILLMAR S.A.;ZYTROWYL;2013-08-01;ZYTROWYL TABL 250 MG 6;AZITROMICINA;2015-12-01;2016-04-01;ALTA, por demanda
BAJA;J01F  MACROLIDOS Y SIMILARES;LABORATORIOS WILLMAR S.A.;ZYTROWYL;2013-08-01;ZYTROWYL TABL 250 MG 6;AZITROMICINA;2016-04-01;2016-08-01;lanzamiento
ALTA;J01F  MACROLIDOS Y SIMILARES;PFIZER CORPORATION;LINCOCIN;1965-06-01;LINCOCIN AMP. 600 MG ADLT 2 ML;LINCOMICINA;2014-08-01;2014-12-01;ALTA, por demanda
BAJA;J01F  MACROLIDOS Y SIMILARES;PFIZER CORPORATION;LINCOCIN;1965-06-01;LINCOCIN AMP. 600 MG ADLT 2 ML;LINCOMICINA;2015-04-01;2015-08-01;BAJA, por demanda
BAJA;J01F  MACROLIDOS Y SIMILARES;PFIZER CORPORATION;LINCOCIN;1965-06-01;LINCOCIN AMP. 600 MG ADLT 2 ML;LINCOMICINA;2015-12-01;2016-04-01;lanzamiento
ALTA;J01F  MACROLIDOS Y SIMILARES;PFIZER CORPORATION;LINCOCIN;1965-06-01;LINCOCIN AMP. 600 MG ADLT 2 ML;LINCOMICINA;2018-08-01;2018-12-01;ALTA, por demanda
BAJA;J01F  MACROLIDOS Y SIMILARES;PFIZER CORPORATION;LINCOCIN;1965-06-01;LINCOCIN AMP. 600 MG ADLT 2 ML;LINCOMICINA;2018-12-01;2019-04-01;BAJA, por demanda
ALTA;J01F  MACROLIDOS Y SIMILARES;LANDSTEINER;ATOXITOM;2008-02-01;ATOXITOM TABL 500 MG 3;AZITROMICINA;2017-08-01;2017-12-01;ALTA, por demanda
BAJA;J01F  MACROLIDOS Y SIMILARES;LANDSTEINER;ATOXITOM;2008-02-01;ATOXITOM TABL 500 MG 3;AZITROMICINA;2017-12-01;2018-04-01;BAJA, por demanda
ALTA;J01F  MACROLIDOS Y SIMILARES;NOVAG INFANCIA, S.A. DE C.V.;AZITROMICIN G.I NO;2011-03-01;AZITROMICIN G.I NO TABL 500 MG 3;AZITROMICINA;2014-08-01;2014-12-01;ALTA, por demanda
BAJA;J01F  MACROLIDOS Y SIMILARES;NOVAG INFANCIA, S.A. DE C.V.;AZITROMICIN G.I NO;2011-03-01;AZITROMICIN G.I NO TABL 500 MG 3;AZITROMICINA;2014-12-01;2015-04-01;BAJA, por demanda
BAJA;J01F  MACROLIDOS Y SIMILARES;NOVAG INFANCIA, S.A. DE C.V.;AZITROMICIN G.I NO;2011-03-01;AZITROMICIN G.I NO TABL 500 MG 3;AZITROMICINA;2016-12-01;2017-04-01;lanzamiento
BAJA;J01F  MACROLIDOS Y SIMILARES;NOVAG INFANCIA, S.A. DE C.V.;AZITROMICIN G.I NO;2011-03-01;AZITROMICIN G.I NO TABL 500 MG 3;AZITROMICINA;2017-12-01;2018-04-01;BAJA, por demanda
BAJA;J01F  MACROLIDOS Y SIMILARES;MAVER;CLINDAMICINA G.I M;2009-02-01;CLINDAMICINA G.I M CAPS 300 MG 16;CLINDAMICINA;2014-04-01;2014-08-01;lanzamiento
BAJA;J01F  MACROLIDOS Y SIMILARES;UNIPHARM;AZO-MAX;2006-11-01;AZO-MAX SUSP 200 MG 15 ML;AZITROMICINA;2014-04-01;2014-08-01;lanzamiento
BAJA;J01F  MACROLIDOS Y SIMILARES;UNIPHARM;AZO-MAX;2006-11-01;AZO-MAX SUSP 200 MG 15 ML;AZITROMICINA;2015-08-01;2015-12-01;ALTA, por demanda
BAJA;J01F  MACROLIDOS Y SIMILARES;UNIPHARM;AZO-MAX;2006-11-01;AZO-MAX SUSP 200 MG 15 ML;AZITROMICINA;2015-12-01;2016-04-01;lanzamiento
ALTA;J01F  MACROLIDOS Y SIMILARES;LIFERPAL;ERITROLAT;2005-01-01;ERITROLAT CAPS 250 MG 12;ERITROMICINA;2016-04-01;2016-08-01;BAJA, por demanda
BAJA;J01F  MACROLIDOS Y SIMILARES;LIFERPAL;ERITROLAT;2005-01-01;ERITROLAT CAPS 250 MG 12;ERITROMICINA;2016-12-01;2017-04-01;lanzamiento
BAJA;J01F  MACROLIDOS Y SIMILARES;LIFERPAL;ERITROLAT;2005-01-01;ERITROLAT CAPS 250 MG 12;ERITROMICINA;2017-04-01;2017-08-01;BAJA, por demanda
BAJA;J01F  MACROLIDOS Y SIMILARES;UNIPHARM;ROLICYTIN;2006-02-01;ROLICYTIN SUSP 250 MG 60 ML;CLARITROMICINA;2014-08-01;2014-12-01;ALTA, por demanda
ALTA;J01F  MACROLIDOS Y SIMILARES;GENETICA LABORATORIOS SA DE CV;SAMITROGEN;2009-05-01;SAMITROGEN CAPS 500 MG 3;AZITROMICINA;2014-08-01;2014-12-01;ALTA, por demanda
ALTA;J01F  MACROLIDOS Y SIMILARES;ALVARTIS PHARMA S.A. DE C.V.;LORIZ;2008-10-01;LORIZ AMP INF 300 MG 6 2 ML;LINCOMICINA;2018-08-01;2018-12-01;ALTA, por demanda
BAJA;J01F  MACROLIDOS Y SIMILARES;TEVA CORPORACION;CLINDAMICIN GI RIM;2012-08-01;CLINDAMICIN GI RIM AMP 300 MG 2 ML;CLINDAMICINA;2014-08-01;2014-12-01;ALTA, por demanda
ALTA;J01F  MACROLIDOS Y SIMILARES;TEVA CORPORACION;CLINDAMICIN GI RIM;2012-08-01;CLINDAMICIN GI RIM AMP 300 MG 2 ML;CLINDAMICINA;2014-12-01;2015-04-01;BAJA, por demanda
BAJA;J01F  MACROLIDOS Y SIMILARES;UNIPHARM;AZITROMICIN G.I UN;2011-10-01;AZITROMICIN G.I UN TABL 500 MG 3;AZITROMICINA;2014-12-01;2015-04-01;BAJA, por demanda
BAJA;J01F  MACROLIDOS Y SIMILARES;MAVER;LINCOMICINA G.I MA;2013-10-01;LINCOMICINA G.I MA AMP 600 MG 3;LINCOMICINA;2017-12-01;2018-04-01;BAJA, por demanda
BAJA;J01F  MACROLIDOS Y SIMILARES;MAVER;LINCOMICINA G.I MA;2013-10-01;LINCOMICINA G.I MA AMP 600 MG 3;LINCOMICINA;2018-12-01;2019-04-01;BAJA, por demanda
ALTA;J01F  MACROLIDOS Y SIMILARES;NAFAR LABORATORIOS SA DE CV;DALAFAR;2007-09-01;DALAFAR CAPS 300 MG 16;CLINDAMICINA;2014-08-01;2014-12-01;ALTA, por demanda
BAJA;J01F  MACROLIDOS Y SIMILARES;NAFAR LABORATORIOS SA DE CV;DALAFAR;2007-09-01;DALAFAR CAPS 300 MG 16;CLINDAMICINA;2015-12-01;2016-04-01;lanzamiento
ALTA;J01F  MACROLIDOS Y SIMILARES;UNIPHARM;AZITROMICIN G.I UN;2011-10-01;AZITROMICIN G.I UN SUSP 200 MG 15 ML;AZITROMICINA;2014-04-01;2014-08-01;BAJA, por demanda
BAJA;J01F  MACROLIDOS Y SIMILARES;UNIPHARM;AZITROMICIN G.I UN;2011-10-01;AZITROMICIN G.I UN SUSP 200 MG 15 ML;AZITROMICINA;2014-12-01;2015-04-01;BAJA, por demanda
ALTA;J01F  MACROLIDOS Y SIMILARES;PISA;LINCOMICINA G.I PI;2018-07-01;LINCOMICINA G.I PI AMP 600 MG 6 2 ML;LINCOMICINA;2018-12-01;2019-04-01;BAJA, por demanda
BAJA;J01F  MACROLIDOS Y SIMILARES;MAVI;CLARITROMICI G.I M;2010-06-01;CLARITROMICI G.I M SUSP 250 MG 60 ML;CLARITROMICINA;2014-04-01;2014-08-01;lanzamiento
ALTA;J01F  MACROLIDOS Y SIMILARES;MAVI;CLARITROMICI G.I M;2010-06-01;CLARITROMICI G.I M SUSP 250 MG 60 ML;CLARITROMICINA;2014-08-01;2014-12-01;ALTA, por demanda
BAJA;J01F  MACROLIDOS Y SIMILARES;MAVI;CLARITROMICI G.I M;2010-06-01;CLARITROMICI G.I M SUSP 250 MG 60 ML;CLARITROMICINA;2017-04-01;2017-08-01;BAJA, por demanda
BAJA;J01F  MACROLIDOS Y SIMILARES;MAVI;CLARITROMICI G.I M;2010-06-01;CLARITROMICI G.I M SUSP 250 MG 60 ML;CLARITROMICINA;2017-08-01;2017-12-01;ALTA, por demanda
ALTA;J01F  MACROLIDOS Y SIMILARES;MAVI;CLARITROMICI G.I M;2010-06-01;CLARITROMICI G.I M SUSP 250 MG 60 ML;CLARITROMICINA;2018-08-01;2018-12-01;ALTA, por demanda
BAJA;J01F  MACROLIDOS Y SIMILARES;FARMACEUTICA HISPANOAMERICANA;LYRFHIS;2008-05-01;LYRFHIS CAPS 300 MG 16;CLINDAMICINA;2016-04-01;2016-08-01;lanzamiento
BAJA;J01F  MACROLIDOS Y SIMILARES;LANDSTEINER;LANTROM;2008-02-01;LANTROM TABL 500 MG 20;ERITROMICINA;2017-08-01;2017-12-01;ALTA, por demanda
BAJA;J01F  MACROLIDOS Y SIMILARES;ZAFIRO;CLENDAZAF;2009-07-01;CLENDAZAF AMP 600 MG 4 ML;CLINDAMICINA;2015-12-01;2016-04-01;lanzamiento
ALTA;J01F  MACROLIDOS Y SIMILARES;ZAFIRO;CLENDAZAF;2009-07-01;CLENDAZAF AMP 600 MG 4 ML;CLINDAMICINA;2016-04-01;2016-08-01;BAJA, por demanda
ALTA;J01F  MACROLIDOS Y SIMILARES;GRUPO FARMACEUTICO SOMAR;LIMIDRAX;2005-04-01;LIMIDRAX AMP 600 MG 6 2 ML;LINCOMICINA;2014-08-01;2014-12-01;ALTA, por demanda
BAJA;J01F  MACROLIDOS Y SIMILARES;GRUPO FARMACEUTICO SOMAR;LIMIDRAX;2005-04-01;LIMIDRAX AMP 600 MG 6 2 ML;LINCOMICINA;2015-12-01;2016-04-01;lanzamiento
BAJA;J01F  MACROLIDOS Y SIMILARES;GRUPO FARMACEUTICO SOMAR;LIMIDRAX;2005-04-01;LIMIDRAX AMP 600 MG 6 2 ML;LINCOMICINA;2018-12-01;2019-04-01;BAJA, por demanda
ALTA;J01F  MACROLIDOS Y SIMILARES;MAVER;KLARIX;2005-07-01;KLARIX TABL 250 MG 10;CLARITROMICINA;2016-12-01;2017-04-01;BAJA, por demanda
BAJA;J01F  MACROLIDOS Y SIMILARES;MAVER;KLARIX;2005-07-01;KLARIX TABL 250 MG 10;CLARITROMICINA;2017-04-01;2017-08-01;BAJA, por demanda
BAJA;J01F  MACROLIDOS Y SIMILARES;MAVER;KLARIX;2005-07-01;KLARIX TABL 250 MG 10;CLARITROMICINA;2017-12-01;2018-04-01;BAJA, por demanda
BAJA;J01F  MACROLIDOS Y SIMILARES;MAVER;KLARIX;2005-07-01;KLARIX TABL 250 MG 10;CLARITROMICINA;2018-04-01;2018-08-01;BAJA, por demanda
BAJA;J01F  MACROLIDOS Y SIMILARES;SANOFI CORP;RODOGYL;2001-10-01;RODOGYL TABL 250 MG 20;ESPIRAMICINA + METRONIDAZOL;2015-04-01;2015-08-01;BAJA, por demanda
BAJA;J01F  MACROLIDOS Y SIMILARES;SANOFI CORP;RODOGYL;2001-10-01;RODOGYL TABL 250 MG 20;ESPIRAMICINA + METRONIDAZOL;2015-12-01;2016-04-01;lanzamiento
BAJA;J01F  MACROLIDOS Y SIMILARES;GRUPO FARMACEUTICO SOMAR;LINCOMICINA G.I SE;2005-04-01;LINCOMICINA G.I SE AMP 600 MG 6;LINCOMICINA;2016-04-01;2016-08-01;lanzamiento
BAJA;J01F  MACROLIDOS Y SIMILARES;GRUPO FARMACEUTICO SOMAR;LINCOMICINA G.I SE;2005-04-01;LINCOMICINA G.I SE AMP 600 MG 6;LINCOMICINA;2018-08-01;2018-12-01;ALTA, por demanda
BAJA;J01F  MACROLIDOS Y SIMILARES;GRUPO FARMACEUTICO SOMAR;LINCOMICINA G.I SE;2005-04-01;LINCOMICINA G.I SE AMP 600 MG 6;LINCOMICINA;2018-12-01;2019-04-01;BAJA, por demanda
ALTA;J01F  MACROLIDOS Y SIMILARES;NAFAR LABORATORIOS SA DE CV;CLINDAMICIN G.I NA;2011-01-01;CLINDAMICIN G.I NA CAPS 300 MG 16;CLINDAMICINA;2016-04-01;2016-08-01;BAJA, por demanda
BAJA;J01F  MACROLIDOS Y SIMILARES;NAFAR LABORATORIOS SA DE CV;CLINDAMICIN G.I NA;2011-01-01;CLINDAMICIN G.I NA CAPS 300 MG 16;CLINDAMICINA;2018-08-01;2018-12-01;ALTA, por demanda
BAJA;J01F  MACROLIDOS Y SIMILARES;ANTIBIOTICOS DE MEXICO SA CV;LINCOMICINA G.I AN;2010-11-01;LINCOMICINA G.I AN AMP 300 MG 6 1 ML;LINCOMICINA;2015-04-01;2015-08-01;BAJA, por demanda
BAJA;J01F  MACROLIDOS Y SIMILARES;ANTIBIOTICOS DE MEXICO SA CV;LINCOMICINA G.I AN;2010-11-01;LINCOMICINA G.I AN AMP 300 MG 6 1 ML;LINCOMICINA;2015-12-01;2016-04-01;lanzamiento
BAJA;J01F  MACROLIDOS Y SIMILARES;ANTIBIOTICOS DE MEXICO SA CV;LINCOMICINA G.I AN;2010-11-01;LINCOMICINA G.I AN AMP 300 MG 6 1 ML;LINCOMICINA;2017-12-01;2018-04-01;BAJA, por demanda
ALTA;J01F  MACROLIDOS Y SIMILARES;BAUSCH HEALTH;ERITROMICI G.I TEC;2008-02-01;ERITROMICINA G.I T SUSP 250 MG 100 ML;ERITROMICINA;2015-12-01;2016-04-01;ALTA, por demanda
BAJA;J01F  MACROLIDOS Y SIMILARES;BAUSCH HEALTH;ERITROMICI G.I TEC;2008-02-01;ERITROMICINA G.I T SUSP 250 MG 100 ML;ERITROMICINA;2017-08-01;2017-12-01;ALTA, por demanda
ALTA;J01F  MACROLIDOS Y SIMILARES;PFIZER CORPORATION;DALACIN C;1991-01-01;DALACIN C CAPS 300 MG 16;CLINDAMICINA;2015-04-01;2015-08-01;BAJA, por demanda
ALTA;J01F  MACROLIDOS Y SIMILARES;PFIZER CORPORATION;DALACIN C;1991-01-01;DALACIN C CAPS 300 MG 16;CLINDAMICINA;2015-08-01;2015-12-01;ALTA, por demanda
ALTA;J01F  MACROLIDOS Y SIMILARES;PFIZER CORPORATION;DALACIN C;1991-01-01;DALACIN C CAPS 300 MG 16;CLINDAMICINA;2017-04-01;2017-08-01;BAJA, por demanda
ALTA;J01F  MACROLIDOS Y SIMILARES;PFIZER CORPORATION;DALACIN C;1991-01-01;DALACIN C CAPS 300 MG 16;CLINDAMICINA;2018-04-01;2018-08-01;BAJA, por demanda
BAJA;J01F  MACROLIDOS Y SIMILARES;SENOSIAIN;ADEL;2003-01-01;ADEL SUSP GDO 125 MG /5ML 60 ML;CLARITROMICINA;2016-04-01;2016-08-01;lanzamiento
BAJA;J01F  MACROLIDOS Y SIMILARES;SENOSIAIN;ADEL;2003-01-01;ADEL SUSP GDO 125 MG /5ML 60 ML;CLARITROMICINA;2016-12-01;2017-04-01;lanzamiento
BAJA;J01F  MACROLIDOS Y SIMILARES;SENOSIAIN;ADEL;2003-01-01;ADEL SUSP GDO 125 MG /5ML 60 ML;CLARITROMICINA;2018-12-01;2019-04-01;BAJA, por demanda
ALTA;J01F  MACROLIDOS Y SIMILARES;GIRARCAMPS APLIC.FARMACEUTICAS;DECLACIL;2012-02-01;DECLACIL SUSP 250 MG 60 ML;CLARITROMICINA;2015-12-01;2016-04-01;ALTA, por demanda
ALTA;J01F  MACROLIDOS Y SIMILARES;GIRARCAMPS APLIC.FARMACEUTICAS;DECLACIL;2012-02-01;DECLACIL SUSP 250 MG 60 ML;CLARITROMICINA;2016-08-01;2016-12-01;ALTA, por demanda
BAJA;J01F  MACROLIDOS Y SIMILARES;GIRARCAMPS APLIC.FARMACEUTICAS;DECLACIL;2012-02-01;DECLACIL SUSP 250 MG 60 ML;CLARITROMICINA;2016-12-01;2017-04-01;lanzamiento
ALTA;J01F  MACROLIDOS Y SIMILARES;WERMAR PHA.;CHARYN;2008-04-01;CHARYN TABL 500 MG 3;AZITROMICINA;2018-08-01;2018-12-01;ALTA, por demanda
BAJA;J01F  MACROLIDOS Y SIMILARES;WERMAR PHA.;CHARYN;2008-04-01;CHARYN TABL 500 MG 3;AZITROMICINA;2018-12-01;2019-04-01;BAJA, por demanda
ALTA;J01F  MACROLIDOS Y SIMILARES;LANDSTEINER;CLARITROMICI G.I L;2010-05-01;CLARITROMICI G.I L TABL 500 MG 10;CLARITROMICINA;2014-12-01;2015-04-01;BAJA, por demanda
BAJA;J01F  MACROLIDOS Y SIMILARES;LANDSTEINER;CLARITROMICI G.I L;2010-05-01;CLARITROMICI G.I L TABL 500 MG 10;CLARITROMICINA;2015-04-01;2015-08-01;BAJA, por demanda
BAJA;J01F  MACROLIDOS Y SIMILARES;LANDSTEINER;AZITROMICINA G.I L;2010-03-01;AZITROMICINA G.I L CAPS 500 MG 3;AZITROMICINA;2014-04-01;2014-08-01;lanzamiento
ALTA;J01F  MACROLIDOS Y SIMILARES;LANDSTEINER;AZITROMICINA G.I L;2010-03-01;AZITROMICINA G.I L CAPS 500 MG 3;AZITROMICINA;2017-08-01;2017-12-01;ALTA, por demanda
ALTA;J01F  MACROLIDOS Y SIMILARES;MAVER;LINCOMICINA G.I MA;2010-04-01;LINCOMICINA G.I MA CAPS 500 MG 16;LINCOMICINA;2014-12-01;2015-04-01;BAJA, por demanda
BAJA;J01F  MACROLIDOS Y SIMILARES;MAVER;LINCOMICINA G.I MA;2010-04-01;LINCOMICINA G.I MA CAPS 500 MG 16;LINCOMICINA;2018-12-01;2019-04-01;BAJA, por demanda
ALTA;J01F  MACROLIDOS Y SIMILARES;PFIZER CORPORATION;DALACIN C RTU;1996-10-01;DALACIN C RTU SOL INY BOLS 900 MG 50 ML;CLINDAMICINA;2014-08-01;2014-12-01;ALTA, por demanda
ALTA;J01F  MACROLIDOS Y SIMILARES;PFIZER CORPORATION;DALACIN C RTU;1996-10-01;DALACIN C RTU SOL INY BOLS 900 MG 50 ML;CLINDAMICINA;2017-12-01;2018-04-01;BAJA, por demanda
ALTA;J01F  MACROLIDOS Y SIMILARES;PFIZER CORPORATION;DALACIN C RTU;1996-10-01;DALACIN C RTU SOL INY BOLS 900 MG 50 ML;CLINDAMICINA;2018-08-01;2018-12-01;ALTA, por demanda
ALTA;J01F  MACROLIDOS Y SIMILARES;AVIVIA PHARMA S.A. DE C.V.;CLINDAMICINA GI AV;2017-03-01;CLINDAMICINA GI AV CAPS 300 MG 16;CLINDAMICINA;2017-12-01;2018-04-01;BAJA, por demanda
ALTA;J01F  MACROLIDOS Y SIMILARES;AVIVIA PHARMA S.A. DE C.V.;CLINDAMICINA GI AV;2017-03-01;CLINDAMICINA GI AV CAPS 300 MG 16;CLINDAMICINA;2018-04-01;2018-08-01;BAJA, por demanda
BAJA;J01F  MACROLIDOS Y SIMILARES;AVIVIA PHARMA S.A. DE C.V.;CLINDAMICINA GI AV;2017-03-01;CLINDAMICINA GI AV CAPS 300 MG 16;CLINDAMICINA;2018-08-01;2018-12-01;ALTA, por demanda
ALTA;J01F  MACROLIDOS Y SIMILARES;GRUPO FARMACEUTICO SOMAR;AZTROGECIN;2005-11-01;AZTROGECIN TABL 500 MG 3;AZITROMICINA;2015-08-01;2015-12-01;ALTA, por demanda
BAJA;J01F  MACROLIDOS Y SIMILARES;GRUPO FARMACEUTICO SOMAR;AZTROGECIN;2005-11-01;AZTROGECIN TABL 500 MG 3;AZITROMICINA;2016-04-01;2016-08-01;lanzamiento
ALTA;J01F  MACROLIDOS Y SIMILARES;LANDSTEINER;ERITROMICIN G.I LA;2010-04-01;ERITROMICIN G.I LA TABL 500 MG 20;ERITROMICINA;2014-08-01;2014-12-01;ALTA, por demanda
BAJA;J01F  MACROLIDOS Y SIMILARES;LANDSTEINER;ERITROMICIN G.I LA;2010-04-01;ERITROMICIN G.I LA TABL 500 MG 20;ERITROMICINA;2014-12-01;2015-04-01;BAJA, por demanda
BAJA;J01F  MACROLIDOS Y SIMILARES;LANDSTEINER;ERITROMICIN G.I LA;2010-04-01;ERITROMICIN G.I LA TABL 500 MG 20;ERITROMICINA;2017-12-01;2018-04-01;BAJA, por demanda
BAJA;J01F  MACROLIDOS Y SIMILARES;TEVA CORPORACION;LINCOMICINA GI INT;2013-11-01;LINCOMICINA GI INT AMP 300 MG C/3;LINCOMICINA;2015-04-01;2015-08-01;BAJA, por demanda
ALTA;J01F  MACROLIDOS Y SIMILARES;BRULUART;KLAMOXIL;2005-11-01;KLAMOXYL CAPS 300 MG 16;CLINDAMICINA;2014-08-01;2014-12-01;ALTA, por demanda
ALTA;J01F  MACROLIDOS Y SIMILARES;BRULUART;KLAMOXIL;2005-11-01;KLAMOXYL CAPS 300 MG 16;CLINDAMICINA;2015-08-01;2015-12-01;ALTA, por demanda
BAJA;J01F  MACROLIDOS Y SIMILARES;PFIZER CORPORATION;LINCOCIN;1989-04-01;LINCOCIN AMP. 600 MG ADLT 6 2 ML;LINCOMICINA;2014-12-01;2015-04-01;BAJA, por demanda
ALTA;J01F  MACROLIDOS Y SIMILARES;PFIZER CORPORATION;LINCOCIN;1989-04-01;LINCOCIN AMP. 600 MG ADLT 6 2 ML;LINCOMICINA;2016-08-01;2016-12-01;ALTA, por demanda
ALTA;J01F  MACROLIDOS Y SIMILARES;PFIZER CORPORATION;LINCOCIN;1989-04-01;LINCOCIN AMP. 600 MG ADLT 6 2 ML;LINCOMICINA;2018-08-01;2018-12-01;ALTA, por demanda
BAJA;J01F  MACROLIDOS Y SIMILARES;PFIZER CORPORATION;LINCOCIN;1989-04-01;LINCOCIN AMP. 600 MG ADLT 6 2 ML;LINCOMICINA;2018-12-01;2019-04-01;BAJA, por demanda
ALTA;J01F  MACROLIDOS Y SIMILARES;ARLEX;ERYLAR-ST;2004-09-01;ERYLAR-ST CAPS 500 MG 20;ERITROMICINA;2016-08-01;2016-12-01;ALTA, por demanda
ALTA;J01F  MACROLIDOS Y SIMILARES;ARLEX;ERYLAR-ST;2004-09-01;ERYLAR-ST CAPS 500 MG 20;ERITROMICINA;2016-12-01;2017-04-01;BAJA, por demanda
ALTA;J01F  MACROLIDOS Y SIMILARES;MAVER;INDACIL;2004-01-01;INDACIL CAPS 300 MG 16;CLINDAMICINA;2015-08-01;2015-12-01;ALTA, por demanda
ALTA;J01F  MACROLIDOS Y SIMILARES;MAVER;INDACIL;2004-01-01;INDACIL CAPS 300 MG 16;CLINDAMICINA;2016-08-01;2016-12-01;ALTA, por demanda
BAJA;J01F  MACROLIDOS Y SIMILARES;MAVI;BACTOKINA;2005-10-01;BACTOKINA AMP 600 MG 6 2 ML;LINCOMICINA;2014-12-01;2015-04-01;BAJA, por demanda
BAJA;J01F  MACROLIDOS Y SIMILARES;SANFER CORP.;ILOSONE;1991-06-01;ILOSONE SUSP 125 MG /5ML 120 ML;ERITROMICINA;2016-04-01;2016-08-01;lanzamiento
BAJA;J01F  MACROLIDOS Y SIMILARES;SANFER CORP.;ILOSONE;1991-06-01;ILOSONE SUSP 125 MG /5ML 120 ML;ERITROMICINA;2017-04-01;2017-08-01;BAJA, por demanda
BAJA;J01F  MACROLIDOS Y SIMILARES;SANFER CORP.;ILOSONE;1991-06-01;ILOSONE SUSP 125 MG /5ML 120 ML;ERITROMICINA;2018-04-01;2018-08-01;BAJA, por demanda
BAJA;J01F  MACROLIDOS Y SIMILARES;SANFER CORP.;ILOSONE;1991-06-01;ILOSONE SUSP 125 MG /5ML 120 ML;ERITROMICINA;2018-12-01;2019-04-01;BAJA, por demanda
BAJA;J01F  MACROLIDOS Y SIMILARES;PFIZER CORPORATION;AZITROCIN;1994-02-01;AZITROCIN TABL G 500 MG 4;AZITROMICINA;2016-08-01;2016-12-01;ALTA, por demanda
ALTA;J01F  MACROLIDOS Y SIMILARES;PFIZER CORPORATION;AZITROCIN;1994-02-01;AZITROCIN TABL G 500 MG 4;AZITROMICINA;2017-08-01;2017-12-01;ALTA, por demanda
BAJA;J01F  MACROLIDOS Y SIMILARES;PFIZER CORPORATION;AZITROCIN;1994-02-01;AZITROCIN TABL G 500 MG 4;AZITROMICINA;2017-12-01;2018-04-01;BAJA, por demanda
ALTA;J01F  MACROLIDOS Y SIMILARES;PFIZER CORPORATION;AZITROCIN;1994-02-01;AZITROCIN TABL G 500 MG 4;AZITROMICINA;2018-04-01;2018-08-01;BAJA, por demanda
ALTA;J01F  MACROLIDOS Y SIMILARES;PFIZER CORPORATION;AZITROCIN;1994-02-01;AZITROCIN TABL G 500 MG 4;AZITROMICINA;2018-08-01;2018-12-01;ALTA, por demanda
BAJA;J01F  MACROLIDOS Y SIMILARES;PFIZER CORPORATION;AZITROCIN;1994-02-01;AZITROCIN TABL G 500 MG 4;AZITROMICINA;2018-12-01;2019-04-01;BAJA, por demanda
BAJA;J01F  MACROLIDOS Y SIMILARES;ABBOTT;PANTOMICINA;1988-03-01;PANTOMICINA FILMTABS 600 MG 12;ERITROMICINA;2014-04-01;2014-08-01;lanzamiento
BAJA;J01F  MACROLIDOS Y SIMILARES;ABBOTT;PANTOMICINA;1988-03-01;PANTOMICINA FILMTABS 600 MG 12;ERITROMICINA;2014-12-01;2015-04-01;BAJA, por demanda
BAJA;J01F  MACROLIDOS Y SIMILARES;ABBOTT;PANTOMICINA;1988-03-01;PANTOMICINA FILMTABS 600 MG 12;ERITROMICINA;2018-04-01;2018-08-01;BAJA, por demanda
BAJA;J01F  MACROLIDOS Y SIMILARES;SENOSIAIN;ADEL;1998-04-01;ADEL TABL 250 MG 10;CLARITROMICINA;2014-12-01;2015-04-01;BAJA, por demanda
BAJA;J01F  MACROLIDOS Y SIMILARES;SENOSIAIN;ADEL;1998-04-01;ADEL TABL 250 MG 10;CLARITROMICINA;2015-04-01;2015-08-01;BAJA, por demanda
ALTA;J01F  MACROLIDOS Y SIMILARES;SENOSIAIN;ADEL;1998-04-01;ADEL TABL 250 MG 10;CLARITROMICINA;2015-12-01;2016-04-01;ALTA, por demanda
BAJA;J01F  MACROLIDOS Y SIMILARES;SENOSIAIN;ADEL;1998-04-01;ADEL TABL 250 MG 10;CLARITROMICINA;2017-12-01;2018-04-01;BAJA, por demanda
BAJA;J01F  MACROLIDOS Y SIMILARES;SENOSIAIN;ADEL;1998-04-01;ADEL TABL 250 MG 10;CLARITROMICINA;2018-04-01;2018-08-01;BAJA, por demanda
BAJA;J01F  MACROLIDOS Y SIMILARES;CORPORATIVO RAYERE;BIODACLIN;2005-08-01;BIODACLIN CAPS 300 MG 16;CLINDAMICINA;2014-12-01;2015-04-01;BAJA, por demanda
BAJA;J01F  MACROLIDOS Y SIMILARES;CORPORATIVO RAYERE;BIODACLIN;2005-08-01;BIODACLIN CAPS 300 MG 16;CLINDAMICINA;2018-04-01;2018-08-01;BAJA, por demanda
BAJA;J01F  MACROLIDOS Y SIMILARES;VICTORY ENTERPRISE;MOXITRAL;2014-06-01;MOXITRAL TABL 500 MG 30;CLARITROMICINA;2014-08-01;2014-12-01;ALTA, por demanda
ALTA;J01F  MACROLIDOS Y SIMILARES;VICTORY ENTERPRISE;MOXITRAL;2014-06-01;MOXITRAL TABL 500 MG 30;CLARITROMICINA;2015-08-01;2015-12-01;ALTA, por demanda
BAJA;J01F  MACROLIDOS Y SIMILARES;VICTORY ENTERPRISE;MOXITRAL;2014-06-01;MOXITRAL TABL 500 MG 30;CLARITROMICINA;2017-04-01;2017-08-01;BAJA, por demanda
BAJA;J01F  MACROLIDOS Y SIMILARES;VICTORY ENTERPRISE;MOXITRAL;2014-06-01;MOXITRAL TABL 500 MG 30;CLARITROMICINA;2018-04-01;2018-08-01;BAJA, por demanda
BAJA;J01F  MACROLIDOS Y SIMILARES;PROTEIN-APOTEX;CLINDAMICINA G.I P;2005-11-01;CLINDAMICINA G.I P TABL 300 MG 16;CLINDAMICINA;2015-12-01;2016-04-01;lanzamiento
ALTA;J01F  MACROLIDOS Y SIMILARES;BAUSCH HEALTH;LATOTRYD;2003-02-01;LATOTRYD SUSP 250 MG 100 ML;ERITROMICINA;2016-08-01;2016-12-01;ALTA, por demanda
ALTA;J01F  MACROLIDOS Y SIMILARES;BAUSCH HEALTH;LATOTRYD;2003-02-01;LATOTRYD SUSP 250 MG 100 ML;ERITROMICINA;2016-12-01;2017-04-01;BAJA, por demanda
BAJA;J01F  MACROLIDOS Y SIMILARES;ULTRA LABORATORIOS;CLARITROMICIN GI U;2013-01-01;CLARITROMICIN GI U TABL 500 MG 10;CLARITROMICINA;2014-04-01;2014-08-01;lanzamiento
ALTA;J01F  MACROLIDOS Y SIMILARES;ULTRA LABORATORIOS;CLARITROMICIN GI U;2013-01-01;CLARITROMICIN GI U TABL 500 MG 10;CLARITROMICINA;2015-08-01;2015-12-01;ALTA, por demanda
BAJA;J01F  MACROLIDOS Y SIMILARES;ARLEX;ANCINE;2004-02-01;ANCINE CAPS 300 MG 16;CLINDAMICINA;2015-08-01;2015-12-01;ALTA, por demanda
BAJA;J01F  MACROLIDOS Y SIMILARES;PFIZER CORPORATION;LINCOCIN;1990-09-01;LINCOCIN JBE 250 MG /5ML 100 ML;LINCOMICINA;2016-04-01;2016-08-01;lanzamiento
BAJA;J01F  MACROLIDOS Y SIMILARES;PFIZER CORPORATION;LINCOCIN;1990-09-01;LINCOCIN JBE 250 MG /5ML 100 ML;LINCOMICINA;2018-04-01;2018-08-01;BAJA, por demanda
BAJA;J01F  MACROLIDOS Y SIMILARES;PFIZER CORPORATION;LINCOCIN;1990-09-01;LINCOCIN JBE 250 MG /5ML 100 ML;LINCOMICINA;2018-12-01;2019-04-01;BAJA, por demanda
ALTA;J01F  MACROLIDOS Y SIMILARES;QUIMICA SON S;LINCOMICINA G.I QU;2016-02-01;LINCOMICINA G.I QU CAPS 500 MG 12;LINCOMICINA;2015-12-01;2016-04-01;ALTA, por demanda
BAJA;J01F  MACROLIDOS Y SIMILARES;QUIMICA SON S;LINCOMICINA G.I QU;2016-02-01;LINCOMICINA G.I QU CAPS 500 MG 12;LINCOMICINA;2017-12-01;2018-04-01;BAJA, por demanda
BAJA;J01F  MACROLIDOS Y SIMILARES;QUIMICA SON S;LINCOMICINA G.I QU;2016-02-01;LINCOMICINA G.I QU CAPS 500 MG 12;LINCOMICINA;2018-12-01;2019-04-01;BAJA, por demanda
BAJA;J01F  MACROLIDOS Y SIMILARES;BAUSCH HEALTH;TEXIS;2006-07-01;TEXIS SUSP 600 MG 15 ML;AZITROMICINA;2014-04-01;2014-08-01;lanzamiento
BAJA;J01F  MACROLIDOS Y SIMILARES;BAUSCH HEALTH;TEXIS;2006-07-01;TEXIS SUSP 600 MG 15 ML;AZITROMICINA;2016-04-01;2016-08-01;lanzamiento
BAJA;J01F  MACROLIDOS Y SIMILARES;MAVI;DESTRALINA;2003-09-01;DESTRALINA CAPS 300 MG 16;CLINDAMICINA;2015-12-01;2016-04-01;lanzamiento
BAJA;J01F  MACROLIDOS Y SIMILARES;PFIZER CORPORATION;LINCOCIN;2003-01-01;LINCOCIN AMP JGA PREL 300 MG 6 1 ML;LINCOMICINA;2015-04-01;2015-08-01;BAJA, por demanda
BAJA;J01F  MACROLIDOS Y SIMILARES;PFIZER CORPORATION;LINCOCIN;2003-01-01;LINCOCIN AMP JGA PREL 300 MG 6 1 ML;LINCOMICINA;2016-04-01;2016-08-01;lanzamiento
BAJA;J01F  MACROLIDOS Y SIMILARES;PFIZER CORPORATION;LINCOCIN;2003-01-01;LINCOCIN AMP JGA PREL 300 MG 6 1 ML;LINCOMICINA;2017-12-01;2018-04-01;BAJA, por demanda
BAJA;J01F  MACROLIDOS Y SIMILARES;GRUPO FARMACEUTICO SOMAR;AZTROGECIN;2006-02-01;AZTROGECIN SUSP 200 MG 15 ML;AZITROMICINA;2017-04-01;2017-08-01;BAJA, por demanda
ALTA;J01F  MACROLIDOS Y SIMILARES;GRUPO FARMACEUTICO SOMAR;AZTROGECIN;2006-02-01;AZTROGECIN SUSP 200 MG 15 ML;AZITROMICINA;2017-12-01;2018-04-01;BAJA, por demanda
BAJA;J01F  MACROLIDOS Y SIMILARES;GRUPO FARMACEUTICO SOMAR;AZTROGECIN;2006-02-01;AZTROGECIN SUSP 200 MG 15 ML;AZITROMICINA;2018-04-01;2018-08-01;BAJA, por demanda
ALTA;J01F  MACROLIDOS Y SIMILARES;LIOMONT, CORPORATION;MACROZIT;2016-03-01;MACROZIT TABL 500 MG 5;AZITROMICINA;2016-08-01;2016-12-01;ALTA, por demanda
ALTA;J01F  MACROLIDOS Y SIMILARES;LIOMONT, CORPORATION;MACROZIT;2016-03-01;MACROZIT TABL 500 MG 5;AZITROMICINA;2018-08-01;2018-12-01;ALTA, por demanda
ALTA;J01F  MACROLIDOS Y SIMILARES;RANDALL;QUILAMICINA;2007-06-01;QUILAMICINA SUSP 250 MG 60 ML;ERITROMICINA;2015-12-01;2016-04-01;ALTA, por demanda
BAJA;J01F  MACROLIDOS Y SIMILARES;RANDALL;QUILAMICINA;2007-06-01;QUILAMICINA SUSP 250 MG 60 ML;ERITROMICINA;2016-04-01;2016-08-01;lanzamiento
ALTA;J01F  MACROLIDOS Y SIMILARES;LABORATORIOS WILLMAR S.A.;ZYTROWYL;2013-08-01;ZYTROWYL TABL 500 MG 6;AZITROMICINA;2016-08-01;2016-12-01;ALTA, por demanda
BAJA;J01F  MACROLIDOS Y SIMILARES;LABORATORIOS WILLMAR S.A.;ZYTROWYL;2013-08-01;ZYTROWYL TABL 500 MG 6;AZITROMICINA;2016-12-01;2017-04-01;lanzamiento
ALTA;J01F  MACROLIDOS Y SIMILARES;LABORATORIOS WILLMAR S.A.;ZYTROWYL;2013-08-01;ZYTROWYL TABL 500 MG 6;AZITROMICINA;2017-04-01;2017-08-01;BAJA, por demanda
ALTA;J01F  MACROLIDOS Y SIMILARES;LABORATORIOS WILLMAR S.A.;ZYTROWYL;2013-08-01;ZYTROWYL TABL 500 MG 6;AZITROMICINA;2018-04-01;2018-08-01;BAJA, por demanda
ALTA;J01F  MACROLIDOS Y SIMILARES;COLLINS;AZITROMICINA G.I C;2008-05-01;AZITROMICINA G.I C TABL 500 MG 3;AZITROMICINA;2014-04-01;2014-08-01;BAJA, por demanda
BAJA;J01F  MACROLIDOS Y SIMILARES;COLLINS;AZITROMICINA G.I C;2008-05-01;AZITROMICINA G.I C TABL 500 MG 3;AZITROMICINA;2015-04-01;2015-08-01;BAJA, por demanda
ALTA;J01F  MACROLIDOS Y SIMILARES;COLLINS;AZITROMICINA G.I C;2008-05-01;AZITROMICINA G.I C TABL 500 MG 3;AZITROMICINA;2015-08-01;2015-12-01;ALTA, por demanda
BAJA;J01F  MACROLIDOS Y SIMILARES;COLLINS;AZITROMICINA G.I C;2008-05-01;AZITROMICINA G.I C TABL 500 MG 3;AZITROMICINA;2017-12-01;2018-04-01;BAJA, por demanda
ALTA;J01F  MACROLIDOS Y SIMILARES;SILANES CORP.;AZIDRAL;2008-02-01;AZIDRAL TABL 500 MG 3;AZITROMICINA;2014-04-01;2014-08-01;BAJA, por demanda
BAJA;J01F  MACROLIDOS Y SIMILARES;SILANES CORP.;AZIDRAL;2008-02-01;AZIDRAL TABL 500 MG 3;AZITROMICINA;2015-08-01;2015-12-01;ALTA, por demanda
ALTA;J01F  MACROLIDOS Y SIMILARES;SILANES CORP.;AZIDRAL;2008-02-01;AZIDRAL TABL 500 MG 3;AZITROMICINA;2016-08-01;2016-12-01;ALTA, por demanda
BAJA;J01F  MACROLIDOS Y SIMILARES;SILANES CORP.;AZIDRAL;2008-02-01;AZIDRAL TABL 500 MG 3;AZITROMICINA;2017-04-01;2017-08-01;BAJA, por demanda
BAJA;J01F  MACROLIDOS Y SIMILARES;SILANES CORP.;AZIDRAL;2008-02-01;AZIDRAL TABL 500 MG 3;AZITROMICINA;2017-08-01;2017-12-01;ALTA, por demanda
ALTA;J01F  MACROLIDOS Y SIMILARES;ABBOTT;PANTOMICINA;1900-12-01;PANTOMICINA FILMTABS 250 MG 16;ERITROMICINA;2017-08-01;2017-12-01;ALTA, por demanda
ALTA;J01F  MACROLIDOS Y SIMILARES;ABBOTT;PANTOMICINA;1900-12-01;PANTOMICINA FILMTABS 250 MG 16;ERITROMICINA;2018-12-01;2019-04-01;BAJA, por demanda
ALTA;J01F  MACROLIDOS Y SIMILARES;SANFER CORP.;ILOSONE;1995-10-01;ILOSONE TABL 500 MG 20;ERITROMICINA;2014-08-01;2014-12-01;ALTA, por demanda
ALTA;J01F  MACROLIDOS Y SIMILARES;SANFER CORP.;ILOSONE;1995-10-01;ILOSONE TABL 500 MG 20;ERITROMICINA;2015-12-01;2016-04-01;ALTA, por demanda
BAJA;J01F  MACROLIDOS Y SIMILARES;SANFER CORP.;ILOSONE;1995-10-01;ILOSONE TABL 500 MG 20;ERITROMICINA;2017-12-01;2018-04-01;BAJA, por demanda
BAJA;J01F  MACROLIDOS Y SIMILARES;SANFER CORP.;ILOSONE;1995-10-01;ILOSONE TABL 500 MG 20;ERITROMICINA;2018-12-01;2019-04-01;BAJA, por demanda
BAJA;J01F  MACROLIDOS Y SIMILARES;PISA;CLARITROMICIN GI P;2012-09-01;CLARITROMICIN GI P TABL 500 MG 10;CLARITROMICINA;2014-12-01;2015-04-01;BAJA, por demanda
ALTA;J01F  MACROLIDOS Y SIMILARES;PISA;CLARITROMICIN GI P;2012-09-01;CLARITROMICIN GI P TABL 500 MG 10;CLARITROMICINA;2015-12-01;2016-04-01;ALTA, por demanda
BAJA;J01F  MACROLIDOS Y SIMILARES;PISA;CLARITROMICIN GI P;2012-09-01;CLARITROMICIN GI P TABL 500 MG 10;CLARITROMICINA;2018-04-01;2018-08-01;BAJA, por demanda
ALTA;J01F  MACROLIDOS Y SIMILARES;SANOFI CORP;CLINDAMICINA G.I W;2010-01-01;CLINDAMICINA G.I W CAPS 300 MG 16;CLINDAMICINA;2015-04-01;2015-08-01;BAJA, por demanda
ALTA;J01F  MACROLIDOS Y SIMILARES;GRUPO FARMACEUTICO SOMAR;AZITROMICINA G.I S;2004-10-01;AZITROMICINA G.I S TABL 500 MG 3;AZITROMICINA;2014-08-01;2014-12-01;ALTA, por demanda
ALTA;J01F  MACROLIDOS Y SIMILARES;GRUPO FARMACEUTICO SOMAR;AZITROMICINA G.I S;2004-10-01;AZITROMICINA G.I S TABL 500 MG 3;AZITROMICINA;2015-08-01;2015-12-01;ALTA, por demanda
BAJA;J01F  MACROLIDOS Y SIMILARES;GRUPO FARMACEUTICO SOMAR;AZITROMICINA G.I S;2004-10-01;AZITROMICINA G.I S TABL 500 MG 3;AZITROMICINA;2016-12-01;2017-04-01;lanzamiento
BAJA;J01F  MACROLIDOS Y SIMILARES;GRUPO FARMACEUTICO SOMAR;AZITROMICINA G.I S;2004-10-01;AZITROMICINA G.I S TABL 500 MG 3;AZITROMICINA;2017-04-01;2017-08-01;BAJA, por demanda
BAJA;J01F  MACROLIDOS Y SIMILARES;GRUPO FARMACEUTICO SOMAR;AZITROMICINA G.I S;2004-10-01;AZITROMICINA G.I S TABL 500 MG 3;AZITROMICINA;2017-12-01;2018-04-01;BAJA, por demanda
BAJA;J01F  MACROLIDOS Y SIMILARES;GRUPO FARMACEUTICO SOMAR;AZITROMICINA G.I S;2004-10-01;AZITROMICINA G.I S TABL 500 MG 3;AZITROMICINA;2018-04-01;2018-08-01;BAJA, por demanda
BAJA;J01F  MACROLIDOS Y SIMILARES;GRUPO FARMACEUTICO SOMAR;AZITROMICINA G.I S;2004-10-01;AZITROMICINA G.I S TABL 500 MG 3;AZITROMICINA;2018-12-01;2019-04-01;BAJA, por demanda
BAJA;J01F  MACROLIDOS Y SIMILARES;ARLEX;ERITROMICIN G.I AR;2012-06-01;ERITROMICIN G.I AR TABL 500 MG 20;ERITROMICINA;2014-04-01;2014-08-01;lanzamiento
ALTA;J01F  MACROLIDOS Y SIMILARES;ARLEX;ERITROMICIN G.I AR;2012-06-01;ERITROMICIN G.I AR TABL 500 MG 20;ERITROMICINA;2015-04-01;2015-08-01;BAJA, por demanda
ALTA;J01F  MACROLIDOS Y SIMILARES;ARLEX;ERITROMICIN G.I AR;2012-06-01;ERITROMICIN G.I AR TABL 500 MG 20;ERITROMICINA;2015-08-01;2015-12-01;ALTA, por demanda
ALTA;J01F  MACROLIDOS Y SIMILARES;ARLEX;ERITROMICIN G.I AR;2012-06-01;ERITROMICIN G.I AR TABL 500 MG 20;ERITROMICINA;2016-08-01;2016-12-01;ALTA, por demanda
ALTA;J01F  MACROLIDOS Y SIMILARES;PSICOFARMA;AZIPHAR;2005-04-01;AZIPHAR TABL 500 MG 4;AZITROMICINA;2017-04-01;2017-08-01;BAJA, por demanda
ALTA;J01F  MACROLIDOS Y SIMILARES;QUIMICA SON S;LAURICIN;1966-07-01;LAURICIN SUSP 60 ML;ERITROMICINA;2014-08-01;2014-12-01;ALTA, por demanda
BAJA;J01F  MACROLIDOS Y SIMILARES;QUIMICA SON S;LAURICIN;1966-07-01;LAURICIN SUSP 60 ML;ERITROMICINA;2014-12-01;2015-04-01;BAJA, por demanda
BAJA;J01F  MACROLIDOS Y SIMILARES;QUIMICA SON S;LAURICIN;1966-07-01;LAURICIN SUSP 60 ML;ERITROMICINA;2017-04-01;2017-08-01;BAJA, por demanda
BAJA;J01F  MACROLIDOS Y SIMILARES;LIOMONT, CORPORATION;MACROZIT;2002-05-01;MACROZIT TABL 500 MG 3;AZITROMICINA;2014-12-01;2015-04-01;BAJA, por demanda
BAJA;J01F  MACROLIDOS Y SIMILARES;LIOMONT, CORPORATION;MACROZIT;2002-05-01;MACROZIT TABL 500 MG 3;AZITROMICINA;2016-04-01;2016-08-01;lanzamiento
BAJA;J01F  MACROLIDOS Y SIMILARES;LIOMONT, CORPORATION;MACROZIT;2002-05-01;MACROZIT TABL 500 MG 3;AZITROMICINA;2016-12-01;2017-04-01;lanzamiento
BAJA;J01F  MACROLIDOS Y SIMILARES;LIOMONT, CORPORATION;MACROZIT;2002-05-01;MACROZIT TABL 500 MG 3;AZITROMICINA;2017-12-01;2018-04-01;BAJA, por demanda
BAJA;J01F  MACROLIDOS Y SIMILARES;LIOMONT, CORPORATION;MACROZIT;2002-05-01;MACROZIT TABL 500 MG 3;AZITROMICINA;2018-12-01;2019-04-01;BAJA, por demanda
BAJA;J01F  MACROLIDOS Y SIMILARES;QUIMICA SON S;LISONIN;2004-09-01;LISONIN INY 300 MG 6 1 ML;LINCOMICINA;2017-12-01;2018-04-01;BAJA, por demanda
BAJA;J01F  MACROLIDOS Y SIMILARES;NOVAG INFANCIA, S.A. DE C.V.;MARZIVAG;2009-05-01;MARZIVAG TABL 500 MG 3;AZITROMICINA;2014-12-01;2015-04-01;BAJA, por demanda
BAJA;J01F  MACROLIDOS Y SIMILARES;NOVAG INFANCIA, S.A. DE C.V.;MARZIVAG;2009-05-01;MARZIVAG TABL 500 MG 3;AZITROMICINA;2018-08-01;2018-12-01;ALTA, por demanda
BAJA;J01F  MACROLIDOS Y SIMILARES;SANOFI CORP;AZITROMICINA G.I P;2006-08-01;AZITROMICINA G.I P TABL 500 MG 3;AZITROMICINA;2016-12-01;2017-04-01;lanzamiento
BAJA;J01F  MACROLIDOS Y SIMILARES;SANOFI CORP;AZITROMICINA G.I P;2006-08-01;AZITROMICINA G.I P TABL 500 MG 3;AZITROMICINA;2017-12-01;2018-04-01;BAJA, por demanda
BAJA;J01F  MACROLIDOS Y SIMILARES;SANOFI CORP;AZITROMICINA G.I P;2006-08-01;AZITROMICINA G.I P TABL 500 MG 3;AZITROMICINA;2018-12-01;2019-04-01;BAJA, por demanda
ALTA;J01F  MACROLIDOS Y SIMILARES;ALVARTIS PHARMA S.A. DE C.V.;LORIZ;2008-10-01;LORIZ AMP AD 600 MG 3 2 ML;LINCOMICINA;2016-12-01;2017-04-01;BAJA, por demanda
ALTA;J01F  MACROLIDOS Y SIMILARES;QUIMICA SON S;LISONIN;2003-09-01;LISONIN CAPS 500 MG 12;LINCOMICINA;2014-04-01;2014-08-01;BAJA, por demanda
ALTA;J01F  MACROLIDOS Y SIMILARES;QUIMICA SON S;LISONIN;2003-09-01;LISONIN CAPS 500 MG 12;LINCOMICINA;2016-08-01;2016-12-01;ALTA, por demanda
BAJA;J01F  MACROLIDOS Y SIMILARES;QUIMICA SON S;LISONIN;2003-09-01;LISONIN CAPS 500 MG 12;LINCOMICINA;2017-12-01;2018-04-01;BAJA, por demanda
BAJA;J01F  MACROLIDOS Y SIMILARES;PFIZER CORPORATION;AZITROCIN;1993-08-01;AZITROCIN SUSP 900 MG /5ML 22.5 ML;AZITROMICINA;2014-04-01;2014-08-01;lanzamiento
BAJA;J01F  MACROLIDOS Y SIMILARES;PFIZER CORPORATION;AZITROCIN;1993-08-01;AZITROCIN SUSP 900 MG /5ML 22.5 ML;AZITROMICINA;2017-12-01;2018-04-01;BAJA, por demanda
BAJA;J01F  MACROLIDOS Y SIMILARES;PFIZER CORPORATION;AZITROCIN;1993-08-01;AZITROCIN SUSP 900 MG /5ML 22.5 ML;AZITROMICINA;2018-12-01;2019-04-01;BAJA, por demanda
BAJA;J01F  MACROLIDOS Y SIMILARES;SANOFI CORP;ZITROKEN;2010-09-01;ZITROKEN TABL 500 MG 4;AZITROMICINA;2014-12-01;2015-04-01;BAJA, por demanda
ALTA;J01F  MACROLIDOS Y SIMILARES;MAVER;KLARIX;2003-01-01;KLARIX TABL 500 MG 10;CLARITROMICINA;2015-08-01;2015-12-01;ALTA, por demanda
ALTA;J01F  MACROLIDOS Y SIMILARES;MAVER;KLARIX;2003-01-01;KLARIX TABL 500 MG 10;CLARITROMICINA;2015-12-01;2016-04-01;ALTA, por demanda
BAJA;J01F  MACROLIDOS Y SIMILARES;MAVER;KLARIX;2003-01-01;KLARIX TABL 500 MG 10;CLARITROMICINA;2016-04-01;2016-08-01;lanzamiento
BAJA;J01F  MACROLIDOS Y SIMILARES;MAVER;KLARIX;2003-01-01;KLARIX TABL 500 MG 10;CLARITROMICINA;2018-12-01;2019-04-01;BAJA, por demanda
ALTA;J01F  MACROLIDOS Y SIMILARES;TEVA CORPORACION;CLINDAMICINA GI IN;2012-11-01;CLINDAMICINA GI IN AMP 600 MG 4 ML;CLINDAMICINA;2014-04-01;2014-08-01;BAJA, por demanda
BAJA;J01F  MACROLIDOS Y SIMILARES;TEVA CORPORACION;CLINDAMICINA GI IN;2012-11-01;CLINDAMICINA GI IN AMP 600 MG 4 ML;CLINDAMICINA;2016-04-01;2016-08-01;lanzamiento
BAJA;J01F  MACROLIDOS Y SIMILARES;TEVA CORPORACION;CLINDAMICINA GI IN;2012-11-01;CLINDAMICINA GI IN AMP 600 MG 4 ML;CLINDAMICINA;2017-04-01;2017-08-01;BAJA, por demanda
BAJA;J01F  MACROLIDOS Y SIMILARES;ABBOTT;KLARICID;1999-07-01;KLARICID FILMTABS H.P 500 MG 14;CLARITROMICINA;2014-12-01;2015-04-01;BAJA, por demanda
ALTA;J01F  MACROLIDOS Y SIMILARES;ABBOTT;KLARICID;1999-07-01;KLARICID FILMTABS H.P 500 MG 14;CLARITROMICINA;2015-12-01;2016-04-01;ALTA, por demanda
BAJA;J01F  MACROLIDOS Y SIMILARES;ABBOTT;KLARICID;1999-07-01;KLARICID FILMTABS H.P 500 MG 14;CLARITROMICINA;2018-04-01;2018-08-01;BAJA, por demanda
ALTA;J01F  MACROLIDOS Y SIMILARES;LANDSTEINER;AZITROMICINA G.I L;2010-03-01;AZITROMICINA G.I L TABL 500 MG 3;AZITROMICINA;2015-12-01;2016-04-01;ALTA, por demanda
BAJA;J01F  MACROLIDOS Y SIMILARES;LANDSTEINER;AZITROMICINA G.I L;2010-03-01;AZITROMICINA G.I L TABL 500 MG 3;AZITROMICINA;2016-04-01;2016-08-01;lanzamiento
BAJA;J01F  MACROLIDOS Y SIMILARES;LANDSTEINER;AZITROMICINA G.I L;2010-03-01;AZITROMICINA G.I L TABL 500 MG 3;AZITROMICINA;2016-12-01;2017-04-01;lanzamiento
ALTA;J01F  MACROLIDOS Y SIMILARES;SANOFI CORP;CLARITROMICI G.I K;2006-08-01;CLARITROMICI G.I K TABL 250 MG 10;CLARITROMICINA;2015-12-01;2016-04-01;ALTA, por demanda
BAJA;J01F  MACROLIDOS Y SIMILARES;SANOFI CORP;CLARITROMICI G.I K;2006-08-01;CLARITROMICI G.I K TABL 250 MG 10;CLARITROMICINA;2017-12-01;2018-04-01;BAJA, por demanda
BAJA;J01F  MACROLIDOS Y SIMILARES;SANOFI CORP;CLARITROMICI G.I K;2006-08-01;CLARITROMICI G.I K TABL 250 MG 10;CLARITROMICINA;2018-04-01;2018-08-01;BAJA, por demanda
ALTA;J01F  MACROLIDOS Y SIMILARES;TEVA CORPORACION;ZITROFLAM;2004-05-01;ZITROFLAM SUSP .90 MG /225 22.5 ML;AZITROMICINA + NIMESULIDA;2014-04-01;2014-08-01;BAJA, por demanda
BAJA;J01F  MACROLIDOS Y SIMILARES;TEVA CORPORACION;ZITROFLAM;2004-05-01;ZITROFLAM SUSP .90 MG /225 22.5 ML;AZITROMICINA + NIMESULIDA;2014-12-01;2015-04-01;BAJA, por demanda
ALTA;J01F  MACROLIDOS Y SIMILARES;LANDSTEINER;CLARITROMICI G.I L;2010-05-01;CLARITROMICI G.I L TABL 250 MG 10;CLARITROMICINA;2014-08-01;2014-12-01;ALTA, por demanda
ALTA;J01F  MACROLIDOS Y SIMILARES;TEVA CORPORACION;CLINDAMICIN G.I TE;1999-08-01;CLINDAMICIN G.I TE AMP 600 MG 4 ML;CLINDAMICINA;2016-08-01;2016-12-01;ALTA, por demanda
BAJA;J01F  MACROLIDOS Y SIMILARES;TEVA CORPORACION;CLINDAMICIN G.I TE;1999-08-01;CLINDAMICIN G.I TE AMP 600 MG 4 ML;CLINDAMICINA;2017-12-01;2018-04-01;BAJA, por demanda
ALTA;J01F  MACROLIDOS Y SIMILARES;RANDALL;ERITROMICIN G.I RA;2011-08-01;ERITROMICIN G.I RA SUSP 250 MG 100 ML;ERITROMICINA;2014-04-01;2014-08-01;BAJA, por demanda
ALTA;J01F  MACROLIDOS Y SIMILARES;RANDALL;ERITROMICIN G.I RA;2011-08-01;ERITROMICIN G.I RA SUSP 250 MG 100 ML;ERITROMICINA;2014-08-01;2014-12-01;ALTA, por demanda
BAJA;J01F  MACROLIDOS Y SIMILARES;RANDALL;ERITROMICIN G.I RA;2011-08-01;ERITROMICIN G.I RA SUSP 250 MG 100 ML;ERITROMICINA;2016-08-01;2016-12-01;ALTA, por demanda
BAJA;J01F  MACROLIDOS Y SIMILARES;RANDALL;ERITROMICIN G.I RA;2011-08-01;ERITROMICIN G.I RA SUSP 250 MG 100 ML;ERITROMICINA;2017-04-01;2017-08-01;BAJA, por demanda
BAJA;J01F  MACROLIDOS Y SIMILARES;RANDALL;ERITROMICIN G.I RA;2011-08-01;ERITROMICIN G.I RA SUSP 250 MG 100 ML;ERITROMICINA;2017-12-01;2018-04-01;BAJA, por demanda
BAJA;J01F  MACROLIDOS Y SIMILARES;RANDALL;ERITROMICIN G.I RA;2011-08-01;ERITROMICIN G.I RA SUSP 250 MG 100 ML;ERITROMICINA;2018-12-01;2019-04-01;BAJA, por demanda
BAJA;J01F  MACROLIDOS Y SIMILARES;LIOMONT, CORPORATION;MACROZIT G;2002-12-01;MACROZIT G TABL 500 MG 4;AZITROMICINA;2014-12-01;2015-04-01;BAJA, por demanda
ALTA;J01F  MACROLIDOS Y SIMILARES;LIOMONT, CORPORATION;MACROZIT G;2002-12-01;MACROZIT G TABL 500 MG 4;AZITROMICINA;2015-12-01;2016-04-01;ALTA, por demanda
BAJA;J01F  MACROLIDOS Y SIMILARES;LIOMONT, CORPORATION;MACROZIT G;2002-12-01;MACROZIT G TABL 500 MG 4;AZITROMICINA;2016-12-01;2017-04-01;lanzamiento
BAJA;J01F  MACROLIDOS Y SIMILARES;LIOMONT, CORPORATION;MACROZIT G;2002-12-01;MACROZIT G TABL 500 MG 4;AZITROMICINA;2017-04-01;2017-08-01;BAJA, por demanda
BAJA;J01F  MACROLIDOS Y SIMILARES;LIOMONT, CORPORATION;MACROZIT G;2002-12-01;MACROZIT G TABL 500 MG 4;AZITROMICINA;2017-12-01;2018-04-01;BAJA, por demanda
BAJA;J01F  MACROLIDOS Y SIMILARES;LIOMONT, CORPORATION;MACROZIT G;2002-12-01;MACROZIT G TABL 500 MG 4;AZITROMICINA;2018-12-01;2019-04-01;BAJA, por demanda
BAJA;J01F  MACROLIDOS Y SIMILARES;ABBOTT;KLARICID;2005-12-01;KLARICID TABL OD 500 MG 14;CLARITROMICINA;2014-12-01;2015-04-01;BAJA, por demanda
ALTA;J01F  MACROLIDOS Y SIMILARES;ABBOTT;KLARICID;2005-12-01;KLARICID TABL OD 500 MG 14;CLARITROMICINA;2015-12-01;2016-04-01;ALTA, por demanda
ALTA;J01F  MACROLIDOS Y SIMILARES;ABBOTT;KLARICID;2005-12-01;KLARICID TABL OD 500 MG 14;CLARITROMICINA;2016-08-01;2016-12-01;ALTA, por demanda
BAJA;J01F  MACROLIDOS Y SIMILARES;ABBOTT;KLARICID;2005-12-01;KLARICID TABL OD 500 MG 14;CLARITROMICINA;2017-12-01;2018-04-01;BAJA, por demanda
ALTA;J01F  MACROLIDOS Y SIMILARES;ABBOTT;KLARICID;2005-12-01;KLARICID TABL OD 500 MG 14;CLARITROMICINA;2018-08-01;2018-12-01;ALTA, por demanda
BAJA;J01F  MACROLIDOS Y SIMILARES;ABBOTT;KLARICID;2005-12-01;KLARICID TABL OD 500 MG 14;CLARITROMICINA;2018-12-01;2019-04-01;BAJA, por demanda
BAJA;J01F  MACROLIDOS Y SIMILARES;GRISI CORP.;CLINDAMICIN GI GRI;2013-02-01;CLINDAMICIN GI GRI CAPS 300 MG 12;CLINDAMICINA;2014-04-01;2014-08-01;lanzamiento
BAJA;J01F  MACROLIDOS Y SIMILARES;GRISI CORP.;CLINDAMICIN GI GRI;2013-02-01;CLINDAMICIN GI GRI CAPS 300 MG 12;CLINDAMICINA;2014-12-01;2015-04-01;BAJA, por demanda
ALTA;J01F  MACROLIDOS Y SIMILARES;MAVI;CLARITROMICI G.I M;2010-06-01;CLARITROMICI G.I M SUSP 125 MG 60 ML;CLARITROMICINA;2017-08-01;2017-12-01;ALTA, por demanda
BAJA;J01F  MACROLIDOS Y SIMILARES;MAVI;CLARITROMICI G.I M;2010-06-01;CLARITROMICI G.I M SUSP 125 MG 60 ML;CLARITROMICINA;2018-04-01;2018-08-01;BAJA, por demanda
ALTA;J01F  MACROLIDOS Y SIMILARES;MAVI;CLARITROMICI G.I M;2010-06-01;CLARITROMICI G.I M SUSP 125 MG 60 ML;CLARITROMICINA;2018-12-01;2019-04-01;BAJA, por demanda
ALTA;J01F  MACROLIDOS Y SIMILARES;LAB. RAAM DE SAHUAYO S.A.;AZITROMICIN G.I RA;2010-07-01;AZITROMICIN G.I RA TABL 500 MG 3;AZITROMICINA;2015-08-01;2015-12-01;ALTA, por demanda
BAJA;J01F  MACROLIDOS Y SIMILARES;LAB. RAAM DE SAHUAYO S.A.;AZITROMICIN G.I RA;2010-07-01;AZITROMICIN G.I RA TABL 500 MG 3;AZITROMICINA;2017-04-01;2017-08-01;BAJA, por demanda
ALTA;J01F  MACROLIDOS Y SIMILARES;LAB. RAAM DE SAHUAYO S.A.;AZITROMICIN G.I RA;2010-07-01;AZITROMICIN G.I RA TABL 500 MG 3;AZITROMICINA;2018-12-01;2019-04-01;BAJA, por demanda
ALTA;J01F  MACROLIDOS Y SIMILARES;ULTRA LABORATORIOS;CLARITROMICI G.I U;2008-02-01;CLARITROMICI G.I U TABL 250 MG 10;CLARITROMICINA;2014-12-01;2015-04-01;BAJA, por demanda
ALTA;J01F  MACROLIDOS Y SIMILARES;ULTRA LABORATORIOS;CLARITROMICI G.I U;2008-02-01;CLARITROMICI G.I U TABL 250 MG 10;CLARITROMICINA;2016-04-01;2016-08-01;BAJA, por demanda
BAJA;J01F  MACROLIDOS Y SIMILARES;ABBOTT;KLARICID;1999-09-01;KLARICID GR.P/SUS PED 250 MG /5ML 60 ML;CLARITROMICINA;2016-04-01;2016-08-01;lanzamiento
BAJA;J01F  MACROLIDOS Y SIMILARES;ABBOTT;KLARICID;1999-09-01;KLARICID GR.P/SUS PED 250 MG /5ML 60 ML;CLARITROMICINA;2017-04-01;2017-08-01;BAJA, por demanda
BAJA;J01F  MACROLIDOS Y SIMILARES;ABBOTT;KLARICID;1999-09-01;KLARICID GR.P/SUS PED 250 MG /5ML 60 ML;CLARITROMICINA;2018-04-01;2018-08-01;BAJA, por demanda
BAJA;J01F  MACROLIDOS Y SIMILARES;LAB. RAAM DE SAHUAYO S.A.;CRAZTRONIN;2013-03-01;CRAZTRONIN TABL 500 MG 4;AZITROMICINA;2014-04-01;2014-08-01;lanzamiento
ALTA;J01F  MACROLIDOS Y SIMILARES;LAB. RAAM DE SAHUAYO S.A.;CRAZTRONIN;2013-03-01;CRAZTRONIN TABL 500 MG 4;AZITROMICINA;2016-12-01;2017-04-01;BAJA, por demanda
ALTA;J01F  MACROLIDOS Y SIMILARES;LAB. RAAM DE SAHUAYO S.A.;CRAZTRONIN;2013-03-01;CRAZTRONIN TABL 500 MG 4;AZITROMICINA;2018-08-01;2018-12-01;ALTA, por demanda
ALTA;J01F  MACROLIDOS Y SIMILARES;LAB. RAAM DE SAHUAYO S.A.;CRAZTRONIN;2013-03-01;CRAZTRONIN TABL 500 MG 4;AZITROMICINA;2018-12-01;2019-04-01;BAJA, por demanda
BAJA;J01F  MACROLIDOS Y SIMILARES;SANFER CORP.;ILOSONE;2013-06-01;ILOSONE SUSP 125 MG /5ML 120ML +AFU SI 120M;ERITROMICINA;2016-12-01;2017-04-01;lanzamiento
BAJA;J01F  MACROLIDOS Y SIMILARES;PFIZER CORPORATION;DALACIN C;1976-03-01;DALACIN C AMP. 300 MG 2 ML;CLINDAMICINA;2015-04-01;2015-08-01;BAJA, por demanda
ALTA;J01F  MACROLIDOS Y SIMILARES;PFIZER CORPORATION;DALACIN C;1976-03-01;DALACIN C AMP. 300 MG 2 ML;CLINDAMICINA;2017-04-01;2017-08-01;BAJA, por demanda
BAJA;J01F  MACROLIDOS Y SIMILARES;SANFER CORP.;ILOSONE;2013-06-01;ILOSONE SUSP 250 MG /5ML 120ML +AFL US 120M;ERITROMICINA;2016-04-01;2016-08-01;lanzamiento
ALTA;J01F  MACROLIDOS Y SIMILARES;ASOFARMA;TRUXA;2003-05-01;TRUXA CPR 500 MG 4;AZITROMICINA;2015-08-01;2015-12-01;ALTA, por demanda
ALTA;J01F  MACROLIDOS Y SIMILARES;ASOFARMA;TRUXA;2003-05-01;TRUXA CPR 500 MG 4;AZITROMICINA;2015-12-01;2016-04-01;ALTA, por demanda
BAJA;J01F  MACROLIDOS Y SIMILARES;ASOFARMA;TRUXA;2003-05-01;TRUXA CPR 500 MG 4;AZITROMICINA;2016-04-01;2016-08-01;lanzamiento
BAJA;J01F  MACROLIDOS Y SIMILARES;ASOFARMA;TRUXA;2003-05-01;TRUXA CPR 500 MG 4;AZITROMICINA;2017-04-01;2017-08-01;BAJA, por demanda
BAJA;J01F  MACROLIDOS Y SIMILARES;ASOFARMA;TRUXA;2003-05-01;TRUXA CPR 500 MG 4;AZITROMICINA;2017-12-01;2018-04-01;BAJA, por demanda
BAJA;J01F  MACROLIDOS Y SIMILARES;QUIMICA SON S;LISONIN;2003-09-01;LISONIN INY 600 MG 6 2 ML;LINCOMICINA;2014-04-01;2014-08-01;lanzamiento
ALTA;J01F  MACROLIDOS Y SIMILARES;QUIMICA SON S;LISONIN;2003-09-01;LISONIN INY 600 MG 6 2 ML;LINCOMICINA;2016-12-01;2017-04-01;BAJA, por demanda
ALTA;J01F  MACROLIDOS Y SIMILARES;QUIMICA SON S;LISONIN;2003-09-01;LISONIN INY 600 MG 6 2 ML;LINCOMICINA;2017-08-01;2017-12-01;ALTA, por demanda
ALTA;J01F  MACROLIDOS Y SIMILARES;QUIMICA SON S;LISONIN;2003-09-01;LISONIN INY 600 MG 2 ML;LINCOMICINA;2015-08-01;2015-12-01;ALTA, por demanda
BAJA;J01F  MACROLIDOS Y SIMILARES;QUIMICA SON S;LISONIN;2003-09-01;LISONIN INY 600 MG 2 ML;LINCOMICINA;2017-12-01;2018-04-01;BAJA, por demanda
BAJA;J01F  MACROLIDOS Y SIMILARES;PFIZER CORPORATION;LINCOCIN;2003-01-01;LINCOCIN JGA PRELL 600 MG 6 2 ML;LINCOMICINA;2014-12-01;2015-04-01;BAJA, por demanda
BAJA;J01F  MACROLIDOS Y SIMILARES;PFIZER CORPORATION;LINCOCIN;2003-01-01;LINCOCIN JGA PRELL 600 MG 6 2 ML;LINCOMICINA;2016-12-01;2017-04-01;lanzamiento
BAJA;J01F  MACROLIDOS Y SIMILARES;PFIZER CORPORATION;LINCOCIN;2003-01-01;LINCOCIN JGA PRELL 600 MG 6 2 ML;LINCOMICINA;2017-12-01;2018-04-01;BAJA, por demanda
BAJA;J01F  MACROLIDOS Y SIMILARES;PFIZER CORPORATION;LINCOCIN;2003-01-01;LINCOCIN JGA PRELL 600 MG 6 2 ML;LINCOMICINA;2018-12-01;2019-04-01;BAJA, por demanda
BAJA;J01F  MACROLIDOS Y SIMILARES;ULTRA LABORATORIOS;AZITROMICINA G.I U;2013-01-01;AZITROMICINA G.I U TABL 500 MG 3;AZITROMICINA;2017-04-01;2017-08-01;BAJA, por demanda
BAJA;J01F  MACROLIDOS Y SIMILARES;TEVA CORPORACION;DAMICIN;2012-11-01;DAMICIN AMP 2 ML;CLINDAMICINA;2015-04-01;2015-08-01;BAJA, por demanda
BAJA;J01F  MACROLIDOS Y SIMILARES;CORPORATIVO RAYERE;QUEDOX;2002-08-01;QUEDOX TABL 500 MG 10;CLARITROMICINA;2014-04-01;2014-08-01;lanzamiento
BAJA;J01F  MACROLIDOS Y SIMILARES;CORPORATIVO RAYERE;QUEDOX;2002-08-01;QUEDOX TABL 500 MG 10;CLARITROMICINA;2014-12-01;2015-04-01;BAJA, por demanda
ALTA;J01F  MACROLIDOS Y SIMILARES;COLLINS;CLINDAMICINA G.I C;2007-11-01;CLINDAMICINA G.I C CAPS 300 MG 16;CLINDAMICINA;2015-08-01;2015-12-01;ALTA, por demanda
ALTA;J01F  MACROLIDOS Y SIMILARES;COLLINS;CLINDAMICINA G.I C;2007-11-01;CLINDAMICINA G.I C CAPS 300 MG 16;CLINDAMICINA;2015-12-01;2016-04-01;ALTA, por demanda
BAJA;J01F  MACROLIDOS Y SIMILARES;COLLINS;CLINDAMICINA G.I C;2007-11-01;CLINDAMICINA G.I C CAPS 300 MG 16;CLINDAMICINA;2017-12-01;2018-04-01;BAJA, por demanda
BAJA;J01F  MACROLIDOS Y SIMILARES;SENOSIAIN;ADEL;2003-01-01;ADEL SUSP GDO 250 MG /5ML 60 ML;CLARITROMICINA;2017-04-01;2017-08-01;BAJA, por demanda
BAJA;J01F  MACROLIDOS Y SIMILARES;SENOSIAIN;ADEL;2003-01-01;ADEL SUSP GDO 250 MG /5ML 60 ML;CLARITROMICINA;2018-04-01;2018-08-01;BAJA, por demanda
BAJA;J01F  MACROLIDOS Y SIMILARES;SANOFI CORP;AZITROMICINA G.I W;2009-07-01;AZITROMICINA G.I W TABL 500 MG 4;AZITROMICINA;2015-12-01;2016-04-01;lanzamiento
BAJA;J01F  MACROLIDOS Y SIMILARES;SANOFI CORP;AZITROMICINA G.I W;2009-07-01;AZITROMICINA G.I W TABL 500 MG 4;AZITROMICINA;2016-08-01;2016-12-01;ALTA, por demanda
BAJA;J01F  MACROLIDOS Y SIMILARES;SANOFI CORP;AZITROMICINA G.I W;2009-07-01;AZITROMICINA G.I W TABL 500 MG 4;AZITROMICINA;2016-12-01;2017-04-01;lanzamiento
ALTA;J01F  MACROLIDOS Y SIMILARES;SANOFI CORP;AZITROMICINA G.I W;2009-07-01;AZITROMICINA G.I W TABL 500 MG 4;AZITROMICINA;2017-04-01;2017-08-01;BAJA, por demanda
BAJA;J01F  MACROLIDOS Y SIMILARES;PFIZER CORPORATION;AZITROCIN;2006-04-01;AZITROCIN SUSP LIB PRO 2 G 60 ML;AZITROMICINA;2014-04-01;2014-08-01;lanzamiento
BAJA;J01F  MACROLIDOS Y SIMILARES;PFIZER CORPORATION;AZITROCIN;2006-04-01;AZITROCIN SUSP LIB PRO 2 G 60 ML;AZITROMICINA;2015-04-01;2015-08-01;BAJA, por demanda
ALTA;J01F  MACROLIDOS Y SIMILARES;PFIZER CORPORATION;AZITROCIN;2006-04-01;AZITROCIN SUSP LIB PRO 2 G 60 ML;AZITROMICINA;2016-04-01;2016-08-01;BAJA, por demanda
ALTA;J01F  MACROLIDOS Y SIMILARES;PFIZER CORPORATION;AZITROCIN;2006-04-01;AZITROCIN SUSP LIB PRO 2 G 60 ML;AZITROMICINA;2016-08-01;2016-12-01;ALTA, por demanda
BAJA;J01F  MACROLIDOS Y SIMILARES;PFIZER CORPORATION;AZITROCIN;2006-04-01;AZITROCIN SUSP LIB PRO 2 G 60 ML;AZITROMICINA;2016-12-01;2017-04-01;lanzamiento
BAJA;J01F  MACROLIDOS Y SIMILARES;PFIZER CORPORATION;AZITROCIN;2006-04-01;AZITROCIN SUSP LIB PRO 2 G 60 ML;AZITROMICINA;2018-08-01;2018-12-01;ALTA, por demanda
BAJA;J01F  MACROLIDOS Y SIMILARES;PFIZER CORPORATION;AZITROCIN;2006-04-01;AZITROCIN SUSP LIB PRO 2 G 60 ML;AZITROMICINA;2018-12-01;2019-04-01;BAJA, por demanda
BAJA;J01F  MACROLIDOS Y SIMILARES;BAUSCH HEALTH;ERITROMICI G.I TEC;2007-02-01;ERITROMICINA G.I T TABL 500 MG 20;ERITROMICINA;2014-12-01;2015-04-01;BAJA, por demanda
BAJA;J01F  MACROLIDOS Y SIMILARES;BAUSCH HEALTH;ERITROMICI G.I TEC;2007-02-01;ERITROMICINA G.I T TABL 500 MG 20;ERITROMICINA;2017-04-01;2017-08-01;BAJA, por demanda
BAJA;J01F  MACROLIDOS Y SIMILARES;BAUSCH HEALTH;ERITROMICI G.I TEC;2007-02-01;ERITROMICINA G.I T TABL 500 MG 20;ERITROMICINA;2017-12-01;2018-04-01;BAJA, por demanda
BAJA;J01F  MACROLIDOS Y SIMILARES;BAUSCH HEALTH;ERITROMICI G.I TEC;2007-02-01;ERITROMICINA G.I T TABL 500 MG 20;ERITROMICINA;2018-12-01;2019-04-01;BAJA, por demanda
BAJA;J01F  MACROLIDOS Y SIMILARES;TEVA CORPORACION;ZITROFLAM;2004-05-01;ZITROFLAM TABL 500 MG /100 4;AZITROMICINA + NIMESULIDA;2016-08-01;2016-12-01;ALTA, por demanda
BAJA;J01F  MACROLIDOS Y SIMILARES;GENOMA LAB INT;ERITROMICINA GI MM;2009-08-01;ERITROMICINA GI MM TABL 250 MG 20;ERITROMICINA;2014-08-01;2014-12-01;ALTA, por demanda
BAJA;J01F  MACROLIDOS Y SIMILARES;I.Q.F.A.;NOCLIN;2010-06-01;NOCLIN CAPS 300 MG 16;CLINDAMICINA;2014-04-01;2014-08-01;lanzamiento
BAJA;J01F  MACROLIDOS Y SIMILARES;I.Q.F.A.;NOCLIN;2010-06-01;NOCLIN CAPS 300 MG 16;CLINDAMICINA;2014-08-01;2014-12-01;ALTA, por demanda
BAJA;J01F  MACROLIDOS Y SIMILARES;I.Q.F.A.;NOCLIN;2010-06-01;NOCLIN CAPS 300 MG 16;CLINDAMICINA;2014-12-01;2015-04-01;BAJA, por demanda
ALTA;J01F  MACROLIDOS Y SIMILARES;BAUSCH HEALTH;ERITROVIER;2007-05-01;ERITROVIER SUSP 125 MG 100 ML;ERITROMICINA;2015-12-01;2016-04-01;ALTA, por demanda
ALTA;J01F  MACROLIDOS Y SIMILARES;BAUSCH HEALTH;ERITROVIER;2007-05-01;ERITROVIER SUSP 125 MG 100 ML;ERITROMICINA;2017-08-01;2017-12-01;ALTA, por demanda
BAJA;J01F  MACROLIDOS Y SIMILARES;GENOMA LAB INT;CLINDAMICIN GI MMN;2009-08-01;CLINDAMICIN GI MMN CAP 300 MG 16;CLINDAMICINA;2014-08-01;2014-12-01;ALTA, por demanda
BAJA;J01F  MACROLIDOS Y SIMILARES;SANOFI CORP;ZITROKEN;2005-04-01;ZITROKEN TABL 500 MG 3;AZITROMICINA;2016-04-01;2016-08-01;lanzamiento
ALTA;J01F  MACROLIDOS Y SIMILARES;SANOFI CORP;ZITROKEN;2005-04-01;ZITROKEN TABL 500 MG 3;AZITROMICINA;2016-08-01;2016-12-01;ALTA, por demanda
ALTA;J01F  MACROLIDOS Y SIMILARES;ANTIBIOTICOS DE MEXICO SA CV;CLARITROMIC G.I AN;2010-09-01;CLARITROMIC G.I AN TABL 500 MG 10;CLARITROMICINA;2016-12-01;2017-04-01;BAJA, por demanda
BAJA;J01F  MACROLIDOS Y SIMILARES;BAUSCH HEALTH;AZITROMICIN G.I AT;2010-07-01;AZITROMICIN G.I AT TABL 500 MG 3;AZITROMICINA;2015-12-01;2016-04-01;lanzamiento
ALTA;J01F  MACROLIDOS Y SIMILARES;BAUSCH HEALTH;AZITROMICIN G.I AT;2010-07-01;AZITROMICIN G.I AT TABL 500 MG 3;AZITROMICINA;2016-12-01;2017-04-01;BAJA, por demanda
ALTA;J01F  MACROLIDOS Y SIMILARES;BAUSCH HEALTH;AZITROMICIN G.I AT;2010-07-01;AZITROMICIN G.I AT TABL 500 MG 3;AZITROMICINA;2017-04-01;2017-08-01;BAJA, por demanda
ALTA;J01F  MACROLIDOS Y SIMILARES;ABBOTT;PANTOMICINA-ES;1991-09-01;PANTOMICINA-ES SUSP 250 MG /5ML 120 ML;ERITROMICINA;2016-08-01;2016-12-01;ALTA, por demanda
ALTA;J01F  MACROLIDOS Y SIMILARES;LAB. RAAM DE SAHUAYO S.A.;CRAZTRONIN;2008-09-01;CRAZTRONIN TABL 500 MG 3;AZITROMICINA;2014-04-01;2014-08-01;BAJA, por demanda
BAJA;J01F  MACROLIDOS Y SIMILARES;LAB. RAAM DE SAHUAYO S.A.;CRAZTRONIN;2008-09-01;CRAZTRONIN TABL 500 MG 3;AZITROMICINA;2014-12-01;2015-04-01;BAJA, por demanda
ALTA;J01F  MACROLIDOS Y SIMILARES;I.Q.F.A.;IQFAMICINA;2006-04-01;IQFAMICINA TABL 500 MG 20;ERITROMICINA;2015-04-01;2015-08-01;BAJA, por demanda
ALTA;J01F  MACROLIDOS Y SIMILARES;SANOFI CORP;CLINDAMICINA GI KE;2000-08-01;CLINDAMICINA GI KE CAP 300 MG 16;CLINDAMICINA;2014-08-01;2014-12-01;ALTA, por demanda
ALTA;J01F  MACROLIDOS Y SIMILARES;QUIMICA SON S;LISONIN;2009-11-01;LISONIN CAPS 500 MG 18;LINCOMICINA;2016-08-01;2016-12-01;ALTA, por demanda
BAJA;J01F  MACROLIDOS Y SIMILARES;PISA;CLINDAMICINA G.I P;2013-02-01;CLINDAMICINA G.I P AMP 600 MG 4 ML;CLINDAMICINA;2016-08-01;2016-12-01;ALTA, por demanda
BAJA;J01F  MACROLIDOS Y SIMILARES;PISA;CLINDAMICINA G.I P;2013-02-01;CLINDAMICINA G.I P AMP 600 MG 4 ML;CLINDAMICINA;2018-12-01;2019-04-01;BAJA, por demanda
ALTA;J01F  MACROLIDOS Y SIMILARES;ABBOTT;KLARICID;1994-01-01;KLARICID FILMTABS H.P 500 MG 10;CLARITROMICINA;2015-08-01;2015-12-01;ALTA, por demanda
ALTA;J01F  MACROLIDOS Y SIMILARES;ABBOTT;KLARICID;1994-01-01;KLARICID FILMTABS H.P 500 MG 10;CLARITROMICINA;2015-12-01;2016-04-01;ALTA, por demanda
BAJA;J01F  MACROLIDOS Y SIMILARES;SANFER CORP.;ILOSONE;1991-06-01;ILOSONE SUSP 250 MG /5ML 120 ML;ERITROMICINA;2015-04-01;2015-08-01;BAJA, por demanda
BAJA;J01F  MACROLIDOS Y SIMILARES;SANFER CORP.;ILOSONE;1991-06-01;ILOSONE SUSP 250 MG /5ML 120 ML;ERITROMICINA;2017-04-01;2017-08-01;BAJA, por demanda
BAJA;J01F  MACROLIDOS Y SIMILARES;SANFER CORP.;ILOSONE;1991-06-01;ILOSONE SUSP 250 MG /5ML 120 ML;ERITROMICINA;2018-04-01;2018-08-01;BAJA, por demanda
BAJA;J01F  MACROLIDOS Y SIMILARES;SANFER CORP.;ILOSONE;1991-06-01;ILOSONE SUSP 250 MG /5ML 120 ML;ERITROMICINA;2018-12-01;2019-04-01;BAJA, por demanda
BAJA;J01F  MACROLIDOS Y SIMILARES;I.Q.F.A.;CLINDAMICIN G.I IQ;2012-01-01;CLINDAMICIN G.I IQ CAPS 300 MG 16;CLINDAMICINA;2014-04-01;2014-08-01;lanzamiento
BAJA;J01F  MACROLIDOS Y SIMILARES;GIRARCAMPS APLIC.FARMACEUTICAS;VECTRIZAN;2012-02-01;VECTRIZAN TABL 500 MG 4;AZITROMICINA;2014-04-01;2014-08-01;lanzamiento
ALTA;J01F  MACROLIDOS Y SIMILARES;SANOFI CORP;PROVAMICINA;2003-01-01;PROVAMICINA TABL 500 MG 16;ESPIRAMICINA;2015-08-01;2015-12-01;ALTA, por demanda
BAJA;J01F  MACROLIDOS Y SIMILARES;SANOFI CORP;PROVAMICINA;2003-01-01;PROVAMICINA TABL 500 MG 16;ESPIRAMICINA;2016-04-01;2016-08-01;lanzamiento
ALTA;J01F  MACROLIDOS Y SIMILARES;ANTIBIOTICOS DE MEXICO SA CV;CLINDAMICINA G.I A;2005-10-01;CLINDAMICIN G.I AM AMP 600 MG 5 4 ML;CLINDAMICINA;2015-08-01;2015-12-01;ALTA, por demanda
ALTA;J01F  MACROLIDOS Y SIMILARES;ANTIBIOTICOS DE MEXICO SA CV;CLINDAMICINA G.I A;2005-10-01;CLINDAMICIN G.I AM AMP 600 MG 5 4 ML;CLINDAMICINA;2015-12-01;2016-04-01;ALTA, por demanda
BAJA;J01F  MACROLIDOS Y SIMILARES;LAB. RAAM DE SAHUAYO S.A.;CLINDAMICINA GI RA;2014-05-01;CLINDAMICINA GI RA CAPS 300 MG 16;CLINDAMICINA;2016-04-01;2016-08-01;lanzamiento
BAJA;J01F  MACROLIDOS Y SIMILARES;LAB. RAAM DE SAHUAYO S.A.;CLINDAMICINA GI RA;2014-05-01;CLINDAMICINA GI RA CAPS 300 MG 16;CLINDAMICINA;2016-12-01;2017-04-01;lanzamiento
ALTA;J01F  MACROLIDOS Y SIMILARES;LIOMONT, CORPORATION;MACROZIT;2009-10-01;MACROZIT AMP 500 MG 5 ML;AZITROMICINA;2014-08-01;2014-12-01;ALTA, por demanda
ALTA;J01F  MACROLIDOS Y SIMILARES;LIOMONT, CORPORATION;MACROZIT;2009-10-01;MACROZIT AMP 500 MG 5 ML;AZITROMICINA;2015-12-01;2016-04-01;ALTA, por demanda
BAJA;J01F  MACROLIDOS Y SIMILARES;LIOMONT, CORPORATION;MACROZIT;2009-10-01;MACROZIT AMP 500 MG 5 ML;AZITROMICINA;2016-04-01;2016-08-01;lanzamiento
ALTA;J01F  MACROLIDOS Y SIMILARES;LIOMONT, CORPORATION;MACROZIT;2009-10-01;MACROZIT AMP 500 MG 5 ML;AZITROMICINA;2016-12-01;2017-04-01;BAJA, por demanda
ALTA;J01F  MACROLIDOS Y SIMILARES;LIOMONT, CORPORATION;MACROZIT;2009-10-01;MACROZIT AMP 500 MG 5 ML;AZITROMICINA;2017-08-01;2017-12-01;ALTA, por demanda
BAJA;J01F  MACROLIDOS Y SIMILARES;PFIZER CORPORATION;AZITROCIN;1993-08-01;AZITROCIN SUSP 600 MG /5ML 15 ML;AZITROMICINA;2015-04-01;2015-08-01;BAJA, por demanda
BAJA;J01F  MACROLIDOS Y SIMILARES;PFIZER CORPORATION;AZITROCIN;1993-08-01;AZITROCIN SUSP 600 MG /5ML 15 ML;AZITROMICINA;2016-04-01;2016-08-01;lanzamiento
ALTA;J01F  MACROLIDOS Y SIMILARES;PFIZER CORPORATION;AZITROCIN;1993-08-01;AZITROCIN SUSP 600 MG /5ML 15 ML;AZITROMICINA;2016-08-01;2016-12-01;ALTA, por demanda
BAJA;J01F  MACROLIDOS Y SIMILARES;PFIZER CORPORATION;AZITROCIN;1993-08-01;AZITROCIN SUSP 600 MG /5ML 15 ML;AZITROMICINA;2018-04-01;2018-08-01;BAJA, por demanda
BAJA;J01F  MACROLIDOS Y SIMILARES;GENETICA LABORATORIOS SA DE CV;SAMITROGEN;2013-08-01;SAMITROGEN CAPS 500 MG 9;AZITROMICINA;2014-12-01;2015-04-01;BAJA, por demanda
ALTA;J01F  MACROLIDOS Y SIMILARES;GENETICA LABORATORIOS SA DE CV;SAMITROGEN;2013-08-01;SAMITROGEN CAPS 500 MG 9;AZITROMICINA;2015-12-01;2016-04-01;ALTA, por demanda
BAJA;J01F  MACROLIDOS Y SIMILARES;ULTRA LABORATORIOS;ULMICY;2006-10-01;ULMICY CAPS 300 MG 16;CLINDAMICINA;2016-08-01;2016-12-01;ALTA, por demanda
ALTA;J01F  MACROLIDOS Y SIMILARES;ULTRA LABORATORIOS;ULMICY;2006-10-01;ULMICY CAPS 300 MG 16;CLINDAMICINA;2017-08-01;2017-12-01;ALTA, por demanda
ALTA;J01F  MACROLIDOS Y SIMILARES;ARLEX;CLINDAMICINA GI AR;2007-07-01;CLINDAMICINA GI AR CAPS 300 MG 16;CLINDAMICINA;2014-12-01;2015-04-01;BAJA, por demanda
ALTA;J01F  MACROLIDOS Y SIMILARES;ARLEX;CLINDAMICINA GI AR;2007-07-01;CLINDAMICINA GI AR CAPS 300 MG 16;CLINDAMICINA;2015-08-01;2015-12-01;ALTA, por demanda
BAJA;J01F  MACROLIDOS Y SIMILARES;ARLEX;CLINDAMICINA GI AR;2007-07-01;CLINDAMICINA GI AR CAPS 300 MG 16;CLINDAMICINA;2017-04-01;2017-08-01;BAJA, por demanda
BAJA;J01F  MACROLIDOS Y SIMILARES;SANFER CORP.;CLEARMICIN;2012-04-01;CLEARMICIN TABL 500 MG 10;CLARITROMICINA;2014-12-01;2015-04-01;BAJA, por demanda
BAJA;J01F  MACROLIDOS Y SIMILARES;SANFER CORP.;CLEARMICIN;2012-04-01;CLEARMICIN TABL 500 MG 10;CLARITROMICINA;2017-12-01;2018-04-01;BAJA, por demanda
BAJA;J01F  MACROLIDOS Y SIMILARES;SANFER CORP.;ILOSONE;1986-03-01;ILOSONE CAPS 250 MG 20;ERITROMICINA;2014-04-01;2014-08-01;lanzamiento
BAJA;J01F  MACROLIDOS Y SIMILARES;SANFER CORP.;ILOSONE;1986-03-01;ILOSONE CAPS 250 MG 20;ERITROMICINA;2016-04-01;2016-08-01;lanzamiento
ALTA;J01F  MACROLIDOS Y SIMILARES;SANFER CORP.;ILOSONE;1986-03-01;ILOSONE CAPS 250 MG 20;ERITROMICINA;2016-08-01;2016-12-01;ALTA, por demanda
BAJA;J01F  MACROLIDOS Y SIMILARES;SANFER CORP.;ILOSONE;1986-03-01;ILOSONE CAPS 250 MG 20;ERITROMICINA;2017-04-01;2017-08-01;BAJA, por demanda
BAJA;J01F  MACROLIDOS Y SIMILARES;SANFER CORP.;ILOSONE;1986-03-01;ILOSONE CAPS 250 MG 20;ERITROMICINA;2017-12-01;2018-04-01;BAJA, por demanda
ALTA;J01F  MACROLIDOS Y SIMILARES;BIOMEP S.A. DE C.V.;CLARITROMICI G.I B;2008-09-01;CLARITROMICI G.I B TABL 250 MG 10;CLARITROMICINA;2016-12-01;2017-04-01;BAJA, por demanda
BAJA;J01F  MACROLIDOS Y SIMILARES;BIOMEP S.A. DE C.V.;CLARITROMICI G.I B;2008-09-01;CLARITROMICI G.I B TABL 250 MG 10;CLARITROMICINA;2017-12-01;2018-04-01;BAJA, por demanda
BAJA;J01F  MACROLIDOS Y SIMILARES;BIOMEP S.A. DE C.V.;CLARITROMICI G.I B;2008-09-01;CLARITROMICI G.I B TABL 250 MG 10;CLARITROMICINA;2018-04-01;2018-08-01;BAJA, por demanda
ALTA;J01F  MACROLIDOS Y SIMILARES;BIOMEP S.A. DE C.V.;CLARITROMICI G.I B;2008-09-01;CLARITROMICI G.I B TABL 250 MG 10;CLARITROMICINA;2018-08-01;2018-12-01;ALTA, por demanda
BAJA;J01F  MACROLIDOS Y SIMILARES;ULTRA LABORATORIOS;CLINDAMICINA GI UG;2013-01-01;CLINDAMICINA GI UG CAPS 300 MG 16;CLINDAMICINA;2014-12-01;2015-04-01;BAJA, por demanda
BAJA;J01F  MACROLIDOS Y SIMILARES;ANTIBIOTICOS DE MEXICO SA CV;CLINDAMICINA G.I A;2017-08-01;CLINDAMICINA G.I A AMP 600 MG 3+1 4 ML;CLINDAMICINA;2017-08-01;2017-12-01;ALTA, por demanda
ALTA;J01F  MACROLIDOS Y SIMILARES;ANTIBIOTICOS DE MEXICO SA CV;LINCOMICINA G.I AN;2010-11-01;LINCOMICINA G.I AN AMP 600 MG 6 2 ML;LINCOMICINA;2017-04-01;2017-08-01;BAJA, por demanda
BAJA;J01F  MACROLIDOS Y SIMILARES;ANTIBIOTICOS DE MEXICO SA CV;LINCOMICINA G.I AN;2010-11-01;LINCOMICINA G.I AN AMP 600 MG 6 2 ML;LINCOMICINA;2018-12-01;2019-04-01;BAJA, por demanda
BAJA;J01F  MACROLIDOS Y SIMILARES;PFIZER CORPORATION;AZITROCIN;1993-01-01;AZITROCIN TABL 500 MG 3;AZITROMICINA;2014-12-01;2015-04-01;BAJA, por demanda
BAJA;J01F  MACROLIDOS Y SIMILARES;PFIZER CORPORATION;AZITROCIN;1993-01-01;AZITROCIN TABL 500 MG 3;AZITROMICINA;2017-12-01;2018-04-01;BAJA, por demanda
BAJA;J01F  MACROLIDOS Y SIMILARES;PFIZER CORPORATION;AZITROCIN;1993-01-01;AZITROCIN TABL 500 MG 3;AZITROMICINA;2018-12-01;2019-04-01;BAJA, por demanda
ALTA;J01F  MACROLIDOS Y SIMILARES;LOEFFLER;SICALAN;2006-11-01;SICALAN SUSP 30 ML;AZITROMICINA;2014-08-01;2014-12-01;ALTA, por demanda
BAJA;J01F  MACROLIDOS Y SIMILARES;LOEFFLER;SICALAN;2006-11-01;SICALAN SUSP 30 ML;AZITROMICINA;2018-04-01;2018-08-01;BAJA, por demanda
ALTA;J01F  MACROLIDOS Y SIMILARES;WERMAR PHA.;CHARYN;2008-04-01;CHARYN TABL 500 MG 4;AZITROMICINA;2015-12-01;2016-04-01;ALTA, por demanda
BAJA;J01F  MACROLIDOS Y SIMILARES;MAVI;AZITROMICINA G.I M;2010-05-01;AZITROMICINA G.I M TABL 500 MG 3;AZITROMICINA;2014-04-01;2014-08-01;lanzamiento
BAJA;J01F  MACROLIDOS Y SIMILARES;MAVI;AZITROMICINA G.I M;2010-05-01;AZITROMICINA G.I M TABL 500 MG 3;AZITROMICINA;2014-12-01;2015-04-01;BAJA, por demanda
BAJA;J01F  MACROLIDOS Y SIMILARES;MAVI;AZITROMICINA G.I M;2010-05-01;AZITROMICINA G.I M TABL 500 MG 3;AZITROMICINA;2016-12-01;2017-04-01;lanzamiento
ALTA;J01F  MACROLIDOS Y SIMILARES;TEVA CORPORACION;ZITROFLAM;2004-05-01;ZITROFLAM TABL 500 MG /100 3;AZITROMICINA + NIMESULIDA;2014-08-01;2014-12-01;ALTA, por demanda
BAJA;J01F  MACROLIDOS Y SIMILARES;TEVA CORPORACION;ZITROFLAM;2004-05-01;ZITROFLAM TABL 500 MG /100 3;AZITROMICINA + NIMESULIDA;2014-12-01;2015-04-01;BAJA, por demanda
BAJA;J01F  MACROLIDOS Y SIMILARES;TEVA CORPORACION;ZITROFLAM;2004-05-01;ZITROFLAM TABL 500 MG /100 3;AZITROMICINA + NIMESULIDA;2016-04-01;2016-08-01;lanzamiento
BAJA;J01F  MACROLIDOS Y SIMILARES;TEVA CORPORACION;ZITROFLAM;2004-05-01;ZITROFLAM TABL 500 MG /100 3;AZITROMICINA + NIMESULIDA;2016-08-01;2016-12-01;ALTA, por demanda
BAJA;J01F  MACROLIDOS Y SIMILARES;LIOMONT, CORPORATION;MACROZIT;2002-06-01;MACROZIT SUSP 600 MG 15 ML;AZITROMICINA;2018-04-01;2018-08-01;BAJA, por demanda
BAJA;J01F  MACROLIDOS Y SIMILARES;LIOMONT, CORPORATION;MACROZIT;2002-06-01;MACROZIT SUSP 600 MG 15 ML;AZITROMICINA;2018-12-01;2019-04-01;BAJA, por demanda
ALTA;J01F  MACROLIDOS Y SIMILARES;COLLINS;ZERTALIN;2004-08-01;ZERTALIN CAPS 500 MG 6;AZITROMICINA;2015-04-01;2015-08-01;BAJA, por demanda
ALTA;J01F  MACROLIDOS Y SIMILARES;COLLINS;ZERTALIN;2004-08-01;ZERTALIN CAPS 500 MG 6;AZITROMICINA;2015-12-01;2016-04-01;ALTA, por demanda
ALTA;J01F  MACROLIDOS Y SIMILARES;COLLINS;ZERTALIN;2004-08-01;ZERTALIN CAPS 500 MG 6;AZITROMICINA;2016-12-01;2017-04-01;BAJA, por demanda
ALTA;J01F  MACROLIDOS Y SIMILARES;COLLINS;ZERTALIN;2004-08-01;ZERTALIN CAPS 500 MG 6;AZITROMICINA;2018-08-01;2018-12-01;ALTA, por demanda
ALTA;J01F  MACROLIDOS Y SIMILARES;ABBOTT;PANTOMICINA-ES;1995-02-01;PANTOMICINA-ES TABL REVEST 600 MG 24;ERITROMICINA;2015-12-01;2016-04-01;ALTA, por demanda
BAJA;J01F  MACROLIDOS Y SIMILARES;ABBOTT;PANTOMICINA-ES;1995-02-01;PANTOMICINA-ES TABL REVEST 600 MG 24;ERITROMICINA;2017-04-01;2017-08-01;BAJA, por demanda
BAJA;J01F  MACROLIDOS Y SIMILARES;ABBOTT;PANTOMICINA-ES;1995-02-01;PANTOMICINA-ES TABL REVEST 600 MG 24;ERITROMICINA;2017-08-01;2017-12-01;ALTA, por demanda
ALTA;J01F  MACROLIDOS Y SIMILARES;BRULUART;ERITROMICINA G.I B;2008-10-01;ERITROMICINA G.I B TABL 500 MG 20;ERITROMICINA;2016-12-01;2017-04-01;BAJA, por demanda
ALTA;J01F  MACROLIDOS Y SIMILARES;TEVA CORPORACION;DAMICIN;2012-11-01;DAMICIN AMP 4 ML;CLINDAMICINA;2014-12-01;2015-04-01;BAJA, por demanda
ALTA;J01F  MACROLIDOS Y SIMILARES;TEVA CORPORACION;DAMICIN;2012-11-01;DAMICIN AMP 4 ML;CLINDAMICINA;2015-04-01;2015-08-01;BAJA, por demanda
BAJA;J01F  MACROLIDOS Y SIMILARES;SANOFI CORP;AZITROMICINA G.I P;2009-08-01;AZITROMICINA G.I K TABL 500 MG 4;AZITROMICINA;2014-04-01;2014-08-01;lanzamiento
BAJA;J01F  MACROLIDOS Y SIMILARES;SANOFI CORP;AZITROMICINA G.I P;2009-08-01;AZITROMICINA G.I K TABL 500 MG 4;AZITROMICINA;2015-08-01;2015-12-01;ALTA, por demanda
ALTA;J01F  MACROLIDOS Y SIMILARES;PFIZER CORPORATION;LINCOCIN;1967-08-01;LINCOCIN AMP. 300 MG INF 1 ML;LINCOMICINA;2016-08-01;2016-12-01;ALTA, por demanda
BAJA;J01F  MACROLIDOS Y SIMILARES;PFIZER CORPORATION;LINCOCIN;1967-08-01;LINCOCIN AMP. 300 MG INF 1 ML;LINCOMICINA;2018-04-01;2018-08-01;BAJA, por demanda
ALTA;J01F  MACROLIDOS Y SIMILARES;ANTIBIOTICOS DE MEXICO SA CV;CLINDAMICINA G.I A;2005-11-01;CLINDAMICINA GI AN CAPS 300 MG 16;CLINDAMICINA;2017-08-01;2017-12-01;ALTA, por demanda
BAJA;J01F  MACROLIDOS Y SIMILARES;MAVI;CLARITROMICI G.I M;2007-09-01;CLARITROMICI G.I M TABL 250 MG 10;CLARITROMICINA;2016-04-01;2016-08-01;lanzamiento
BAJA;J01F  MACROLIDOS Y SIMILARES;QUIFA PERRIGO;CLINDAMICINA G.I Q;2007-08-01;CLINDAMICINA G.I Q CAPS 300 MG 16;CLINDAMICINA;2015-04-01;2015-08-01;BAJA, por demanda
BAJA;J01F  MACROLIDOS Y SIMILARES;ALPHARMA;AZITROMICIN GI ALP;2013-11-01;AZITROMICIN GI ALP TABL 500 MG 3;AZITROMICINA;2014-12-01;2015-04-01;BAJA, por demanda
BAJA;J01F  MACROLIDOS Y SIMILARES;EUROMEX,LABS.;KROBICIN;2003-01-01;KROBICIN SUSP 250 MG 60 ML;CLARITROMICINA;2015-04-01;2015-08-01;BAJA, por demanda
BAJA;J01F  MACROLIDOS Y SIMILARES;ABBOTT;KLARICID;1999-09-01;KLARICID GR.P/SUS PED 125 MG /5ML 60 ML;CLARITROMICINA;2016-04-01;2016-08-01;lanzamiento
BAJA;J01F  MACROLIDOS Y SIMILARES;ABBOTT;KLARICID;1999-09-01;KLARICID GR.P/SUS PED 125 MG /5ML 60 ML;CLARITROMICINA;2017-04-01;2017-08-01;BAJA, por demanda
BAJA;J01F  MACROLIDOS Y SIMILARES;ABBOTT;KLARICID;1999-09-01;KLARICID GR.P/SUS PED 125 MG /5ML 60 ML;CLARITROMICINA;2017-12-01;2018-04-01;BAJA, por demanda
BAJA;J01F  MACROLIDOS Y SIMILARES;ABBOTT;KLARICID;1999-09-01;KLARICID GR.P/SUS PED 125 MG /5ML 60 ML;CLARITROMICINA;2018-04-01;2018-08-01;BAJA, por demanda
BAJA;J01F  MACROLIDOS Y SIMILARES;ABBOTT;KLARICID;1999-09-01;KLARICID GR.P/SUS PED 125 MG /5ML 60 ML;CLARITROMICINA;2018-12-01;2019-04-01;BAJA, por demanda
ALTA;J01F  MACROLIDOS Y SIMILARES;GENOMA LAB INT;CLINDAMICIN GI MMN;2009-08-01;CLINDAMICIN GI MMN AMP 600 MG 4 ML;CLINDAMICINA;2016-12-01;2017-04-01;BAJA, por demanda
BAJA;J01F  MACROLIDOS Y SIMILARES;CHINOIN;KOPTIN;2003-07-01;KOPTIN SUSP 200 MG /5ML 22.5 ML;AZITROMICINA;2017-12-01;2018-04-01;BAJA, por demanda
BAJA;J01F  MACROLIDOS Y SIMILARES;CHINOIN;KOPTIN;2003-07-01;KOPTIN SUSP 200 MG /5ML 22.5 ML;AZITROMICINA;2018-04-01;2018-08-01;BAJA, por demanda
ALTA;J01F  MACROLIDOS Y SIMILARES;GRUPO FARMACEUTICO SOMAR;CLINDAMICIN G.I SE;2004-10-01;CLINDAMICIN G.I SE CAPS 300 MG 16;CLINDAMICINA;2014-08-01;2014-12-01;ALTA, por demanda
ALTA;J01F  MACROLIDOS Y SIMILARES;GRUPO FARMACEUTICO SOMAR;CLINDAMICIN G.I SE;2004-10-01;CLINDAMICIN G.I SE CAPS 300 MG 16;CLINDAMICINA;2016-04-01;2016-08-01;BAJA, por demanda
BAJA;J01F  MACROLIDOS Y SIMILARES;BAUSCH HEALTH;ERITROMICINA GI AT;2008-05-01;ERITROMICINA GI AT TABL 500 MG 20;ERITROMICINA;2015-04-01;2015-08-01;BAJA, por demanda
BAJA;J01F  MACROLIDOS Y SIMILARES;BAUSCH HEALTH;ERITROMICINA GI AT;2008-05-01;ERITROMICINA GI AT TABL 500 MG 20;ERITROMICINA;2016-04-01;2016-08-01;lanzamiento
BAJA;J01F  MACROLIDOS Y SIMILARES;BAUSCH HEALTH;ERITROMICINA GI AT;2008-05-01;ERITROMICINA GI AT TABL 500 MG 20;ERITROMICINA;2016-12-01;2017-04-01;lanzamiento
BAJA;J01F  MACROLIDOS Y SIMILARES;BAUSCH HEALTH;ERITROMICINA GI AT;2008-05-01;ERITROMICINA GI AT TABL 500 MG 20;ERITROMICINA;2017-04-01;2017-08-01;BAJA, por demanda
BAJA;J01F  MACROLIDOS Y SIMILARES;BAUSCH HEALTH;ERITROMICINA GI AT;2008-05-01;ERITROMICINA GI AT TABL 500 MG 20;ERITROMICINA;2017-12-01;2018-04-01;BAJA, por demanda
ALTA;J01F  MACROLIDOS Y SIMILARES;BAUSCH HEALTH;ERITROMICINA GI AT;2008-05-01;ERITROMICINA GI AT TABL 500 MG 20;ERITROMICINA;2018-08-01;2018-12-01;ALTA, por demanda
ALTA;J01F  MACROLIDOS Y SIMILARES;SIEGFRIED-MED;CLENDIX;2006-06-01;CLENDIX CAPS 300 MG 21;CLINDAMICINA;2014-08-01;2014-12-01;ALTA, por demanda
ALTA;J01F  MACROLIDOS Y SIMILARES;SIEGFRIED-MED;CLENDIX;2006-06-01;CLENDIX CAPS 300 MG 21;CLINDAMICINA;2015-12-01;2016-04-01;ALTA, por demanda
ALTA;J01F  MACROLIDOS Y SIMILARES;ABBOTT;KLARICID;1996-06-01;KLARICID V.IV SOLV 500 MG 10 ML;CLARITROMICINA;2015-12-01;2016-04-01;ALTA, por demanda
ALTA;J01F  MACROLIDOS Y SIMILARES;ABBOTT;KLARICID;1996-06-01;KLARICID V.IV SOLV 500 MG 10 ML;CLARITROMICINA;2016-12-01;2017-04-01;BAJA, por demanda
ALTA;J01F  MACROLIDOS Y SIMILARES;ABBOTT;KLARICID;1996-06-01;KLARICID V.IV SOLV 500 MG 10 ML;CLARITROMICINA;2017-08-01;2017-12-01;ALTA, por demanda
ALTA;J01F  MACROLIDOS Y SIMILARES;ABBOTT;KLARICID;1996-06-01;KLARICID V.IV SOLV 500 MG 10 ML;CLARITROMICINA;2018-08-01;2018-12-01;ALTA, por demanda
BAJA;J01F  MACROLIDOS Y SIMILARES;BAUSCH HEALTH;TEXIS;2006-07-01;TEXIS TABL 500 MG 3;AZITROMICINA;2014-04-01;2014-08-01;lanzamiento
ALTA;J01F  MACROLIDOS Y SIMILARES;BAUSCH HEALTH;TEXIS;2006-07-01;TEXIS TABL 500 MG 3;AZITROMICINA;2014-08-01;2014-12-01;ALTA, por demanda
BAJA;J01F  MACROLIDOS Y SIMILARES;BAUSCH HEALTH;TEXIS;2006-07-01;TEXIS TABL 500 MG 3;AZITROMICINA;2014-12-01;2015-04-01;BAJA, por demanda
BAJA;J01F  MACROLIDOS Y SIMILARES;BAUSCH HEALTH;TEXIS;2006-07-01;TEXIS TABL 500 MG 3;AZITROMICINA;2017-04-01;2017-08-01;BAJA, por demanda
BAJA;J01F  MACROLIDOS Y SIMILARES;BAUSCH HEALTH;TEXIS;2006-07-01;TEXIS TABL 500 MG 3;AZITROMICINA;2017-08-01;2017-12-01;ALTA, por demanda
BAJA;J01F  MACROLIDOS Y SIMILARES;BAUSCH HEALTH;TEXIS;2006-07-01;TEXIS TABL 500 MG 3;AZITROMICINA;2017-12-01;2018-04-01;BAJA, por demanda
ALTA;J01F  MACROLIDOS Y SIMILARES;BAUSCH HEALTH;AZITROMICIN G.I AT;2011-06-01;AZITROMICIN G.I AT TABL 500 MG 4;AZITROMICINA;2016-12-01;2017-04-01;BAJA, por demanda
BAJA;J01F  MACROLIDOS Y SIMILARES;GENETICA LABORATORIOS SA DE CV;SAMITROGEN;2013-02-01;SAMITROGEN CAPS 500 MG 6;AZITROMICINA;2014-04-01;2014-08-01;lanzamiento
ALTA;J01F  MACROLIDOS Y SIMILARES;GENETICA LABORATORIOS SA DE CV;SAMITROGEN;2013-02-01;SAMITROGEN CAPS 500 MG 6;AZITROMICINA;2014-08-01;2014-12-01;ALTA, por demanda
BAJA;J01F  MACROLIDOS Y SIMILARES;GENETICA LABORATORIOS SA DE CV;SAMITROGEN;2013-02-01;SAMITROGEN CAPS 500 MG 6;AZITROMICINA;2017-12-01;2018-04-01;BAJA, por demanda
BAJA;J01F  MACROLIDOS Y SIMILARES;ULTRA LABORATORIOS;ARLECYN-K;2007-04-01;ARLECYN-K TABL 250 MG 10;CLARITROMICINA;2014-04-01;2014-08-01;lanzamiento
ALTA;J01F  MACROLIDOS Y SIMILARES;SANOFI CORP;CLARITROMICI G.I K;2007-10-01;CLARITROMICI G.I K TABL 500 MG 10;CLARITROMICINA;2015-08-01;2015-12-01;ALTA, por demanda
BAJA;J01F  MACROLIDOS Y SIMILARES;SANOFI CORP;CLARITROMICI G.I K;2007-10-01;CLARITROMICI G.I K TABL 500 MG 10;CLARITROMICINA;2017-04-01;2017-08-01;BAJA, por demanda
BAJA;J01F  MACROLIDOS Y SIMILARES;SANOFI CORP;CLARITROMICI G.I K;2007-10-01;CLARITROMICI G.I K TABL 500 MG 10;CLARITROMICINA;2017-08-01;2017-12-01;ALTA, por demanda
BAJA;J01F  MACROLIDOS Y SIMILARES;PFIZER CORPORATION;LINCOCIN;1989-04-01;LINCOCIN AMP. 300 MG INF 6 1 ML;LINCOMICINA;2015-04-01;2015-08-01;BAJA, por demanda
BAJA;J01F  MACROLIDOS Y SIMILARES;PFIZER CORPORATION;LINCOCIN;1989-04-01;LINCOCIN AMP. 300 MG INF 6 1 ML;LINCOMICINA;2016-04-01;2016-08-01;lanzamiento
ALTA;J01F  MACROLIDOS Y SIMILARES;PFIZER CORPORATION;LINCOCIN;1989-04-01;LINCOCIN AMP. 300 MG INF 6 1 ML;LINCOMICINA;2016-08-01;2016-12-01;ALTA, por demanda
BAJA;J01F  MACROLIDOS Y SIMILARES;PFIZER CORPORATION;LINCOCIN;1989-04-01;LINCOCIN AMP. 300 MG INF 6 1 ML;LINCOMICINA;2017-12-01;2018-04-01;BAJA, por demanda
BAJA;J01F  MACROLIDOS Y SIMILARES;CORPORATIVO RAYERE;BIODACLIN;2006-08-01;BIODACLIN SOLN INY 600 MG;CLINDAMICINA;2016-04-01;2016-08-01;lanzamiento
ALTA;J01F  MACROLIDOS Y SIMILARES;CORPORATIVO RAYERE;BIODACLIN;2006-08-01;BIODACLIN SOLN INY 600 MG;CLINDAMICINA;2017-12-01;2018-04-01;BAJA, por demanda
BAJA;J01F  MACROLIDOS Y SIMILARES;ASOFARMA;TRUXA;2003-05-01;TRUXA CPR 500 MG 3;AZITROMICINA;2017-12-01;2018-04-01;BAJA, por demanda
BAJA;J01F  MACROLIDOS Y SIMILARES;NOVAG INFANCIA, S.A. DE C.V.;CLINDAMICIN G.I NO;2015-07-01;CLINDAMICIN G.I NO TABL 300 MG 16;CLINDAMICINA;2016-04-01;2016-08-01;lanzamiento
ALTA;J01F  MACROLIDOS Y SIMILARES;ANTIBIOTICOS DE MEXICO SA CV;CLINDAMICINA G.I A;2009-03-01;CLINDAMICINA G.I A AMP 600 MG 4 ML;CLINDAMICINA;2014-08-01;2014-12-01;ALTA, por demanda
ALTA;J01F  MACROLIDOS Y SIMILARES;ANTIBIOTICOS DE MEXICO SA CV;CLINDAMICINA G.I A;2009-03-01;CLINDAMICINA G.I A AMP 600 MG 4 ML;CLINDAMICINA;2015-08-01;2015-12-01;ALTA, por demanda
BAJA;J01F  MACROLIDOS Y SIMILARES;ANTIBIOTICOS DE MEXICO SA CV;CLINDAMICINA G.I A;2009-03-01;CLINDAMICINA G.I A AMP 600 MG 4 ML;CLINDAMICINA;2017-12-01;2018-04-01;BAJA, por demanda
ALTA;J01F  MACROLIDOS Y SIMILARES;ANTIBIOTICOS DE MEXICO SA CV;CLINDAMICINA G.I A;2009-03-01;CLINDAMICINA G.I A AMP 600 MG 4 ML;CLINDAMICINA;2018-12-01;2019-04-01;BAJA, por demanda
BAJA;J01F  MACROLIDOS Y SIMILARES;BIOMEP S.A. DE C.V.;CLARITROMICI G.I B;2011-07-01;CLARITROMICI G.I B TABL 500 MG 10;CLARITROMICINA;2018-12-01;2019-04-01;BAJA, por demanda
ALTA;J01F  MACROLIDOS Y SIMILARES;COLLINS;ZERTALIN;2004-08-01;ZERTALIN TABL 500 MG 3;AZITROMICINA;2015-04-01;2015-08-01;BAJA, por demanda
BAJA;J01F  MACROLIDOS Y SIMILARES;COLLINS;ZERTALIN;2004-08-01;ZERTALIN TABL 500 MG 3;AZITROMICINA;2016-04-01;2016-08-01;lanzamiento
BAJA;J01F  MACROLIDOS Y SIMILARES;COLLINS;ZERTALIN;2004-08-01;ZERTALIN TABL 500 MG 3;AZITROMICINA;2017-12-01;2018-04-01;BAJA, por demanda
ALTA;J01F  MACROLIDOS Y SIMILARES;MAVER;LINCOVER;2006-10-01;LINCOVER AMP 600 MG 3 2 ML;LINCOMICINA;2016-08-01;2016-12-01;ALTA, por demanda
ALTA;J01F  MACROLIDOS Y SIMILARES;MAVER;LINCOVER;2006-10-01;LINCOVER AMP 600 MG 3 2 ML;LINCOMICINA;2018-12-01;2019-04-01;BAJA, por demanda
BAJA;J01F  MACROLIDOS Y SIMILARES;CHINOIN;KOPTIN;2003-07-01;KOPTIN TABL 500 MG 3;AZITROMICINA;2017-12-01;2018-04-01;BAJA, por demanda
BAJA;J01F  MACROLIDOS Y SIMILARES;CHINOIN;KOPTIN;2003-07-01;KOPTIN TABL 500 MG 3;AZITROMICINA;2018-04-01;2018-08-01;BAJA, por demanda
BAJA;J01F  MACROLIDOS Y SIMILARES;CHINOIN;KOPTIN;2003-07-01;KOPTIN TABL 500 MG 3;AZITROMICINA;2018-12-01;2019-04-01;BAJA, por demanda
ALTA;J01F  MACROLIDOS Y SIMILARES;ULTRA LABORATORIOS;CLINDAMICINA G.I U;2007-10-01;CLINDAMICINA G.I U CAPS 300 MG 16;CLINDAMICINA;2014-04-01;2014-08-01;BAJA, por demanda
ALTA;J01F  MACROLIDOS Y SIMILARES;ULTRA LABORATORIOS;CLINDAMICINA G.I U;2007-10-01;CLINDAMICINA G.I U CAPS 300 MG 16;CLINDAMICINA;2015-12-01;2016-04-01;ALTA, por demanda
ALTA;J01F  MACROLIDOS Y SIMILARES;ULTRA LABORATORIOS;CLINDAMICINA G.I U;2007-10-01;CLINDAMICINA G.I U CAPS 300 MG 16;CLINDAMICINA;2016-04-01;2016-08-01;BAJA, por demanda
ALTA;J01F  MACROLIDOS Y SIMILARES;ULTRA LABORATORIOS;CLINDAMICINA G.I U;2007-10-01;CLINDAMICINA G.I U CAPS 300 MG 16;CLINDAMICINA;2016-12-01;2017-04-01;BAJA, por demanda
ALTA;J01F  MACROLIDOS Y SIMILARES;MAVER;LINCOVER;2005-11-01;LINCOVER CAPS 500 MG 16;LINCOMICINA;2014-12-01;2015-04-01;BAJA, por demanda
BAJA;J01F  MACROLIDOS Y SIMILARES;MAVER;LINCOVER;2005-11-01;LINCOVER CAPS 500 MG 16;LINCOMICINA;2017-12-01;2018-04-01;BAJA, por demanda
BAJA;J01F  MACROLIDOS Y SIMILARES;MAVER;LINCOVER;2005-11-01;LINCOVER CAPS 500 MG 16;LINCOMICINA;2018-12-01;2019-04-01;BAJA, por demanda
