BAJA;J01G  FLUORQUINOLONAS;SENOSIAIN;CIPROFLOX;1991-01-01;CIPROFLOX CAPS 250 MG 12;CIPROFLOXACINO;2014-08-01;2014-12-01;lanzamiento
ALTA;J01G  FLUORQUINOLONAS;SENOSIAIN;CIPROFLOX;1991-01-01;CIPROFLOX CAPS 250 MG 12;CIPROFLOXACINO;2015-12-01;2016-04-01;ALTA, por demanda
ALTA;J01G  FLUORQUINOLONAS;MERCK;NOFLOROX;2003-04-01;NOFLOROX TABL 400 MG 20;NORFLOXACINO;2016-04-01;2016-08-01;BAJA, por demanda
ALTA;J01G  FLUORQUINOLONAS;MERCK;NOFLOROX;2003-04-01;NOFLOROX TABL 400 MG 20;NORFLOXACINO;2016-12-01;2017-04-01;BAJA, por demanda
ALTA;J01G  FLUORQUINOLONAS;SENOSIAIN;CIPROFLOX;2000-07-01;CIPROFLOX AMP 400 MG 200 ML;CIPROFLOXACINO;2014-04-01;2014-08-01;ALTA, por demanda
ALTA;J01G  FLUORQUINOLONAS;SENOSIAIN;CIPROFLOX;2000-07-01;CIPROFLOX AMP 400 MG 200 ML;CIPROFLOXACINO;2015-12-01;2016-04-01;ALTA, por demanda
ALTA;J01G  FLUORQUINOLONAS;SENOSIAIN;CIPROFLOX;2000-07-01;CIPROFLOX AMP 400 MG 200 ML;CIPROFLOXACINO;2018-08-01;2018-12-01;ALTA, por demanda
ALTA;J01G  FLUORQUINOLONAS;SENOSIAIN;CIPROFLOX;2000-07-01;CIPROFLOX AMP 400 MG 200 ML;CIPROFLOXACINO;2018-12-01;2019-04-01;BAJA, por demanda
BAJA;J01G  FLUORQUINOLONAS;PROTEIN-APOTEX;OFLOXACINO G.I PRO;2009-09-01;OFLOXACINO G.I PRO TABL 400 MG 6;OFLOXACINO;2015-08-01;2015-12-01;lanzamiento
ALTA;J01G  FLUORQUINOLONAS;VICTORY ENTERPRISE;NORFLOXACIN G.I VI;2010-03-01;NORFLOXACIN G.I VI TABL 40 MG 20;NORFLOXACINO;2014-08-01;2014-12-01;ALTA, por demanda
BAJA;J01G  FLUORQUINOLONAS;VICTORY ENTERPRISE;NORFLOXACIN G.I VI;2010-03-01;NORFLOXACIN G.I VI TABL 40 MG 20;NORFLOXACINO;2015-04-01;2015-08-01;lanzamiento
ALTA;J01G  FLUORQUINOLONAS;ULTRA LABORATORIOS;CIPROFLOXAC G.I UL;2006-03-01;CIPROFLOXAC G.I UL TABL 250 MG 8;CIPROFLOXACINO;2016-12-01;2017-04-01;BAJA, por demanda
ALTA;J01G  FLUORQUINOLONAS;ULTRA LABORATORIOS;CIPROFLOXAC G.I UL;2006-03-01;CIPROFLOXAC G.I UL TABL 250 MG 8;CIPROFLOXACINO;2018-12-01;2019-04-01;BAJA, por demanda
BAJA;J01G  FLUORQUINOLONAS;VICTORY ENTERPRISE;CLORTORY;2004-09-01;CLORTORY TABL 500 MG 28;CIPROFLOXACINO;2014-08-01;2014-12-01;lanzamiento
ALTA;J01G  FLUORQUINOLONAS;BAYER CORP.;CIPRO XR;2004-03-01;CIPRO XR CPR 1 G 7;CIPROFLOXACINO;2015-04-01;2015-08-01;ALTA, por demanda
BAJA;J01G  FLUORQUINOLONAS;BAYER CORP.;CIPRO XR;2004-03-01;CIPRO XR CPR 1 G 7;CIPROFLOXACINO;2017-12-01;2018-04-01;BAJA, por demanda
ALTA;J01G  FLUORQUINOLONAS;GRUPO FARMACEUTICO SOMAR;AVESTREP;2015-08-01;AVESTREP TABL 400 MG 7;MOXIFLOXACINO;2015-12-01;2016-04-01;ALTA, por demanda
BAJA;J01G  FLUORQUINOLONAS;GRUPO FARMACEUTICO SOMAR;AVESTREP;2015-08-01;AVESTREP TABL 400 MG 7;MOXIFLOXACINO;2018-04-01;2018-08-01;BAJA, por demanda
ALTA;J01G  FLUORQUINOLONAS;GRUPO FARMACEUTICO SOMAR;AVESTREP;2015-08-01;AVESTREP TABL 400 MG 7;MOXIFLOXACINO;2018-08-01;2018-12-01;ALTA, por demanda
ALTA;J01G  FLUORQUINOLONAS;LABS BEST S.A.;BACPROIN;2015-12-01;BACPROIN TABL 500 MG 12;CIPROFLOXACINO;2016-08-01;2016-12-01;ALTA, por demanda
ALTA;J01G  FLUORQUINOLONAS;LABS BEST S.A.;BACPROIN;2015-12-01;BACPROIN TABL 500 MG 12;CIPROFLOXACINO;2017-12-01;2018-04-01;BAJA, por demanda
ALTA;J01G  FLUORQUINOLONAS;VICTORY ENTERPRISE;CLORTORY;2018-06-01;CLORTORY TABL 500 MG 20;CIPROFLOXACINO;2018-04-01;2018-08-01;BAJA, por demanda
ALTA;J01G  FLUORQUINOLONAS;COLLINS;UNIQUIN;2014-06-01;UNIQUIN TABL 750 MG 7;LEVOFLOXACINO;2015-04-01;2015-08-01;ALTA, por demanda
ALTA;J01G  FLUORQUINOLONAS;COLLINS;UNIQUIN;2014-06-01;UNIQUIN TABL 750 MG 7;LEVOFLOXACINO;2017-04-01;2017-08-01;BAJA, por demanda
BAJA;J01G  FLUORQUINOLONAS;BAYER CORP.;AVELOX;2002-05-01;AVELOX AMP. IV 400 MG 250 ML;MOXIFLOXACINO;2014-12-01;2015-04-01;lanzamiento
ALTA;J01G  FLUORQUINOLONAS;BAYER CORP.;AVELOX;2002-05-01;AVELOX AMP. IV 400 MG 250 ML;MOXIFLOXACINO;2015-12-01;2016-04-01;ALTA, por demanda
ALTA;J01G  FLUORQUINOLONAS;BAYER CORP.;AVELOX;2002-05-01;AVELOX AMP. IV 400 MG 250 ML;MOXIFLOXACINO;2018-08-01;2018-12-01;ALTA, por demanda
BAJA;J01G  FLUORQUINOLONAS;BAYER CORP.;AVELOX;2002-05-01;AVELOX AMP. IV 400 MG 250 ML;MOXIFLOXACINO;2018-12-01;2019-04-01;BAJA, por demanda
ALTA;J01G  FLUORQUINOLONAS;BAYER CORP.;CIPROXINA;1991-08-01;CIPROXINA V.IV INFUSIO 2 MG /1ML 100 ML;CIPROFLOXACINO;2014-08-01;2014-12-01;ALTA, por demanda
BAJA;J01G  FLUORQUINOLONAS;BAYER CORP.;CIPROXINA;1991-08-01;CIPROXINA V.IV INFUSIO 2 MG /1ML 100 ML;CIPROFLOXACINO;2014-12-01;2015-04-01;lanzamiento
ALTA;J01G  FLUORQUINOLONAS;RAGAR;CIPROFLOXACIN GI R;2015-07-01;CIPROFLOXACIN GI R TABL 250 MG 8;CIPROFLOXACINO;2015-12-01;2016-04-01;ALTA, por demanda
BAJA;J01G  FLUORQUINOLONAS;RAGAR;CIPROFLOXACIN GI R;2015-07-01;CIPROFLOXACIN GI R TABL 250 MG 8;CIPROFLOXACINO;2016-04-01;2016-08-01;lanzamiento
ALTA;J01G  FLUORQUINOLONAS;BAUSCH HEALTH;PROXITEC-1;2007-06-01;PROXITEC-1 AMP IV 200 MG 100 ML;CIPROFLOXACINO;2016-08-01;2016-12-01;ALTA, por demanda
BAJA;J01G  FLUORQUINOLONAS;BAUSCH HEALTH;PROXITEC-1;2007-06-01;PROXITEC-1 AMP IV 200 MG 100 ML;CIPROFLOXACINO;2016-12-01;2017-04-01;lanzamiento
BAJA;J01G  FLUORQUINOLONAS;BAYER CORP.;CIPROXINA;1989-12-01;CIPROXINA TABL REVEST 250 MG 12;CIPROFLOXACINO;2016-08-01;2016-12-01;ALTA, por demanda
BAJA;J01G  FLUORQUINOLONAS;MAVI;NORFLOXACIN GI MAV;2016-03-01;NORFLOXACIN GI MAV TABL 400 MG 20;NORFLOXACINO;2018-12-01;2019-04-01;BAJA, por demanda
BAJA;J01G  FLUORQUINOLONAS;QUIFA PERRIGO;DINAFLOX;2006-03-01;DINAFLOX TABL 500 MG 8;CIPROFLOXACINO;2014-04-01;2014-08-01;lanzamiento
BAJA;J01G  FLUORQUINOLONAS;QUIFA PERRIGO;DINAFLOX;2006-03-01;DINAFLOX TABL 500 MG 8;CIPROFLOXACINO;2018-04-01;2018-08-01;BAJA, por demanda
BAJA;J01G  FLUORQUINOLONAS;TEVA CORPORACION;LEVOFLOXACIN G.I T;2011-01-01;LEVOFLOXACIN G.I T TABL 750 MG 7;LEVOFLOXACINO;2014-12-01;2015-04-01;lanzamiento
ALTA;J01G  FLUORQUINOLONAS;TEVA CORPORACION;LEVOFLOXACIN G.I T;2011-01-01;LEVOFLOXACIN G.I T TABL 750 MG 7;LEVOFLOXACINO;2015-04-01;2015-08-01;ALTA, por demanda
BAJA;J01G  FLUORQUINOLONAS;TEVA CORPORACION;LEVOFLOXACIN G.I T;2011-01-01;LEVOFLOXACIN G.I T TABL 750 MG 7;LEVOFLOXACINO;2016-04-01;2016-08-01;lanzamiento
ALTA;J01G  FLUORQUINOLONAS;TEVA CORPORACION;LEVOFLOXACIN G.I T;2011-01-01;LEVOFLOXACIN G.I T TABL 750 MG 7;LEVOFLOXACINO;2016-12-01;2017-04-01;BAJA, por demanda
ALTA;J01G  FLUORQUINOLONAS;QUIFA PERRIGO;DINAFLOX;2006-03-01;DINAFLOX TABL 250 MG 12;CIPROFLOXACINO;2015-08-01;2015-12-01;ALTA, por demanda
ALTA;J01G  FLUORQUINOLONAS;QUIFA PERRIGO;DINAFLOX;2006-03-01;DINAFLOX TABL 250 MG 12;CIPROFLOXACINO;2017-04-01;2017-08-01;BAJA, por demanda
BAJA;J01G  FLUORQUINOLONAS;SANOFI CORP;MITROKEN I;2005-05-01;MITROKEN TABL 250 MG 12;CIPROFLOXACINO;2014-04-01;2014-08-01;lanzamiento
BAJA;J01G  FLUORQUINOLONAS;SANOFI CORP;MITROKEN I;2005-05-01;MITROKEN TABL 250 MG 12;CIPROFLOXACINO;2014-12-01;2015-04-01;lanzamiento
ALTA;J01G  FLUORQUINOLONAS;CARNOT;ORANOR;1988-05-01;ORANOR GRAG. 400 MG 20;NORFLOXACINO;2018-04-01;2018-08-01;BAJA, por demanda
BAJA;J01G  FLUORQUINOLONAS;JOHNSON+JOHNSON CO;ELEQUINE;2002-02-01;ELEQUINE TABL 750 MG 5;LEVOFLOXACINO;2014-12-01;2015-04-01;lanzamiento
ALTA;J01G  FLUORQUINOLONAS;JOHNSON+JOHNSON CO;ELEQUINE;2002-02-01;ELEQUINE TABL 750 MG 5;LEVOFLOXACINO;2015-12-01;2016-04-01;ALTA, por demanda
BAJA;J01G  FLUORQUINOLONAS;JOHNSON+JOHNSON CO;ELEQUINE;2002-02-01;ELEQUINE TABL 750 MG 5;LEVOFLOXACINO;2017-12-01;2018-04-01;BAJA, por demanda
BAJA;J01G  FLUORQUINOLONAS;JOHNSON+JOHNSON CO;ELEQUINE;2002-02-01;ELEQUINE TABL 750 MG 5;LEVOFLOXACINO;2018-04-01;2018-08-01;BAJA, por demanda
BAJA;J01G  FLUORQUINOLONAS;JOHNSON+JOHNSON CO;ELEQUINE;2002-02-01;ELEQUINE TABL 750 MG 5;LEVOFLOXACINO;2018-12-01;2019-04-01;BAJA, por demanda
BAJA;J01G  FLUORQUINOLONAS;ALPHARMA;CIPROFLOXAC G.I AL;2005-09-01;CIPROFLOXAC G.I AL TABL 250 MG 8;CIPROFLOXACINO;2017-04-01;2017-08-01;lanzamiento
BAJA;J01G  FLUORQUINOLONAS;ALPHARMA;CIPROFLOXAC G.I AL;2005-09-01;CIPROFLOXAC G.I AL TABL 250 MG 8;CIPROFLOXACINO;2018-04-01;2018-08-01;BAJA, por demanda
ALTA;J01G  FLUORQUINOLONAS;PISA;LEVOFLOXACIN G.I P;2016-01-01;LEVOFLOXACIN G.I P TABL 750 MG 7;LEVOFLOXACINO;2016-04-01;2016-08-01;BAJA, por demanda
ALTA;J01G  FLUORQUINOLONAS;PISA;LEVOFLOXACIN G.I P;2016-01-01;LEVOFLOXACIN G.I P TABL 750 MG 7;LEVOFLOXACINO;2017-08-01;2017-12-01;ALTA, por demanda
ALTA;J01G  FLUORQUINOLONAS;PISA;LEVOFLOXACIN G.I P;2016-01-01;LEVOFLOXACIN G.I P TABL 750 MG 7;LEVOFLOXACINO;2018-08-01;2018-12-01;ALTA, por demanda
ALTA;J01G  FLUORQUINOLONAS;NAFAR LABORATORIOS SA DE CV;BANCIFAR;2015-02-01;BANCIFAR TABL 400 MG 5;MOXIFLOXACINO;2015-04-01;2015-08-01;ALTA, por demanda
BAJA;J01G  FLUORQUINOLONAS;NAFAR LABORATORIOS SA DE CV;BANCIFAR;2015-02-01;BANCIFAR TABL 400 MG 5;MOXIFLOXACINO;2016-12-01;2017-04-01;lanzamiento
BAJA;J01G  FLUORQUINOLONAS;NAFAR LABORATORIOS SA DE CV;BANCIFAR;2015-02-01;BANCIFAR TABL 400 MG 5;MOXIFLOXACINO;2017-04-01;2017-08-01;lanzamiento
ALTA;J01G  FLUORQUINOLONAS;NAFAR LABORATORIOS SA DE CV;BANCIFAR;2015-02-01;BANCIFAR TABL 400 MG 5;MOXIFLOXACINO;2017-08-01;2017-12-01;ALTA, por demanda
BAJA;J01G  FLUORQUINOLONAS;NAFAR LABORATORIOS SA DE CV;BANCIFAR;2015-02-01;BANCIFAR TABL 400 MG 5;MOXIFLOXACINO;2017-12-01;2018-04-01;BAJA, por demanda
ALTA;J01G  FLUORQUINOLONAS;AVIVIA PHARMA S.A. DE C.V.;CIPROFLOXACIN GI A;2017-01-01;CIPROFLOXACIN GI A TABL 500 MG 12;CIPROFLOXACINO;2017-04-01;2017-08-01;BAJA, por demanda
ALTA;J01G  FLUORQUINOLONAS;COLLINS;KENZOFLEX;1997-08-01;KENZOFLEX TABL 500 MG 12;CIPROFLOXACINO;2014-08-01;2014-12-01;ALTA, por demanda
BAJA;J01G  FLUORQUINOLONAS;COLLINS;KENZOFLEX;1997-08-01;KENZOFLEX TABL 500 MG 12;CIPROFLOXACINO;2016-04-01;2016-08-01;lanzamiento
BAJA;J01G  FLUORQUINOLONAS;COLLINS;KENZOFLEX;1997-08-01;KENZOFLEX TABL 500 MG 12;CIPROFLOXACINO;2018-04-01;2018-08-01;BAJA, por demanda
BAJA;J01G  FLUORQUINOLONAS;SANOFI CORP;CIPROFLOXACI GI KE;1999-11-01;CIPROFLOXACI GI KE TABL 500 MG 8;CIPROFLOXACINO;2015-12-01;2016-04-01;lanzamiento
ALTA;J01G  FLUORQUINOLONAS;BIOMEP S.A. DE C.V.;Z-XIN;2008-04-01;Z-XIN TABL 250 MG 12;CIPROFLOXACINO;2014-12-01;2015-04-01;BAJA, por demanda
ALTA;J01G  FLUORQUINOLONAS;BIOMEP S.A. DE C.V.;Z-XIN;2008-04-01;Z-XIN TABL 250 MG 12;CIPROFLOXACINO;2015-08-01;2015-12-01;ALTA, por demanda
BAJA;J01G  FLUORQUINOLONAS;FARMACEUTICA HISPANOAMERICANA;LEVOFLOXACIN G.I H;2010-11-01;LEVOFLOXACIN G.I H TABL 750 MG 7;LEVOFLOXACINO;2014-12-01;2015-04-01;lanzamiento
ALTA;J01G  FLUORQUINOLONAS;FARMACEUTICA HISPANOAMERICANA;LEVOFLOXACIN G.I H;2010-11-01;LEVOFLOXACIN G.I H TABL 750 MG 7;LEVOFLOXACINO;2016-08-01;2016-12-01;ALTA, por demanda
ALTA;J01G  FLUORQUINOLONAS;BIOMEP S.A. DE C.V.;OFLOXACINO G.I BIO;2010-09-01;OFLOXACINO G.I BIO TABL 400 MG 8;OFLOXACINO;2017-04-01;2017-08-01;BAJA, por demanda
BAJA;J01G  FLUORQUINOLONAS;BIOMEP S.A. DE C.V.;OFLOXACINO G.I BIO;2010-09-01;OFLOXACINO G.I BIO TABL 400 MG 8;OFLOXACINO;2017-08-01;2017-12-01;lanzamiento
BAJA;J01G  FLUORQUINOLONAS;BIOMEP S.A. DE C.V.;OFLOXACINO G.I BIO;2010-09-01;OFLOXACINO G.I BIO TABL 400 MG 8;OFLOXACINO;2018-08-01;2018-12-01;ALTA, por demanda
BAJA;J01G  FLUORQUINOLONAS;ARLEX;ARFLOXINA;2004-09-01;ARFLOXINA TABL 500 MG 8;CIPROFLOXACINO;2015-04-01;2015-08-01;lanzamiento
BAJA;J01G  FLUORQUINOLONAS;JOHNSON+JOHNSON CO;FLOXSTAT;1991-03-01;FLOXSTAT TABL RECUB. 200 MG 12;OFLOXACINO;2017-08-01;2017-12-01;lanzamiento
BAJA;J01G  FLUORQUINOLONAS;JOHNSON+JOHNSON CO;FLOXIL;1993-04-01;FLOXIL TABL 400 MG 6;OFLOXACINO;2017-12-01;2018-04-01;BAJA, por demanda
BAJA;J01G  FLUORQUINOLONAS;JOHNSON+JOHNSON CO;FLOXIL;1993-04-01;FLOXIL TABL 400 MG 6;OFLOXACINO;2018-04-01;2018-08-01;BAJA, por demanda
BAJA;J01G  FLUORQUINOLONAS;DEGORTS;IBACNOL;2006-10-01;IBACNOL TABL 400 MG 8;OFLOXACINO;2015-08-01;2015-12-01;lanzamiento
ALTA;J01G  FLUORQUINOLONAS;DEGORTS;IBACNOL;2006-10-01;IBACNOL TABL 400 MG 8;OFLOXACINO;2016-04-01;2016-08-01;BAJA, por demanda
ALTA;J01G  FLUORQUINOLONAS;PISA;FLUONING;2009-08-01;FLUONING TABL 750 MG 7;LEVOFLOXACINO;2014-08-01;2014-12-01;ALTA, por demanda
BAJA;J01G  FLUORQUINOLONAS;PISA;FLUONING;2009-08-01;FLUONING TABL 750 MG 7;LEVOFLOXACINO;2014-12-01;2015-04-01;lanzamiento
BAJA;J01G  FLUORQUINOLONAS;PISA;FLUONING;2009-08-01;FLUONING TABL 750 MG 7;LEVOFLOXACINO;2018-12-01;2019-04-01;BAJA, por demanda
ALTA;J01G  FLUORQUINOLONAS;MAVER;CIPROFLOXACI G.I M;2008-05-01;CIPROFLOXACI G.I M TABL 500 MG 8;CIPROFLOXACINO;2016-04-01;2016-08-01;BAJA, por demanda
ALTA;J01G  FLUORQUINOLONAS;MAVER;CIPROFLOXACI G.I M;2008-05-01;CIPROFLOXACI G.I M TABL 500 MG 8;CIPROFLOXACINO;2016-08-01;2016-12-01;ALTA, por demanda
BAJA;J01G  FLUORQUINOLONAS;MAVER;CIPROFLOXACI G.I M;2008-05-01;CIPROFLOXACI G.I M TABL 500 MG 8;CIPROFLOXACINO;2017-04-01;2017-08-01;lanzamiento
BAJA;J01G  FLUORQUINOLONAS;MAVER;CIPROFLOXACI G.I M;2008-05-01;CIPROFLOXACI G.I M TABL 500 MG 8;CIPROFLOXACINO;2017-12-01;2018-04-01;BAJA, por demanda
ALTA;J01G  FLUORQUINOLONAS;ROEMMERS;MAXIPLINA;2015-04-01;MAXIPLINA TABL 500 MG 7;LEVOFLOXACINO;2015-12-01;2016-04-01;ALTA, por demanda
ALTA;J01G  FLUORQUINOLONAS;ROEMMERS;MAXIPLINA;2015-04-01;MAXIPLINA TABL 500 MG 7;LEVOFLOXACINO;2016-08-01;2016-12-01;ALTA, por demanda
BAJA;J01G  FLUORQUINOLONAS;ROEMMERS;MAXIPLINA;2015-04-01;MAXIPLINA TABL 500 MG 7;LEVOFLOXACINO;2018-04-01;2018-08-01;BAJA, por demanda
BAJA;J01G  FLUORQUINOLONAS;ROEMMERS;MAXIPLINA;2015-04-01;MAXIPLINA TABL 500 MG 7;LEVOFLOXACINO;2018-12-01;2019-04-01;BAJA, por demanda
ALTA;J01G  FLUORQUINOLONAS;LANDSTEINER;CIPROFLOXACI G.I L;2010-05-01;CIPROFLOXACI G.I L TABL 250 MG 12;CIPROFLOXACINO;2014-12-01;2015-04-01;BAJA, por demanda
BAJA;J01G  FLUORQUINOLONAS;LANDSTEINER;CIPROFLOXACI G.I L;2010-05-01;CIPROFLOXACI G.I L TABL 250 MG 12;CIPROFLOXACINO;2015-04-01;2015-08-01;lanzamiento
BAJA;J01G  FLUORQUINOLONAS;TEVA CORPORACION;COMBIQUINE C;2009-01-01;COMBIQUINE C TABL 500 MG /100 12;ACIDO ASCORBICO + CIPROFLOXACINO;2014-12-01;2015-04-01;lanzamiento
ALTA;J01G  FLUORQUINOLONAS;ROEMMERS;MAXIPLINA;2015-04-01;MAXIPLINA TABL 750 MG 10;LEVOFLOXACINO;2015-12-01;2016-04-01;ALTA, por demanda
ALTA;J01G  FLUORQUINOLONAS;ROEMMERS;MAXIPLINA;2015-04-01;MAXIPLINA TABL 750 MG 10;LEVOFLOXACINO;2016-04-01;2016-08-01;BAJA, por demanda
ALTA;J01G  FLUORQUINOLONAS;ROEMMERS;MAXIPLINA;2015-04-01;MAXIPLINA TABL 750 MG 10;LEVOFLOXACINO;2016-08-01;2016-12-01;ALTA, por demanda
BAJA;J01G  FLUORQUINOLONAS;ROEMMERS;MAXIPLINA;2015-04-01;MAXIPLINA TABL 750 MG 10;LEVOFLOXACINO;2018-12-01;2019-04-01;BAJA, por demanda
ALTA;J01G  FLUORQUINOLONAS;CARNOT;ORANOR;1992-10-01;ORANOR GRAG. 400 MG 10;NORFLOXACINO;2015-04-01;2015-08-01;ALTA, por demanda
BAJA;J01G  FLUORQUINOLONAS;CARNOT;ORANOR;1992-10-01;ORANOR GRAG. 400 MG 10;NORFLOXACINO;2015-08-01;2015-12-01;lanzamiento
ALTA;J01G  FLUORQUINOLONAS;CARNOT;ORANOR;1992-10-01;ORANOR GRAG. 400 MG 10;NORFLOXACINO;2015-12-01;2016-04-01;ALTA, por demanda
ALTA;J01G  FLUORQUINOLONAS;SANFER CORP.;PROVAY;2005-07-01;PROVAY TABL RECUB 500 MG 8;CIPROFLOXACINO;2014-04-01;2014-08-01;ALTA, por demanda
BAJA;J01G  FLUORQUINOLONAS;SANFER CORP.;PROVAY;2005-07-01;PROVAY TABL RECUB 500 MG 8;CIPROFLOXACINO;2015-08-01;2015-12-01;lanzamiento
BAJA;J01G  FLUORQUINOLONAS;SANFER CORP.;PROVAY;2005-07-01;PROVAY TABL RECUB 500 MG 8;CIPROFLOXACINO;2016-04-01;2016-08-01;lanzamiento
BAJA;J01G  FLUORQUINOLONAS;ULTRA LABORATORIOS;LEVOFLOXACIN GI UG;2013-01-01;LEVOFLOXACIN GI UG TABL 500 MG 7;LEVOFLOXACINO;2014-08-01;2014-12-01;lanzamiento
BAJA;J01G  FLUORQUINOLONAS;ULTRA LABORATORIOS;LEVOFLOXACIN GI UG;2013-01-01;LEVOFLOXACIN GI UG TABL 500 MG 7;LEVOFLOXACINO;2014-12-01;2015-04-01;lanzamiento
ALTA;J01G  FLUORQUINOLONAS;SANOFI CORP;MITROKEN I;2009-12-01;MITROKEN TABL 500 MG 12;CIPROFLOXACINO;2015-04-01;2015-08-01;ALTA, por demanda
ALTA;J01G  FLUORQUINOLONAS;LANDSTEINER;LEVOFLOXACIN G.I L;2008-02-01;LEVOFLOXACIN G.I L TABL 500 MG 7;LEVOFLOXACINO;2016-08-01;2016-12-01;ALTA, por demanda
BAJA;J01G  FLUORQUINOLONAS;LANDSTEINER;LEVOFLOXACIN G.I L;2008-02-01;LEVOFLOXACIN G.I L TABL 500 MG 7;LEVOFLOXACINO;2016-12-01;2017-04-01;lanzamiento
BAJA;J01G  FLUORQUINOLONAS;LANDSTEINER;LEVOFLOXACIN G.I L;2008-02-01;LEVOFLOXACIN G.I L TABL 500 MG 7;LEVOFLOXACINO;2018-12-01;2019-04-01;BAJA, por demanda
BAJA;J01G  FLUORQUINOLONAS;SANFER CORP.;BACTOCIN;1993-06-01;BACTOCIN TABL 200 MG 14;OFLOXACINO;2016-12-01;2017-04-01;lanzamiento
BAJA;J01G  FLUORQUINOLONAS;ABBOTT;PROFLUXOL;2007-05-01;PROFLUXOL TABL 250 MG 8;CIPROFLOXACINO;2014-04-01;2014-08-01;lanzamiento
ALTA;J01G  FLUORQUINOLONAS;ABBOTT;PROFLUXOL;2007-05-01;PROFLUXOL TABL 250 MG 8;CIPROFLOXACINO;2015-04-01;2015-08-01;ALTA, por demanda
ALTA;J01G  FLUORQUINOLONAS;ABBOTT;PROFLUXOL;2007-05-01;PROFLUXOL TABL 250 MG 8;CIPROFLOXACINO;2015-08-01;2015-12-01;ALTA, por demanda
ALTA;J01G  FLUORQUINOLONAS;ABBOTT;PROFLUXOL;2007-05-01;PROFLUXOL TABL 250 MG 8;CIPROFLOXACINO;2016-04-01;2016-08-01;BAJA, por demanda
ALTA;J01G  FLUORQUINOLONAS;JAYOR;LEVOFLOXACIN GI JA;2012-02-01;LEVOFLOXACIN GI JA AMP 500 MG 1;LEVOFLOXACINO;2015-12-01;2016-04-01;ALTA, por demanda
BAJA;J01G  FLUORQUINOLONAS;LAB. RAAM DE SAHUAYO S.A.;FLOVIN;2008-09-01;FLOVIN TABL 500 MG 10;CIPROFLOXACINO;2014-04-01;2014-08-01;lanzamiento
BAJA;J01G  FLUORQUINOLONAS;SANOFI CORP;TAVANIC;1997-10-01;TAVANIC TABL REVEST 500 MG 7;LEVOFLOXACINO;2014-12-01;2015-04-01;lanzamiento
BAJA;J01G  FLUORQUINOLONAS;SANOFI CORP;TAVANIC;1997-10-01;TAVANIC TABL REVEST 500 MG 7;LEVOFLOXACINO;2017-04-01;2017-08-01;lanzamiento
BAJA;J01G  FLUORQUINOLONAS;SANOFI CORP;TAVANIC;1997-10-01;TAVANIC TABL REVEST 500 MG 7;LEVOFLOXACINO;2017-08-01;2017-12-01;lanzamiento
BAJA;J01G  FLUORQUINOLONAS;SANOFI CORP;CIPROFLOXACI GI KE;2001-04-01;CIPROFLOXACI GI KE TABL 250 MG 8;CIPROFLOXACINO;2017-08-01;2017-12-01;lanzamiento
BAJA;J01G  FLUORQUINOLONAS;BIOMEP S.A. DE C.V.;CIPROFLOXACI G.I B;2016-07-01;CIPROFLOXACI G.I B TABL 250 MG 8;CIPROFLOXACINO;2018-12-01;2019-04-01;BAJA, por demanda
BAJA;J01G  FLUORQUINOLONAS;ULTRA LABORATORIOS;CIPROFLOXAC G.I UL;2009-03-01;CIPROFLOXAC G.I UL TABL 250 MG 12;CIPROFLOXACINO;2016-04-01;2016-08-01;lanzamiento
BAJA;J01G  FLUORQUINOLONAS;QUIFA PERRIGO;CIPROFLOXAC G.I QY;2002-03-01;CIPROFLOXACI G.I Q TABL 500 MG 8;CIPROFLOXACINO;2014-12-01;2015-04-01;lanzamiento
ALTA;J01G  FLUORQUINOLONAS;QUIFA PERRIGO;CIPROFLOXAC G.I QY;2002-03-01;CIPROFLOXACI G.I Q TABL 500 MG 8;CIPROFLOXACINO;2015-12-01;2016-04-01;ALTA, por demanda
BAJA;J01G  FLUORQUINOLONAS;QUIFA PERRIGO;CIPROFLOXAC G.I QY;2002-03-01;CIPROFLOXACI G.I Q TABL 500 MG 8;CIPROFLOXACINO;2017-12-01;2018-04-01;BAJA, por demanda
ALTA;J01G  FLUORQUINOLONAS;BIOMEP S.A. DE C.V.;CIPROFLOXACI G.I B;2018-10-01;CIPROFLOXACI G.I B TABL 250 MG 12;CIPROFLOXACINO;2018-08-01;2018-12-01;ALTA, por demanda
BAJA;J01G  FLUORQUINOLONAS;RANBAXY, S.A.;RANCIF;2006-03-01;RANCIF TABL 500 MG 8;CIPROFLOXACINO;2014-08-01;2014-12-01;lanzamiento
BAJA;J01G  FLUORQUINOLONAS;MAVI;FLOSEP;2005-11-01;FLOSEP GRAG 400 MG 8;OFLOXACINO;2014-04-01;2014-08-01;lanzamiento
ALTA;J01G  FLUORQUINOLONAS;MAVI;FLOSEP;2005-11-01;FLOSEP GRAG 400 MG 8;OFLOXACINO;2015-12-01;2016-04-01;ALTA, por demanda
BAJA;J01G  FLUORQUINOLONAS;MAVI;FLOSEP;2005-11-01;FLOSEP GRAG 400 MG 8;OFLOXACINO;2018-04-01;2018-08-01;BAJA, por demanda
BAJA;J01G  FLUORQUINOLONAS;GENOMA LAB INT;CIPROFLOXACI GI MM;2009-08-01;CIPROFLOXACI GI MM AMP 200 MG/10 0 ML;CIPROFLOXACINO;2014-04-01;2014-08-01;lanzamiento
ALTA;J01G  FLUORQUINOLONAS;STREGER;FLOXAGER;2001-02-01;FLOXAGER TABL 500 MG 8;CIPROFLOXACINO;2014-08-01;2014-12-01;ALTA, por demanda
BAJA;J01G  FLUORQUINOLONAS;EUROMEX,LABS.;NORQUINOL;2005-11-01;NORQUINOL GRAG 400 MG 20;NORFLOXACINO;2014-08-01;2014-12-01;lanzamiento
BAJA;J01G  FLUORQUINOLONAS;EUROMEX,LABS.;NORQUINOL;2005-11-01;NORQUINOL GRAG 400 MG 20;NORFLOXACINO;2015-08-01;2015-12-01;lanzamiento
ALTA;J01G  FLUORQUINOLONAS;LANDSTEINER;CINA;2012-06-01;CINA TABL 750 MG 7;LEVOFLOXACINO;2018-04-01;2018-08-01;BAJA, por demanda
BAJA;J01G  FLUORQUINOLONAS;JOHNSON+JOHNSON CO;ELEQUINE;1999-09-01;ELEQUINE MINIBAG IV 500 MG 100 ML;LEVOFLOXACINO;2014-08-01;2014-12-01;lanzamiento
BAJA;J01G  FLUORQUINOLONAS;ACCORD FARMA;CIPROFLOXACIN GI A;2014-04-01;CIPROFLOXACIN GI A TABL 500 MG 14;CIPROFLOXACINO;2015-12-01;2016-04-01;lanzamiento
ALTA;J01G  FLUORQUINOLONAS;PISA;LEVOFLOXACIN G.I P;2013-08-01;LEVOFLOXACIN G.I P TABL 500 MG 7;LEVOFLOXACINO;2014-08-01;2014-12-01;ALTA, por demanda
ALTA;J01G  FLUORQUINOLONAS;PISA;LEVOFLOXACIN G.I P;2013-08-01;LEVOFLOXACIN G.I P TABL 500 MG 7;LEVOFLOXACINO;2015-04-01;2015-08-01;ALTA, por demanda
BAJA;J01G  FLUORQUINOLONAS;PISA;LEVOFLOXACIN G.I P;2013-08-01;LEVOFLOXACIN G.I P TABL 500 MG 7;LEVOFLOXACINO;2016-04-01;2016-08-01;lanzamiento
ALTA;J01G  FLUORQUINOLONAS;PISA;LEVOFLOXACIN G.I P;2013-08-01;LEVOFLOXACIN G.I P TABL 500 MG 7;LEVOFLOXACINO;2017-08-01;2017-12-01;ALTA, por demanda
ALTA;J01G  FLUORQUINOLONAS;PISA;LEVOFLOXACIN G.I P;2013-08-01;LEVOFLOXACIN G.I P TABL 500 MG 7;LEVOFLOXACINO;2018-08-01;2018-12-01;ALTA, por demanda
ALTA;J01G  FLUORQUINOLONAS;PISA;PIXIRIV;2017-09-01;PIXIRIV AMP 400 MG 250 ML;MOXIFLOXACINO;2017-12-01;2018-04-01;BAJA, por demanda
ALTA;J01G  FLUORQUINOLONAS;PISA;PIXIRIV;2017-09-01;PIXIRIV AMP 400 MG 250 ML;MOXIFLOXACINO;2018-04-01;2018-08-01;BAJA, por demanda
BAJA;J01G  FLUORQUINOLONAS;MAVER;CIPRAIN;2001-11-01;CIPRAIN TABL 250 MG 10;CIPROFLOXACINO;2014-08-01;2014-12-01;lanzamiento
ALTA;J01G  FLUORQUINOLONAS;MAVER;CIPRAIN;2001-11-01;CIPRAIN TABL 250 MG 10;CIPROFLOXACINO;2015-04-01;2015-08-01;ALTA, por demanda
BAJA;J01G  FLUORQUINOLONAS;MAVER;CIPRAIN;2001-11-01;CIPRAIN TABL 250 MG 10;CIPROFLOXACINO;2018-12-01;2019-04-01;BAJA, por demanda
ALTA;J01G  FLUORQUINOLONAS;SIEGFRIED-MED;CIRIAX;2013-09-01;CIRIAX CPR 500 MG 14;CIPROFLOXACINO;2014-08-01;2014-12-01;ALTA, por demanda
ALTA;J01G  FLUORQUINOLONAS;SIEGFRIED-MED;CIRIAX;2013-09-01;CIRIAX CPR 500 MG 14;CIPROFLOXACINO;2016-12-01;2017-04-01;BAJA, por demanda
ALTA;J01G  FLUORQUINOLONAS;GRUPO FARMACEUTICO SOMAR;FLEVOX;2006-04-01;FLEVOX TABL 500 MG 7;LEVOFLOXACINO;2016-12-01;2017-04-01;BAJA, por demanda
ALTA;J01G  FLUORQUINOLONAS;GRUPO FARMACEUTICO SOMAR;FLEVOX;2006-04-01;FLEVOX TABL 500 MG 7;LEVOFLOXACINO;2018-08-01;2018-12-01;ALTA, por demanda
BAJA;J01G  FLUORQUINOLONAS;GRUPO FARMACEUTICO SOMAR;FLEVOX;2006-04-01;FLEVOX TABL 500 MG 7;LEVOFLOXACINO;2018-12-01;2019-04-01;BAJA, por demanda
BAJA;J01G  FLUORQUINOLONAS;GENOMA LAB INT;CIPROFLOXACI GI MM;2009-08-01;CIPROFLOXACI GI MM AMP 400 MG 200 ML;CIPROFLOXACINO;2014-04-01;2014-08-01;lanzamiento
ALTA;J01G  FLUORQUINOLONAS;SENOSIAIN;BREDELIN;2007-08-01;BREDELIN AMP 500 MG 100 ML;LEVOFLOXACINO;2015-12-01;2016-04-01;ALTA, por demanda
ALTA;J01G  FLUORQUINOLONAS;EUROMEX,LABS.;EUFLOXIN;2006-03-01;EUFLOXIN CPR 500 MG 12;CIPROFLOXACINO;2017-12-01;2018-04-01;BAJA, por demanda
BAJA;J01G  FLUORQUINOLONAS;EUROMEX,LABS.;EUFLOXIN;2006-03-01;EUFLOXIN CPR 500 MG 12;CIPROFLOXACINO;2018-04-01;2018-08-01;BAJA, por demanda
BAJA;J01G  FLUORQUINOLONAS;PROBIOMED;OVELQUIN;2006-02-01;OVELQUIN TABL 750 MG 7;LEVOFLOXACINO;2014-04-01;2014-08-01;lanzamiento
BAJA;J01G  FLUORQUINOLONAS;PROBIOMED;OVELQUIN;2006-02-01;OVELQUIN TABL 750 MG 7;LEVOFLOXACINO;2014-12-01;2015-04-01;lanzamiento
BAJA;J01G  FLUORQUINOLONAS;PROBIOMED;OVELQUIN;2006-02-01;OVELQUIN TABL 750 MG 7;LEVOFLOXACINO;2017-04-01;2017-08-01;lanzamiento
ALTA;J01G  FLUORQUINOLONAS;PISA;CIPROBAC;2006-08-01;CIPROBAC SOLN INY 400 MG 200 ML;CIPROFLOXACINO;2014-08-01;2014-12-01;ALTA, por demanda
BAJA;J01G  FLUORQUINOLONAS;SANOFI CORP;CIPROFLOXACI GI KE;1999-11-01;CIPROFLOXACINO G.I TABL 500 MG 12;CIPROFLOXACINO;2016-12-01;2017-04-01;lanzamiento
ALTA;J01G  FLUORQUINOLONAS;SANOFI CORP;CIPROFLOXACI GI KE;2001-11-01;CIPROFLOXACINO G.I VIAL P/INFUS 200 MG 100 ML;CIPROFLOXACINO;2017-08-01;2017-12-01;ALTA, por demanda
BAJA;J01G  FLUORQUINOLONAS;PFIZER CORPORATION;FACTIVE-5;2009-02-01;FACTIVE-5 TABL 320 MG 3;GEMIFLOXACINO;2016-04-01;2016-08-01;lanzamiento
ALTA;J01G  FLUORQUINOLONAS;PFIZER CORPORATION;FACTIVE-5;2009-02-01;FACTIVE-5 TABL 320 MG 3;GEMIFLOXACINO;2016-08-01;2016-12-01;ALTA, por demanda
BAJA;J01G  FLUORQUINOLONAS;PFIZER CORPORATION;FACTIVE-5;2009-02-01;FACTIVE-5 TABL 320 MG 3;GEMIFLOXACINO;2016-12-01;2017-04-01;lanzamiento
ALTA;J01G  FLUORQUINOLONAS;MERCK;INCADIX;2017-05-01;INCADIX TABL 400 MG 5;MOXIFLOXACINO;2017-08-01;2017-12-01;ALTA, por demanda
ALTA;J01G  FLUORQUINOLONAS;QUIFA PERRIGO;CIPROFLOXAC G.I QY;2002-03-01;CIPROFLOXAC G.I QY TABL 250 MG 12;CIPROFLOXACINO;2014-08-01;2014-12-01;ALTA, por demanda
ALTA;J01G  FLUORQUINOLONAS;QUIFA PERRIGO;CIPROFLOXAC G.I QY;2002-03-01;CIPROFLOXAC G.I QY TABL 250 MG 12;CIPROFLOXACINO;2016-04-01;2016-08-01;BAJA, por demanda
ALTA;J01G  FLUORQUINOLONAS;FRESENIUS KABI MEXICO SA DE CV;QUINOFRES;2012-01-01;QUINOFRES AMP 500 MG 100 ML;LEVOFLOXACINO;2015-08-01;2015-12-01;ALTA, por demanda
ALTA;J01G  FLUORQUINOLONAS;SANFER CORP.;ADENASA;2014-09-01;ADENASA TABL 500 MG 7;LEVOFLOXACINO;2014-08-01;2014-12-01;ALTA, por demanda
ALTA;J01G  FLUORQUINOLONAS;SANFER CORP.;ADENASA;2014-09-01;ADENASA TABL 500 MG 7;LEVOFLOXACINO;2014-12-01;2015-04-01;BAJA, por demanda
BAJA;J01G  FLUORQUINOLONAS;SANFER CORP.;ADENASA;2014-09-01;ADENASA TABL 500 MG 7;LEVOFLOXACINO;2017-04-01;2017-08-01;lanzamiento
BAJA;J01G  FLUORQUINOLONAS;SANFER CORP.;ADENASA;2014-09-01;ADENASA TABL 500 MG 7;LEVOFLOXACINO;2017-12-01;2018-04-01;BAJA, por demanda
BAJA;J01G  FLUORQUINOLONAS;PFIZER CORPORATION;MAXAQUIN;1996-08-01;MAXAQUIN TAB.RECUB 3D 400 MG 3;LOMEFLOXACINO;2014-12-01;2015-04-01;lanzamiento
BAJA;J01G  FLUORQUINOLONAS;BTK FARMA;CIPROFLOXACIN GI B;2016-04-01;CIPROFLOXACIN GI B TABL 500 MG 8;CIPROFLOXACINO;2017-04-01;2017-08-01;lanzamiento
BAJA;J01G  FLUORQUINOLONAS;COLLINS;KENZOFLEX;1997-08-01;KENZOFLEX TABL 250 MG 12;CIPROFLOXACINO;2015-12-01;2016-04-01;lanzamiento
ALTA;J01G  FLUORQUINOLONAS;COLLINS;KENZOFLEX;1997-08-01;KENZOFLEX TABL 250 MG 12;CIPROFLOXACINO;2016-12-01;2017-04-01;BAJA, por demanda
ALTA;J01G  FLUORQUINOLONAS;PROTEIN-APOTEX;APOFLOX;1998-09-01;APOFLOX TABL 250 MG 8;CIPROFLOXACINO;2014-12-01;2015-04-01;BAJA, por demanda
ALTA;J01G  FLUORQUINOLONAS;ALPHARMA;OFLOXACINO G.I ALP;2005-09-01;OFLOXACINO G.I ALP TABL 200 MG 12;OFLOXACINO;2014-12-01;2015-04-01;BAJA, por demanda
ALTA;J01G  FLUORQUINOLONAS;ALPHARMA;OFLOXACINO G.I ALP;2005-09-01;OFLOXACINO G.I ALP TABL 200 MG 12;OFLOXACINO;2016-08-01;2016-12-01;ALTA, por demanda
BAJA;J01G  FLUORQUINOLONAS;ALPHARMA;OFLOXACINO G.I ALP;2005-09-01;OFLOXACINO G.I ALP TABL 200 MG 12;OFLOXACINO;2018-04-01;2018-08-01;BAJA, por demanda
ALTA;J01G  FLUORQUINOLONAS;SANOFI CORP;TAVANIC;1998-11-01;TAVANIC VIAL INFUSIO 5 MG /1ML 100 ML;LEVOFLOXACINO;2015-08-01;2015-12-01;ALTA, por demanda
BAJA;J01G  FLUORQUINOLONAS;SANOFI CORP;TAVANIC;1998-11-01;TAVANIC VIAL INFUSIO 5 MG /1ML 100 ML;LEVOFLOXACINO;2018-08-01;2018-12-01;ALTA, por demanda
ALTA;J01G  FLUORQUINOLONAS;PROTEIN-APOTEX;MIROVAXAL;2015-08-01;MIROVAXAL TABL 400 MG 5;MOXIFLOXACINO;2015-12-01;2016-04-01;ALTA, por demanda
ALTA;J01G  FLUORQUINOLONAS;BIORESEARCH;BIOFLOX;2006-02-01;BIOFLOX TABL 250 MG 8;CIPROFLOXACINO;2018-08-01;2018-12-01;ALTA, por demanda
ALTA;J01G  FLUORQUINOLONAS;BIORESEARCH;BIOFLOX;2006-02-01;BIOFLOX TABL 250 MG 8;CIPROFLOXACINO;2018-12-01;2019-04-01;BAJA, por demanda
BAJA;J01G  FLUORQUINOLONAS;VICTORY ENTERPRISE;AXOFLANOL;2009-10-01;AXOFLANOL TABL 400 MG 20;NORFLOXACINO;2017-04-01;2017-08-01;lanzamiento
ALTA;J01G  FLUORQUINOLONAS;ARLEX;CIPROFLOXACI G.I A;2012-01-01;CIPROFLOXACI G.I A TABL 500 MG 8;CIPROFLOXACINO;2014-12-01;2015-04-01;BAJA, por demanda
ALTA;J01G  FLUORQUINOLONAS;QUIFA PERRIGO;QUINOFLOX;2002-07-01;QUINOFLOX TABL 250 MG 8;CIPROFLOXACINO;2016-12-01;2017-04-01;BAJA, por demanda
ALTA;J01G  FLUORQUINOLONAS;LIOMONT, CORPORATION;EVOCS-III;2008-11-01;EVOCS III TABL 750 MG 5;LEVOFLOXACINO;2015-12-01;2016-04-01;ALTA, por demanda
BAJA;J01G  FLUORQUINOLONAS;LIOMONT, CORPORATION;EVOCS-III;2008-11-01;EVOCS III TABL 750 MG 5;LEVOFLOXACINO;2017-04-01;2017-08-01;lanzamiento
BAJA;J01G  FLUORQUINOLONAS;ULTRA LABORATORIOS;CIPROFLOXAC G.I UL;2006-03-01;CIPROFLOXAC G.I UL TABL 500 MG 12;CIPROFLOXACINO;2014-12-01;2015-04-01;lanzamiento
BAJA;J01G  FLUORQUINOLONAS;ULTRA LABORATORIOS;CIPROFLOXAC G.I UL;2006-03-01;CIPROFLOXAC G.I UL TABL 500 MG 12;CIPROFLOXACINO;2015-04-01;2015-08-01;lanzamiento
BAJA;J01G  FLUORQUINOLONAS;ULTRA LABORATORIOS;CIPROFLOXAC G.I UL;2006-03-01;CIPROFLOXAC G.I UL TABL 500 MG 12;CIPROFLOXACINO;2015-08-01;2015-12-01;lanzamiento
BAJA;J01G  FLUORQUINOLONAS;ULTRA LABORATORIOS;CIPROFLOXAC G.I UL;2006-03-01;CIPROFLOXAC G.I UL TABL 500 MG 12;CIPROFLOXACINO;2016-04-01;2016-08-01;lanzamiento
BAJA;J01G  FLUORQUINOLONAS;LANDSTEINER;CINA;2006-04-01;CINA TABL 500 MG 7;LEVOFLOXACINO;2018-08-01;2018-12-01;ALTA, por demanda
ALTA;J01G  FLUORQUINOLONAS;CORPORATIVO RAYERE;QUIFLURAL;2002-08-01;QUIFLURAL TABL 400 MG 8;OFLOXACINO;2014-08-01;2014-12-01;ALTA, por demanda
ALTA;J01G  FLUORQUINOLONAS;CORPORATIVO RAYERE;QUIFLURAL;2002-08-01;QUIFLURAL TABL 400 MG 8;OFLOXACINO;2014-12-01;2015-04-01;BAJA, por demanda
ALTA;J01G  FLUORQUINOLONAS;CORPORATIVO RAYERE;QUIFLURAL;2002-08-01;QUIFLURAL TABL 400 MG 8;OFLOXACINO;2015-04-01;2015-08-01;ALTA, por demanda
BAJA;J01G  FLUORQUINOLONAS;CORPORATIVO RAYERE;QUIFLURAL;2002-08-01;QUIFLURAL TABL 400 MG 8;OFLOXACINO;2015-08-01;2015-12-01;lanzamiento
ALTA;J01G  FLUORQUINOLONAS;CORPORATIVO RAYERE;QUIFLURAL;2002-08-01;QUIFLURAL TABL 400 MG 8;OFLOXACINO;2016-08-01;2016-12-01;ALTA, por demanda
ALTA;J01G  FLUORQUINOLONAS;CORPORATIVO RAYERE;QUIFLURAL;2002-08-01;QUIFLURAL TABL 400 MG 8;OFLOXACINO;2017-04-01;2017-08-01;BAJA, por demanda
ALTA;J01G  FLUORQUINOLONAS;SENOSIAIN;CIPROFLOX;1992-05-01;CIPROFLOX CAPS 500 MG 12;CIPROFLOXACINO;2015-04-01;2015-08-01;ALTA, por demanda
BAJA;J01G  FLUORQUINOLONAS;SENOSIAIN;CIPROFLOX;1992-05-01;CIPROFLOX CAPS 500 MG 12;CIPROFLOXACINO;2015-08-01;2015-12-01;lanzamiento
ALTA;J01G  FLUORQUINOLONAS;SENOSIAIN;CIPROFLOX;1992-05-01;CIPROFLOX CAPS 500 MG 12;CIPROFLOXACINO;2015-12-01;2016-04-01;ALTA, por demanda
BAJA;J01G  FLUORQUINOLONAS;PISA;CIPROFLOXAC G.I PI;2005-01-01;CIPROFLOXAC G.I PI SOL INY 200 / 100 MG;CIPROFLOXACINO;2014-08-01;2014-12-01;lanzamiento
BAJA;J01G  FLUORQUINOLONAS;PROTEIN-APOTEX;CIPROFLOXACI G.I P;2003-06-01;CIPROFLOXACI G,I P TABL 500 MG 6;CIPROFLOXACINO;2015-08-01;2015-12-01;lanzamiento
BAJA;J01G  FLUORQUINOLONAS;PROTEIN-APOTEX;CIPROFLOXACI G.I P;2003-06-01;CIPROFLOXACI G,I P TABL 500 MG 6;CIPROFLOXACINO;2016-08-01;2016-12-01;ALTA, por demanda
ALTA;J01G  FLUORQUINOLONAS;PROTEIN-APOTEX;CIPROFLOXACI G.I P;2003-06-01;CIPROFLOXACI G,I P TABL 500 MG 6;CIPROFLOXACINO;2016-12-01;2017-04-01;BAJA, por demanda
BAJA;J01G  FLUORQUINOLONAS;PROTEIN-APOTEX;CIPROFLOXACI G.I P;2003-06-01;CIPROFLOXACI G,I P TABL 500 MG 6;CIPROFLOXACINO;2017-04-01;2017-08-01;lanzamiento
ALTA;J01G  FLUORQUINOLONAS;COLLINS;UNIQUIN;2013-01-01;UNIQUIN TABL 500 MG 7;LEVOFLOXACINO;2014-08-01;2014-12-01;ALTA, por demanda
ALTA;J01G  FLUORQUINOLONAS;COLLINS;UNIQUIN;2013-01-01;UNIQUIN TABL 500 MG 7;LEVOFLOXACINO;2015-08-01;2015-12-01;ALTA, por demanda
ALTA;J01G  FLUORQUINOLONAS;COLLINS;UNIQUIN;2013-01-01;UNIQUIN TABL 500 MG 7;LEVOFLOXACINO;2015-12-01;2016-04-01;ALTA, por demanda
BAJA;J01G  FLUORQUINOLONAS;COLLINS;UNIQUIN;2013-01-01;UNIQUIN TABL 500 MG 7;LEVOFLOXACINO;2017-12-01;2018-04-01;BAJA, por demanda
ALTA;J01G  FLUORQUINOLONAS;BRULUART;BRUBIOL;2003-09-01;BRUBIOL TABL 500 MG 10;CIPROFLOXACINO;2016-04-01;2016-08-01;BAJA, por demanda
BAJA;J01G  FLUORQUINOLONAS;SANOFI CORP;OXKEN;2006-10-01;OXKEN TABL 400 MG 6;OFLOXACINO;2016-12-01;2017-04-01;lanzamiento
ALTA;J01G  FLUORQUINOLONAS;SANOFI CORP;OXKEN;2006-10-01;OXKEN TABL 400 MG 6;OFLOXACINO;2017-08-01;2017-12-01;ALTA, por demanda
ALTA;J01G  FLUORQUINOLONAS;NOVARTIS CORP.;LEFLOXIN;2011-02-01;LEFLOXIN TABL 750 MG 7;LEVOFLOXACINO;2014-08-01;2014-12-01;ALTA, por demanda
ALTA;J01G  FLUORQUINOLONAS;ROEMMERS;MAXIPLINA;2015-04-01;MAXIPLINA TABL 750 MG 5;LEVOFLOXACINO;2016-04-01;2016-08-01;BAJA, por demanda
BAJA;J01G  FLUORQUINOLONAS;ROEMMERS;MAXIPLINA;2015-04-01;MAXIPLINA TABL 750 MG 5;LEVOFLOXACINO;2018-04-01;2018-08-01;BAJA, por demanda
BAJA;J01G  FLUORQUINOLONAS;ROEMMERS;MAXIPLINA;2015-04-01;MAXIPLINA TABL 750 MG 5;LEVOFLOXACINO;2018-12-01;2019-04-01;BAJA, por demanda
BAJA;J01G  FLUORQUINOLONAS;SANOFI CORP;TAVANIC;1999-02-01;TAVANIC TABL REVEST 250 MG 5;LEVOFLOXACINO;2014-12-01;2015-04-01;lanzamiento
BAJA;J01G  FLUORQUINOLONAS;SANOFI CORP;TAVANIC;1999-02-01;TAVANIC TABL REVEST 250 MG 5;LEVOFLOXACINO;2015-04-01;2015-08-01;lanzamiento
BAJA;J01G  FLUORQUINOLONAS;DEGORTS;FLOXANTINA;2008-03-01;FLOXANTINA TABL 500 MG 12;CIPROFLOXACINO;2016-12-01;2017-04-01;lanzamiento
ALTA;J01G  FLUORQUINOLONAS;DEGORTS;FLOXANTINA;2008-03-01;FLOXANTINA TABL 500 MG 12;CIPROFLOXACINO;2017-04-01;2017-08-01;BAJA, por demanda
BAJA;J01G  FLUORQUINOLONAS;DEGORTS;FLOXANTINA;2008-03-01;FLOXANTINA TABL 500 MG 12;CIPROFLOXACINO;2017-12-01;2018-04-01;BAJA, por demanda
ALTA;J01G  FLUORQUINOLONAS;SENOSIAIN;BREDELIN;2007-07-01;BREDELIN TABL 500 MG 7;LEVOFLOXACINO;2014-08-01;2014-12-01;ALTA, por demanda
BAJA;J01G  FLUORQUINOLONAS;SENOSIAIN;BREDELIN;2007-07-01;BREDELIN TABL 500 MG 7;LEVOFLOXACINO;2014-12-01;2015-04-01;lanzamiento
ALTA;J01G  FLUORQUINOLONAS;SENOSIAIN;BREDELIN;2007-07-01;BREDELIN TABL 500 MG 7;LEVOFLOXACINO;2015-08-01;2015-12-01;ALTA, por demanda
ALTA;J01G  FLUORQUINOLONAS;SENOSIAIN;BREDELIN;2007-07-01;BREDELIN TABL 500 MG 7;LEVOFLOXACINO;2015-12-01;2016-04-01;ALTA, por demanda
BAJA;J01G  FLUORQUINOLONAS;SENOSIAIN;BREDELIN;2007-07-01;BREDELIN TABL 500 MG 7;LEVOFLOXACINO;2016-04-01;2016-08-01;lanzamiento
ALTA;J01G  FLUORQUINOLONAS;BIOMEP S.A. DE C.V.;OC XAL;2008-04-01;OC XAL TABL 400 MG 8;OFLOXACINO;2014-04-01;2014-08-01;ALTA, por demanda
ALTA;J01G  FLUORQUINOLONAS;ALPHARMA;FLONACIN;2005-03-01;FLONACIN TABL 400 MG 8;OFLOXACINO;2016-08-01;2016-12-01;ALTA, por demanda
BAJA;J01G  FLUORQUINOLONAS;BAJAMED;CIPROFLOXAC G.I BA;2009-11-01;CIPROFLOXAC G.I BA TABL 500 MG 12;CIPROFLOXACINO;2014-08-01;2014-12-01;lanzamiento
ALTA;J01G  FLUORQUINOLONAS;PISA;CIPROFLOXAC G.I PI;2010-07-01;CIPROFLOXAC G.I PI TABL 500 MG 14;CIPROFLOXACINO;2015-12-01;2016-04-01;ALTA, por demanda
BAJA;J01G  FLUORQUINOLONAS;SENOSIAIN;BREDELIN;2009-07-01;BREDELIN TABL 750 MG 7;LEVOFLOXACINO;2014-12-01;2015-04-01;lanzamiento
ALTA;J01G  FLUORQUINOLONAS;SENOSIAIN;BREDELIN;2009-07-01;BREDELIN TABL 750 MG 7;LEVOFLOXACINO;2015-08-01;2015-12-01;ALTA, por demanda
BAJA;J01G  FLUORQUINOLONAS;SENOSIAIN;BREDELIN;2009-07-01;BREDELIN TABL 750 MG 7;LEVOFLOXACINO;2016-04-01;2016-08-01;lanzamiento
BAJA;J01G  FLUORQUINOLONAS;SENOSIAIN;BREDELIN;2009-07-01;BREDELIN TABL 750 MG 7;LEVOFLOXACINO;2017-12-01;2018-04-01;BAJA, por demanda
ALTA;J01G  FLUORQUINOLONAS;SENOSIAIN;BREDELIN;2009-07-01;BREDELIN TABL 750 MG 7;LEVOFLOXACINO;2018-08-01;2018-12-01;ALTA, por demanda
ALTA;J01G  FLUORQUINOLONAS;SANFER CORP.;BACTOCIN;2000-08-01;BACTOCIN TAB 400 MG 8;OFLOXACINO;2014-04-01;2014-08-01;ALTA, por demanda
ALTA;J01G  FLUORQUINOLONAS;SANFER CORP.;CIPROFLOXACI G.I H;2008-02-01;CIPROFLOXACI G.I R TABL 500 MG 14;CIPROFLOXACINO;2014-12-01;2015-04-01;BAJA, por demanda
ALTA;J01G  FLUORQUINOLONAS;SANFER CORP.;CIPROFLOXACI G.I H;2008-02-01;CIPROFLOXACI G.I R TABL 500 MG 14;CIPROFLOXACINO;2015-04-01;2015-08-01;ALTA, por demanda
ALTA;J01G  FLUORQUINOLONAS;SANFER CORP.;CIPROFLOXACI G.I H;2008-02-01;CIPROFLOXACI G.I R TABL 500 MG 14;CIPROFLOXACINO;2015-08-01;2015-12-01;ALTA, por demanda
ALTA;J01G  FLUORQUINOLONAS;SANFER CORP.;CIPROFLOXACI G.I H;2008-02-01;CIPROFLOXACI G.I R TABL 500 MG 14;CIPROFLOXACINO;2015-12-01;2016-04-01;ALTA, por demanda
ALTA;J01G  FLUORQUINOLONAS;SANFER CORP.;CIPROFLOXACI G.I H;2008-02-01;CIPROFLOXACI G.I R TABL 500 MG 14;CIPROFLOXACINO;2016-04-01;2016-08-01;BAJA, por demanda
BAJA;J01G  FLUORQUINOLONAS;SANFER CORP.;CIPROFLOXACI G.I H;2008-02-01;CIPROFLOXACI G.I R TABL 500 MG 14;CIPROFLOXACINO;2017-08-01;2017-12-01;lanzamiento
BAJA;J01G  FLUORQUINOLONAS;QUIFA PERRIGO;MOXIFLOXACIN GI QY;2015-11-01;MOXIFLOXACIN GI QY TABL 400 MG 7;MOXIFLOXACINO;2016-04-01;2016-08-01;lanzamiento
ALTA;J01G  FLUORQUINOLONAS;SENOSIAIN;CIPROFLOX DM;2014-02-01;CIPROFLOX DM TAB LIB PROL 500 MG 7;CIPROFLOXACINO;2015-12-01;2016-04-01;ALTA, por demanda
ALTA;J01G  FLUORQUINOLONAS;QUIMICA SON S;CI-SON'S;2004-10-01;CI-SON'S TABL 500 MG 12;CIPROFLOXACINO;2015-04-01;2015-08-01;ALTA, por demanda
ALTA;J01G  FLUORQUINOLONAS;QUIMICA SON S;CI-SON'S;2004-10-01;CI-SON'S TABL 500 MG 12;CIPROFLOXACINO;2015-08-01;2015-12-01;ALTA, por demanda
ALTA;J01G  FLUORQUINOLONAS;QUIMICA SON S;CI-SON'S;2004-10-01;CI-SON'S TABL 500 MG 12;CIPROFLOXACINO;2015-12-01;2016-04-01;ALTA, por demanda
ALTA;J01G  FLUORQUINOLONAS;QUIMICA SON S;CI-SON'S;2004-10-01;CI-SON'S TABL 500 MG 12;CIPROFLOXACINO;2016-04-01;2016-08-01;BAJA, por demanda
BAJA;J01G  FLUORQUINOLONAS;QUIMICA SON S;CI-SON'S;2004-10-01;CI-SON'S TABL 500 MG 12;CIPROFLOXACINO;2017-08-01;2017-12-01;lanzamiento
ALTA;J01G  FLUORQUINOLONAS;QUIMICA SON S;CI-SON'S;2004-10-01;CI-SON'S TABL 500 MG 12;CIPROFLOXACINO;2017-12-01;2018-04-01;BAJA, por demanda
BAJA;J01G  FLUORQUINOLONAS;QUIMICA SON S;CI-SON'S;2004-10-01;CI-SON'S TABL 500 MG 12;CIPROFLOXACINO;2018-04-01;2018-08-01;BAJA, por demanda
ALTA;J01G  FLUORQUINOLONAS;ANTIBIOTICOS DE MEXICO SA CV;LEVOFLOXACIN G.I A;2011-06-01;LEVOFLOXACIN G.I A TABL 500 MG 7;LEVOFLOXACINO;2017-12-01;2018-04-01;BAJA, por demanda
BAJA;J01G  FLUORQUINOLONAS;MAVI;SIBOFIX;2018-02-01;SIBOFIX TABL 750 MG 7;LEVOFLOXACINO;2018-12-01;2019-04-01;BAJA, por demanda
ALTA;J01G  FLUORQUINOLONAS;LIOMONT, CORPORATION;MICRORGAN;2002-01-01;MICRORGAN TABL 500 MG 8;CIPROFLOXACINO;2015-08-01;2015-12-01;ALTA, por demanda
BAJA;J01G  FLUORQUINOLONAS;LIOMONT, CORPORATION;MICRORGAN;2002-01-01;MICRORGAN TABL 500 MG 8;CIPROFLOXACINO;2018-12-01;2019-04-01;BAJA, por demanda
ALTA;J01G  FLUORQUINOLONAS;ARLEX;ARFLOXINA;2006-02-01;ARFLOXINA TABL 250 MG 8;CIPROFLOXACINO;2014-12-01;2015-04-01;BAJA, por demanda
BAJA;J01G  FLUORQUINOLONAS;ARLEX;ARFLOXINA;2006-02-01;ARFLOXINA TABL 250 MG 8;CIPROFLOXACINO;2015-12-01;2016-04-01;lanzamiento
BAJA;J01G  FLUORQUINOLONAS;MAVER;CIPRAIN;2001-11-01;CIPRAIN TABL 500 MG 10;CIPROFLOXACINO;2014-12-01;2015-04-01;lanzamiento
BAJA;J01G  FLUORQUINOLONAS;MAVER;CIPRAIN;2001-11-01;CIPRAIN TABL 500 MG 10;CIPROFLOXACINO;2016-12-01;2017-04-01;lanzamiento
ALTA;J01G  FLUORQUINOLONAS;PISA;PIXIRIV;2014-12-01;PIXIRIV TABL 400 MG 7;MOXIFLOXACINO;2014-12-01;2015-04-01;BAJA, por demanda
ALTA;J01G  FLUORQUINOLONAS;PISA;PIXIRIV;2014-12-01;PIXIRIV TABL 400 MG 7;MOXIFLOXACINO;2015-08-01;2015-12-01;ALTA, por demanda
BAJA;J01G  FLUORQUINOLONAS;PISA;PIXIRIV;2014-12-01;PIXIRIV TABL 400 MG 7;MOXIFLOXACINO;2017-04-01;2017-08-01;lanzamiento
ALTA;J01G  FLUORQUINOLONAS;PISA;PIXIRIV;2014-12-01;PIXIRIV TABL 400 MG 7;MOXIFLOXACINO;2017-08-01;2017-12-01;ALTA, por demanda
ALTA;J01G  FLUORQUINOLONAS;GRUPO FARMACEUTICO SOMAR;LEVOFLOXACI G.I SE;2006-03-01;LEVOFLOXACI G.I SE TABL 500 MG 7;LEVOFLOXACINO;2014-08-01;2014-12-01;ALTA, por demanda
ALTA;J01G  FLUORQUINOLONAS;GRUPO FARMACEUTICO SOMAR;LEVOFLOXACI G.I SE;2006-03-01;LEVOFLOXACI G.I SE TABL 500 MG 7;LEVOFLOXACINO;2015-12-01;2016-04-01;ALTA, por demanda
BAJA;J01G  FLUORQUINOLONAS;GRUPO FARMACEUTICO SOMAR;LEVOFLOXACI G.I SE;2006-03-01;LEVOFLOXACI G.I SE TABL 500 MG 7;LEVOFLOXACINO;2017-12-01;2018-04-01;BAJA, por demanda
ALTA;J01G  FLUORQUINOLONAS;GRUPO FARMACEUTICO SOMAR;LEVOFLOXACI G.I SE;2006-03-01;LEVOFLOXACI G.I SE TABL 500 MG 7;LEVOFLOXACINO;2018-08-01;2018-12-01;ALTA, por demanda
BAJA;J01G  FLUORQUINOLONAS;GRUPO FARMACEUTICO SOMAR;LEVOFLOXACI G.I SE;2006-03-01;LEVOFLOXACI G.I SE TABL 500 MG 7;LEVOFLOXACINO;2018-12-01;2019-04-01;BAJA, por demanda
ALTA;J01G  FLUORQUINOLONAS;NAFAR LABORATORIOS SA DE CV;BANCIFAR;2015-02-01;BANCIFAR TABL 400 MG 7;MOXIFLOXACINO;2015-04-01;2015-08-01;ALTA, por demanda
ALTA;J01G  FLUORQUINOLONAS;NAFAR LABORATORIOS SA DE CV;BANCIFAR;2015-02-01;BANCIFAR TABL 400 MG 7;MOXIFLOXACINO;2016-08-01;2016-12-01;ALTA, por demanda
ALTA;J01G  FLUORQUINOLONAS;UNIPHARM;LEVOFLOXACIN GI UN;2013-05-01;LEVOFLOXACIN GI UN CAPS 500 MG 7;LEVOFLOXACINO;2014-08-01;2014-12-01;ALTA, por demanda
ALTA;J01G  FLUORQUINOLONAS;GRUPO FARMACEUTICO SOMAR;LEVOFLOXACI G.I SE;2013-02-01;LEVOFLOXACI G.I SE TABL 500 MG 14;LEVOFLOXACINO;2016-08-01;2016-12-01;ALTA, por demanda
BAJA;J01G  FLUORQUINOLONAS;GRUPO FARMACEUTICO SOMAR;LEVOFLOXACI G.I SE;2013-02-01;LEVOFLOXACI G.I SE TABL 500 MG 14;LEVOFLOXACINO;2017-12-01;2018-04-01;BAJA, por demanda
BAJA;J01G  FLUORQUINOLONAS;GRUPO FARMACEUTICO SOMAR;LEVOFLOXACI G.I SE;2013-02-01;LEVOFLOXACI G.I SE TABL 500 MG 14;LEVOFLOXACINO;2018-12-01;2019-04-01;BAJA, por demanda
ALTA;J01G  FLUORQUINOLONAS;LIOMONT, CORPORATION;EVOCS-III;2008-11-01;EVOCS-III TABL 500 MG 7;LEVOFLOXACINO;2014-08-01;2014-12-01;ALTA, por demanda
ALTA;J01G  FLUORQUINOLONAS;LIOMONT, CORPORATION;EVOCS-III;2008-11-01;EVOCS-III TABL 500 MG 7;LEVOFLOXACINO;2015-08-01;2015-12-01;ALTA, por demanda
ALTA;J01G  FLUORQUINOLONAS;LIOMONT, CORPORATION;EVOCS-III;2008-11-01;EVOCS-III TABL 500 MG 7;LEVOFLOXACINO;2015-12-01;2016-04-01;ALTA, por demanda
ALTA;J01G  FLUORQUINOLONAS;LIOMONT, CORPORATION;EVOCS-III;2008-11-01;EVOCS-III TABL 500 MG 7;LEVOFLOXACINO;2017-08-01;2017-12-01;ALTA, por demanda
BAJA;J01G  FLUORQUINOLONAS;LIOMONT, CORPORATION;EVOCS-III;2008-11-01;EVOCS-III TABL 500 MG 7;LEVOFLOXACINO;2017-12-01;2018-04-01;BAJA, por demanda
ALTA;J01G  FLUORQUINOLONAS;LIOMONT, CORPORATION;EVOCS-III;2008-11-01;EVOCS-III TABL 500 MG 7;LEVOFLOXACINO;2018-08-01;2018-12-01;ALTA, por demanda
ALTA;J01G  FLUORQUINOLONAS;PROTEIN-APOTEX;APOFLOX;1999-06-01;APOFLOX TABL 500 MG 6;CIPROFLOXACINO;2015-12-01;2016-04-01;ALTA, por demanda
BAJA;J01G  FLUORQUINOLONAS;PROTEIN-APOTEX;APOFLOX;1999-06-01;APOFLOX TABL 500 MG 6;CIPROFLOXACINO;2016-12-01;2017-04-01;lanzamiento
BAJA;J01G  FLUORQUINOLONAS;PROTEIN-APOTEX;APOFLOX;1999-06-01;APOFLOX TABL 500 MG 6;CIPROFLOXACINO;2017-04-01;2017-08-01;lanzamiento
BAJA;J01G  FLUORQUINOLONAS;LIOMONT, CORPORATION;MICRORGAN;1999-06-01;MICRORGAN CAPS 500 MG 8;CIPROFLOXACINO;2014-08-01;2014-12-01;lanzamiento
BAJA;J01G  FLUORQUINOLONAS;LIOMONT, CORPORATION;MICRORGAN;1999-06-01;MICRORGAN CAPS 500 MG 8;CIPROFLOXACINO;2015-04-01;2015-08-01;lanzamiento
BAJA;J01G  FLUORQUINOLONAS;LIOMONT, CORPORATION;MICRORGAN;1999-06-01;MICRORGAN CAPS 500 MG 8;CIPROFLOXACINO;2018-12-01;2019-04-01;BAJA, por demanda
ALTA;J01G  FLUORQUINOLONAS;TEVA CORPORACION;CIPROFUR;1991-02-01;CIPROFUR TABL 250 MG 8;CIPROFLOXACINO;2015-12-01;2016-04-01;ALTA, por demanda
ALTA;J01G  FLUORQUINOLONAS;TEVA CORPORACION;CIPROFUR;1991-02-01;CIPROFUR TABL 250 MG 8;CIPROFLOXACINO;2016-12-01;2017-04-01;BAJA, por demanda
BAJA;J01G  FLUORQUINOLONAS;LIOMONT, CORPORATION;EVOCS-III;2009-08-01;EVOCS-III SOL INY IV 750 MG 150 ML;LEVOFLOXACINO;2014-12-01;2015-04-01;lanzamiento
BAJA;J01G  FLUORQUINOLONAS;LIOMONT, CORPORATION;EVOCS-III;2009-08-01;EVOCS-III SOL INY IV 750 MG 150 ML;LEVOFLOXACINO;2016-04-01;2016-08-01;lanzamiento
ALTA;J01G  FLUORQUINOLONAS;LIOMONT, CORPORATION;EVOCS-III;2009-08-01;EVOCS-III SOL INY IV 750 MG 150 ML;LEVOFLOXACINO;2017-08-01;2017-12-01;ALTA, por demanda
BAJA;J01G  FLUORQUINOLONAS;LIOMONT, CORPORATION;EVOCS-III;2009-08-01;EVOCS-III SOL INY IV 750 MG 150 ML;LEVOFLOXACINO;2017-12-01;2018-04-01;BAJA, por demanda
BAJA;J01G  FLUORQUINOLONAS;LIOMONT, CORPORATION;EVOCS-III;2009-08-01;EVOCS-III SOL INY IV 750 MG 150 ML;LEVOFLOXACINO;2018-12-01;2019-04-01;BAJA, por demanda
ALTA;J01G  FLUORQUINOLONAS;GENOMA LAB INT;CIPROFLOXACI GI MM;2009-08-01;CIPROFLOXACI GI MM TABL 500 MG 6;CIPROFLOXACINO;2014-04-01;2014-08-01;ALTA, por demanda
ALTA;J01G  FLUORQUINOLONAS;GENOMA LAB INT;CIPROFLOXACI GI MM;2009-08-01;CIPROFLOXACI GI MM TABL 500 MG 6;CIPROFLOXACINO;2014-12-01;2015-04-01;BAJA, por demanda
BAJA;J01G  FLUORQUINOLONAS;GENOMA LAB INT;CIPROFLOXACI GI MM;2009-08-01;CIPROFLOXACI GI MM TABL 500 MG 6;CIPROFLOXACINO;2015-04-01;2015-08-01;lanzamiento
ALTA;J01G  FLUORQUINOLONAS;VICTORY ENTERPRISE;CLORTORY;2007-05-01;CLORTORY TABL 500 MG 16;CIPROFLOXACINO;2014-04-01;2014-08-01;ALTA, por demanda
BAJA;J01G  FLUORQUINOLONAS;VICTORY ENTERPRISE;CLORTORY;2007-05-01;CLORTORY TABL 500 MG 16;CIPROFLOXACINO;2014-12-01;2015-04-01;lanzamiento
ALTA;J01G  FLUORQUINOLONAS;VICTORY ENTERPRISE;CLORTORY;2007-05-01;CLORTORY TABL 500 MG 16;CIPROFLOXACINO;2016-04-01;2016-08-01;BAJA, por demanda
BAJA;J01G  FLUORQUINOLONAS;VICTORY ENTERPRISE;CLORTORY;2007-05-01;CLORTORY TABL 500 MG 16;CIPROFLOXACINO;2018-08-01;2018-12-01;ALTA, por demanda
ALTA;J01G  FLUORQUINOLONAS;BRULUART;CIPROFLOXACI G.I B;2008-10-01;CIPROFLOXACI G.I B TABL 500 MG 10;CIPROFLOXACINO;2016-12-01;2017-04-01;BAJA, por demanda
BAJA;J01G  FLUORQUINOLONAS;BRULUART;CIPROFLOXACI G.I B;2008-10-01;CIPROFLOXACI G.I B TABL 500 MG 10;CIPROFLOXACINO;2017-12-01;2018-04-01;BAJA, por demanda
ALTA;J01G  FLUORQUINOLONAS;LIOMONT, CORPORATION;EVOCS-III;2009-06-01;EVOCS-III SOL INY IV 500 MG 100 ML;LEVOFLOXACINO;2015-08-01;2015-12-01;ALTA, por demanda
BAJA;J01G  FLUORQUINOLONAS;LIOMONT, CORPORATION;EVOCS-III;2009-06-01;EVOCS-III SOL INY IV 500 MG 100 ML;LEVOFLOXACINO;2017-04-01;2017-08-01;lanzamiento
ALTA;J01G  FLUORQUINOLONAS;LIOMONT, CORPORATION;EVOCS-III;2009-06-01;EVOCS-III SOL INY IV 500 MG 100 ML;LEVOFLOXACINO;2017-08-01;2017-12-01;ALTA, por demanda
ALTA;J01G  FLUORQUINOLONAS;ABBOTT;ALLOC;2017-10-01;ALLOC TABL 400 MG 5;MOXIFLOXACINO;2018-08-01;2018-12-01;ALTA, por demanda
BAJA;J01G  FLUORQUINOLONAS;BAYER CORP.;CIPROXINA;1996-02-01;CIPROXINA V.IV INFUSIO 2 MG /1ML 200 ML;CIPROFLOXACINO;2015-08-01;2015-12-01;lanzamiento
BAJA;J01G  FLUORQUINOLONAS;BAYER CORP.;CIPROXINA;1996-02-01;CIPROXINA V.IV INFUSIO 2 MG /1ML 200 ML;CIPROFLOXACINO;2017-08-01;2017-12-01;lanzamiento
ALTA;J01G  FLUORQUINOLONAS;BAYER CORP.;CIPRO XR;2004-03-01;CIPRO XR CPR 500 MG 3;CIPROFLOXACINO;2015-12-01;2016-04-01;ALTA, por demanda
BAJA;J01G  FLUORQUINOLONAS;BAYER CORP.;CIPRO XR;2004-03-01;CIPRO XR CPR 500 MG 3;CIPROFLOXACINO;2016-08-01;2016-12-01;ALTA, por demanda
BAJA;J01G  FLUORQUINOLONAS;DEGORTS;FLOXANTINA;2005-10-01;FLOXANTINA TABL 500 MG 8;CIPROFLOXACINO;2014-08-01;2014-12-01;lanzamiento
ALTA;J01G  FLUORQUINOLONAS;QUIFA PERRIGO;CIPROFLOXAC G.I QY;2008-10-01;CIPROFLOXAC G.I QY TABL 250 MG 8;CIPROFLOXACINO;2017-08-01;2017-12-01;ALTA, por demanda
ALTA;J01G  FLUORQUINOLONAS;QUIFA PERRIGO;CIPROFLOXAC G.I QY;2008-10-01;CIPROFLOXAC G.I QY TABL 250 MG 8;CIPROFLOXACINO;2017-12-01;2018-04-01;BAJA, por demanda
ALTA;J01G  FLUORQUINOLONAS;GRUPO FARMACEUTICO SOMAR;FLEVOX;2006-03-01;FLEVOX TABL 500 MG 14;LEVOFLOXACINO;2014-12-01;2015-04-01;BAJA, por demanda
ALTA;J01G  FLUORQUINOLONAS;GRUPO FARMACEUTICO SOMAR;FLEVOX;2006-03-01;FLEVOX TABL 500 MG 14;LEVOFLOXACINO;2015-08-01;2015-12-01;ALTA, por demanda
ALTA;J01G  FLUORQUINOLONAS;GRUPO FARMACEUTICO SOMAR;FLEVOX;2006-03-01;FLEVOX TABL 500 MG 14;LEVOFLOXACINO;2015-12-01;2016-04-01;ALTA, por demanda
ALTA;J01G  FLUORQUINOLONAS;GRUPO FARMACEUTICO SOMAR;FLEVOX;2006-03-01;FLEVOX TABL 500 MG 14;LEVOFLOXACINO;2016-08-01;2016-12-01;ALTA, por demanda
BAJA;J01G  FLUORQUINOLONAS;GRUPO FARMACEUTICO SOMAR;FLEVOX;2006-03-01;FLEVOX TABL 500 MG 14;LEVOFLOXACINO;2018-04-01;2018-08-01;BAJA, por demanda
ALTA;J01G  FLUORQUINOLONAS;LIOMONT, CORPORATION;ZINOLOX 4G;2016-03-01;ZINOLOX 4G TABL 400 MG 5;MOXIFLOXACINO;2016-08-01;2016-12-01;ALTA, por demanda
BAJA;J01G  FLUORQUINOLONAS;LIOMONT, CORPORATION;ZINOLOX 4G;2016-03-01;ZINOLOX 4G TABL 400 MG 5;MOXIFLOXACINO;2017-04-01;2017-08-01;lanzamiento
BAJA;J01G  FLUORQUINOLONAS;LIOMONT, CORPORATION;ZINOLOX 4G;2016-03-01;ZINOLOX 4G TABL 400 MG 5;MOXIFLOXACINO;2018-04-01;2018-08-01;BAJA, por demanda
ALTA;J01G  FLUORQUINOLONAS;LIOMONT, CORPORATION;ZINOLOX 4G;2016-03-01;ZINOLOX 4G TABL 400 MG 5;MOXIFLOXACINO;2018-08-01;2018-12-01;ALTA, por demanda
ALTA;J01G  FLUORQUINOLONAS;VICTORY ENTERPRISE;CIPROFLOXACI G.I V;2012-04-01;CIPROFLOXACI G.I V TABL 500 MG 16;CIPROFLOXACINO;2014-04-01;2014-08-01;ALTA, por demanda
ALTA;J01G  FLUORQUINOLONAS;VICTORY ENTERPRISE;CIPROFLOXACI G.I V;2012-04-01;CIPROFLOXACI G.I V TABL 500 MG 16;CIPROFLOXACINO;2014-12-01;2015-04-01;BAJA, por demanda
BAJA;J01G  FLUORQUINOLONAS;VICTORY ENTERPRISE;CIPROFLOXACI G.I V;2012-04-01;CIPROFLOXACI G.I V TABL 500 MG 16;CIPROFLOXACINO;2015-12-01;2016-04-01;lanzamiento
ALTA;J01G  FLUORQUINOLONAS;VICTORY ENTERPRISE;CIPROFLOXACI G.I V;2012-04-01;CIPROFLOXACI G.I V TABL 500 MG 16;CIPROFLOXACINO;2017-04-01;2017-08-01;BAJA, por demanda
BAJA;J01G  FLUORQUINOLONAS;VICTORY ENTERPRISE;CIPROFLOXACI G.I V;2012-04-01;CIPROFLOXACI G.I V TABL 500 MG 16;CIPROFLOXACINO;2017-08-01;2017-12-01;lanzamiento
ALTA;J01G  FLUORQUINOLONAS;ULTRA LABORATORIOS;CIPROFLOXAC GI UGP;2013-01-01;CIPROFLOXAC GI UGP TABL 500 MG 12;CIPROFLOXACINO;2014-04-01;2014-08-01;ALTA, por demanda
ALTA;J01G  FLUORQUINOLONAS;ULTRA LABORATORIOS;CIPROFLOXAC GI UGP;2013-01-01;CIPROFLOXAC GI UGP TABL 500 MG 12;CIPROFLOXACINO;2014-12-01;2015-04-01;BAJA, por demanda
ALTA;J01G  FLUORQUINOLONAS;ULTRA LABORATORIOS;CIPROFLOXAC GI UGP;2013-01-01;CIPROFLOXAC GI UGP TABL 500 MG 12;CIPROFLOXACINO;2015-08-01;2015-12-01;ALTA, por demanda
BAJA;J01G  FLUORQUINOLONAS;COLUMBIA CORP;CIPROFLOXAC G.I CO;2010-07-01;CIPROFLOXAC G.I CO TABL 500 MG 8;CIPROFLOXACINO;2014-12-01;2015-04-01;lanzamiento
ALTA;J01G  FLUORQUINOLONAS;PROTEIN-APOTEX;MOXIFLOXACIN GI PR;2015-08-01;MOXIFLOXACIN GI PR TABL 400 MG 5;MOXIFLOXACINO;2015-12-01;2016-04-01;ALTA, por demanda
BAJA;J01G  FLUORQUINOLONAS;PROTEIN-APOTEX;MOXIFLOXACIN GI PR;2015-08-01;MOXIFLOXACIN GI PR TABL 400 MG 5;MOXIFLOXACINO;2016-08-01;2016-12-01;ALTA, por demanda
BAJA;J01G  FLUORQUINOLONAS;PROTEIN-APOTEX;MOXIFLOXACIN GI PR;2015-08-01;MOXIFLOXACIN GI PR TABL 400 MG 5;MOXIFLOXACINO;2016-12-01;2017-04-01;lanzamiento
ALTA;J01G  FLUORQUINOLONAS;COLLINS;CIPROFLOXACI G.I C;2007-10-01;CIPROFLOXACI G.I C TABL 500 MG 12;CIPROFLOXACINO;2016-04-01;2016-08-01;BAJA, por demanda
BAJA;J01G  FLUORQUINOLONAS;COLLINS;CIPROFLOXACI G.I C;2007-10-01;CIPROFLOXACI G.I C TABL 500 MG 12;CIPROFLOXACINO;2018-04-01;2018-08-01;BAJA, por demanda
BAJA;J01G  FLUORQUINOLONAS;LANDSTEINER;LEVOFLOXACIN G.I L;2012-06-01;LEVOFLOXACIN G.I L TABL 750 MG 7;LEVOFLOXACINO;2017-12-01;2018-04-01;BAJA, por demanda
BAJA;J01G  FLUORQUINOLONAS;LANDSTEINER;LEVOFLOXACIN G.I L;2012-06-01;LEVOFLOXACIN G.I L TABL 750 MG 7;LEVOFLOXACINO;2018-08-01;2018-12-01;ALTA, por demanda
BAJA;J01G  FLUORQUINOLONAS;NOVARTIS CORP.;LEFLOXIN;2008-11-01;LEFLOXIN TABL 500 MG 7;LEVOFLOXACINO;2014-12-01;2015-04-01;lanzamiento
ALTA;J01G  FLUORQUINOLONAS;NOVARTIS CORP.;LEFLOXIN;2008-11-01;LEFLOXIN TABL 500 MG 7;LEVOFLOXACINO;2015-12-01;2016-04-01;ALTA, por demanda
BAJA;J01G  FLUORQUINOLONAS;NOVARTIS CORP.;LEFLOXIN;2008-11-01;LEFLOXIN TABL 500 MG 7;LEVOFLOXACINO;2016-04-01;2016-08-01;lanzamiento
ALTA;J01G  FLUORQUINOLONAS;NOVARTIS CORP.;LEFLOXIN;2008-11-01;LEFLOXIN TABL 500 MG 7;LEVOFLOXACINO;2018-08-01;2018-12-01;ALTA, por demanda
ALTA;J01G  FLUORQUINOLONAS;BIOMEP S.A. DE C.V.;Z-XIN;2004-09-01;Z-XIN TABL 250 MG 8;CIPROFLOXACINO;2015-04-01;2015-08-01;ALTA, por demanda
BAJA;J01G  FLUORQUINOLONAS;BIOMEP S.A. DE C.V.;Z-XIN;2004-09-01;Z-XIN TABL 250 MG 8;CIPROFLOXACINO;2017-08-01;2017-12-01;lanzamiento
BAJA;J01G  FLUORQUINOLONAS;SANOFI CORP;MITROKEN I;2005-04-01;MITROKEN TABL 500 MG 8;CIPROFLOXACINO;2014-08-01;2014-12-01;lanzamiento
BAJA;J01G  FLUORQUINOLONAS;SANOFI CORP;MITROKEN I;2005-04-01;MITROKEN TABL 500 MG 8;CIPROFLOXACINO;2014-12-01;2015-04-01;lanzamiento
BAJA;J01G  FLUORQUINOLONAS;SANOFI CORP;MITROKEN I;2005-04-01;MITROKEN TABL 500 MG 8;CIPROFLOXACINO;2015-04-01;2015-08-01;lanzamiento
ALTA;J01G  FLUORQUINOLONAS;BAYER CORP.;AVELOX;1999-12-01;AVELOX TABL 400 MG 7;MOXIFLOXACINO;2014-08-01;2014-12-01;ALTA, por demanda
BAJA;J01G  FLUORQUINOLONAS;BAYER CORP.;AVELOX;1999-12-01;AVELOX TABL 400 MG 7;MOXIFLOXACINO;2014-12-01;2015-04-01;lanzamiento
ALTA;J01G  FLUORQUINOLONAS;BAYER CORP.;AVELOX;1999-12-01;AVELOX TABL 400 MG 7;MOXIFLOXACINO;2015-12-01;2016-04-01;ALTA, por demanda
ALTA;J01G  FLUORQUINOLONAS;BAYER CORP.;AVELOX;1999-12-01;AVELOX TABL 400 MG 7;MOXIFLOXACINO;2016-08-01;2016-12-01;ALTA, por demanda
ALTA;J01G  FLUORQUINOLONAS;MAVI;SIBOFIX;2008-01-01;SIBOFIX TABL 500 MG 7;LEVOFLOXACINO;2016-12-01;2017-04-01;BAJA, por demanda
ALTA;J01G  FLUORQUINOLONAS;TEVA CORPORACION;TRIGEN;2012-11-01;TRIGEN TABL 500 MG 12;CIPROFLOXACINO;2014-12-01;2015-04-01;BAJA, por demanda
BAJA;J01G  FLUORQUINOLONAS;SANFER CORP.;BACTOCIN;1989-08-01;BACTOCIN TABL 200 MG 8;OFLOXACINO;2016-12-01;2017-04-01;lanzamiento
ALTA;J01G  FLUORQUINOLONAS;PISA;PIXIRIV;2014-12-01;PIXIRIV TABL 400 MG 5;MOXIFLOXACINO;2014-12-01;2015-04-01;BAJA, por demanda
ALTA;J01G  FLUORQUINOLONAS;PISA;PIXIRIV;2014-12-01;PIXIRIV TABL 400 MG 5;MOXIFLOXACINO;2015-08-01;2015-12-01;ALTA, por demanda
BAJA;J01G  FLUORQUINOLONAS;PISA;PIXIRIV;2014-12-01;PIXIRIV TABL 400 MG 5;MOXIFLOXACINO;2016-04-01;2016-08-01;lanzamiento
ALTA;J01G  FLUORQUINOLONAS;PISA;PIXIRIV;2014-12-01;PIXIRIV TABL 400 MG 5;MOXIFLOXACINO;2016-08-01;2016-12-01;ALTA, por demanda
BAJA;J01G  FLUORQUINOLONAS;PISA;PIXIRIV;2014-12-01;PIXIRIV TABL 400 MG 5;MOXIFLOXACINO;2017-04-01;2017-08-01;lanzamiento
ALTA;J01G  FLUORQUINOLONAS;PROBIOMED;LEVOFLOXACIN GI PR;2015-10-01;LEVOFLOXACIN GI PR TABL 500 MG 7;LEVOFLOXACINO;2016-08-01;2016-12-01;ALTA, por demanda
ALTA;J01G  FLUORQUINOLONAS;PROBIOMED;LEVOFLOXACIN GI PR;2015-10-01;LEVOFLOXACIN GI PR TABL 500 MG 7;LEVOFLOXACINO;2018-08-01;2018-12-01;ALTA, por demanda
BAJA;J01G  FLUORQUINOLONAS;FRESENIUS KABI MEXICO SA DE CV;CEPOKAB;2014-07-01;CEPOKAB AMP 2 MG /ML 100 ML;CIPROFLOXACINO;2017-04-01;2017-08-01;lanzamiento
ALTA;J01G  FLUORQUINOLONAS;FRESENIUS KABI MEXICO SA DE CV;CEPOKAB;2014-07-01;CEPOKAB AMP 2 MG /ML 100 ML;CIPROFLOXACINO;2018-08-01;2018-12-01;ALTA, por demanda
BAJA;J01G  FLUORQUINOLONAS;LAB. RAAM DE SAHUAYO S.A.;FLOVIN;2008-09-01;FLOVIN TABL 250 MG 10;CIPROFLOXACINO;2016-12-01;2017-04-01;lanzamiento
ALTA;J01G  FLUORQUINOLONAS;SENOSIAIN;CIPROFLOX DM;2014-02-01;CIPROFLOX DM TAB LIB PROL 1 G 7;CIPROFLOXACINO;2014-12-01;2015-04-01;BAJA, por demanda
ALTA;J01G  FLUORQUINOLONAS;SENOSIAIN;CIPROFLOX DM;2014-02-01;CIPROFLOX DM TAB LIB PROL 1 G 7;CIPROFLOXACINO;2015-04-01;2015-08-01;ALTA, por demanda
ALTA;J01G  FLUORQUINOLONAS;BAYER CORP.;CIPROXINA;1997-09-01;CIPROXINA TABL REVEST 500 MG 14;CIPROFLOXACINO;2015-04-01;2015-08-01;ALTA, por demanda
ALTA;J01G  FLUORQUINOLONAS;SANOFI CORP;CIPROFLOXACI GI KE;2006-08-01;CIPROFLOXACI G.I K TABL 250 MG 12;CIPROFLOXACINO;2015-08-01;2015-12-01;ALTA, por demanda
BAJA;J01G  FLUORQUINOLONAS;CARBEL;WASIPROBIL;2008-04-01;WASIPROBIL TABL 250 MG 8;CIPROFLOXACINO;2016-12-01;2017-04-01;lanzamiento
BAJA;J01G  FLUORQUINOLONAS;BAYER CORP.;CIPRO XR;2004-03-01;CIPRO XR CPR 1 G 3;CIPROFLOXACINO;2016-08-01;2016-12-01;ALTA, por demanda
ALTA;J01G  FLUORQUINOLONAS;BAYER CORP.;CIPRO XR;2004-03-01;CIPRO XR CPR 1 G 3;CIPROFLOXACINO;2017-04-01;2017-08-01;BAJA, por demanda
BAJA;J01G  FLUORQUINOLONAS;BAYER CORP.;CIPRO XR;2004-03-01;CIPRO XR CPR 1 G 3;CIPROFLOXACINO;2018-04-01;2018-08-01;BAJA, por demanda
BAJA;J01G  FLUORQUINOLONAS;CARNOT;NORFLOXACIN G.I CA;2014-12-01;NORFLOXACIN G.I CA CPR 400 MG 10;NORFLOXACINO;2015-12-01;2016-04-01;lanzamiento
BAJA;J01G  FLUORQUINOLONAS;CARNOT;NORFLOXACIN G.I CA;2014-12-01;NORFLOXACIN G.I CA CPR 400 MG 10;NORFLOXACINO;2016-08-01;2016-12-01;ALTA, por demanda
BAJA;J01G  FLUORQUINOLONAS;BAUSCH HEALTH;ENI;1993-10-01;ENI TABL REVEST 500 MG 8;CIPROFLOXACINO;2014-12-01;2015-04-01;lanzamiento
ALTA;J01G  FLUORQUINOLONAS;BAUSCH HEALTH;ENI;1993-10-01;ENI TABL REVEST 500 MG 8;CIPROFLOXACINO;2016-04-01;2016-08-01;BAJA, por demanda
BAJA;J01G  FLUORQUINOLONAS;BAUSCH HEALTH;ENI;1993-10-01;ENI TABL REVEST 500 MG 8;CIPROFLOXACINO;2017-04-01;2017-08-01;lanzamiento
ALTA;J01G  FLUORQUINOLONAS;BAYER CORP.;CIPRO XR;2004-03-01;CIPRO XR CPR 500 MG 7;CIPROFLOXACINO;2015-04-01;2015-08-01;ALTA, por demanda
ALTA;J01G  FLUORQUINOLONAS;ABBOTT;ALLOC;2017-10-01;ALLOC TABL 400 MG 7;MOXIFLOXACINO;2018-08-01;2018-12-01;ALTA, por demanda
ALTA;J01G  FLUORQUINOLONAS;QUIFA PERRIGO;CIPROFLOXAC G.I QY;2014-03-01;CIPROFLOXAC G.I QY TABL 500 MG 12;CIPROFLOXACINO;2014-12-01;2015-04-01;BAJA, por demanda
BAJA;J01G  FLUORQUINOLONAS;QUIFA PERRIGO;CIPROFLOXAC G.I QY;2014-03-01;CIPROFLOXAC G.I QY TABL 500 MG 12;CIPROFLOXACINO;2015-04-01;2015-08-01;lanzamiento
BAJA;J01G  FLUORQUINOLONAS;SIEGFRIED-MED;CIRIAX;2008-08-01;CIRIAX CPR 500 MG 12;CIPROFLOXACINO;2014-12-01;2015-04-01;lanzamiento
ALTA;J01G  FLUORQUINOLONAS;BIOMEP S.A. DE C.V.;Z-XIN;2004-09-01;Z-XIN TABL 500 MG 8;CIPROFLOXACINO;2016-08-01;2016-12-01;ALTA, por demanda
ALTA;J01G  FLUORQUINOLONAS;ANTIBIOTICOS DE MEXICO SA CV;CIPROFLOXACI G.I A;2012-10-01;CIPROFLOXACI G.I A TABL 500 MG 14;CIPROFLOXACINO;2014-04-01;2014-08-01;ALTA, por demanda
ALTA;J01G  FLUORQUINOLONAS;ANTIBIOTICOS DE MEXICO SA CV;CIPROFLOXACI G.I A;2012-10-01;CIPROFLOXACI G.I A TABL 500 MG 14;CIPROFLOXACINO;2015-04-01;2015-08-01;ALTA, por demanda
BAJA;J01G  FLUORQUINOLONAS;ANTIBIOTICOS DE MEXICO SA CV;CIPROFLOXACI G.I A;2012-10-01;CIPROFLOXACI G.I A TABL 500 MG 14;CIPROFLOXACINO;2017-12-01;2018-04-01;BAJA, por demanda
ALTA;J01G  FLUORQUINOLONAS;LAB. RAAM DE SAHUAYO S.A.;RIXIVOC;2008-09-01;RIXIVOC TABL 400 MG 8;OFLOXACINO;2014-04-01;2014-08-01;ALTA, por demanda
BAJA;J01G  FLUORQUINOLONAS;LAB. RAAM DE SAHUAYO S.A.;RIXIVOC;2008-09-01;RIXIVOC TABL 400 MG 8;OFLOXACINO;2017-12-01;2018-04-01;BAJA, por demanda
ALTA;J01G  FLUORQUINOLONAS;PISA;FLUONING;2010-05-01;FLUONING AMP 750 MG 150 ML;LEVOFLOXACINO;2015-12-01;2016-04-01;ALTA, por demanda
BAJA;J01G  FLUORQUINOLONAS;PISA;FLUONING;2010-05-01;FLUONING AMP 750 MG 150 ML;LEVOFLOXACINO;2016-04-01;2016-08-01;lanzamiento
ALTA;J01G  FLUORQUINOLONAS;BAYER CORP.;CIPROXINA;2002-03-01;CIPROXINA SUSP 250 MG 100 ML;CIPROFLOXACINO;2014-08-01;2014-12-01;ALTA, por demanda
ALTA;J01G  FLUORQUINOLONAS;BAYER CORP.;CIPROXINA;2002-03-01;CIPROXINA SUSP 250 MG 100 ML;CIPROFLOXACINO;2017-12-01;2018-04-01;BAJA, por demanda
ALTA;J01G  FLUORQUINOLONAS;BAYER CORP.;CIPROXINA;2002-03-01;CIPROXINA SUSP 250 MG 100 ML;CIPROFLOXACINO;2018-08-01;2018-12-01;ALTA, por demanda
ALTA;J01G  FLUORQUINOLONAS;BAYER CORP.;CIPROXINA;2002-03-01;CIPROXINA SUSP 250 MG 100 ML;CIPROFLOXACINO;2018-12-01;2019-04-01;BAJA, por demanda
BAJA;J01G  FLUORQUINOLONAS;ROEMMERS;MAXIPLINA;2016-02-01;MAXIPLINA TABL 500 MG 14;LEVOFLOXACINO;2018-04-01;2018-08-01;BAJA, por demanda
BAJA;J01G  FLUORQUINOLONAS;ROEMMERS;MAXIPLINA;2016-02-01;MAXIPLINA TABL 500 MG 14;LEVOFLOXACINO;2018-12-01;2019-04-01;BAJA, por demanda
ALTA;J01G  FLUORQUINOLONAS;ANTIBIOTICOS DE MEXICO SA CV;LEVOFLOXACIN G.I A;2011-02-01;LEVOFLOXACIN G.I A TABL 750 MG 7;LEVOFLOXACINO;2016-08-01;2016-12-01;ALTA, por demanda
ALTA;J01G  FLUORQUINOLONAS;SIEGFRIED-MED;ESTHIPIA;2015-02-01;ESTHIPIA TABL 400 MG 5;MOXIFLOXACINO;2015-12-01;2016-04-01;ALTA, por demanda
ALTA;J01G  FLUORQUINOLONAS;SIEGFRIED-MED;ESTHIPIA;2015-02-01;ESTHIPIA TABL 400 MG 5;MOXIFLOXACINO;2016-08-01;2016-12-01;ALTA, por demanda
ALTA;J01G  FLUORQUINOLONAS;ACCORD FARMA;FLUXACORD;2011-10-01;FLUXACORD TABL 500 MG 14;CIPROFLOXACINO;2015-04-01;2015-08-01;ALTA, por demanda
BAJA;J01G  FLUORQUINOLONAS;ACCORD FARMA;FLUXACORD;2011-10-01;FLUXACORD TABL 500 MG 14;CIPROFLOXACINO;2017-04-01;2017-08-01;lanzamiento
ALTA;J01G  FLUORQUINOLONAS;ACCORD FARMA;FLUXACORD;2011-10-01;FLUXACORD TABL 500 MG 14;CIPROFLOXACINO;2018-04-01;2018-08-01;BAJA, por demanda
BAJA;J01G  FLUORQUINOLONAS;ACCORD FARMA;FLUXACORD;2011-10-01;FLUXACORD TABL 500 MG 14;CIPROFLOXACINO;2018-08-01;2018-12-01;ALTA, por demanda
BAJA;J01G  FLUORQUINOLONAS;SANFER CORP.;PROVAY;2005-07-01;PROVAY TABL RECUB 500 MG 14;CIPROFLOXACINO;2014-04-01;2014-08-01;lanzamiento
ALTA;J01G  FLUORQUINOLONAS;SANFER CORP.;PROVAY;2005-07-01;PROVAY TABL RECUB 500 MG 14;CIPROFLOXACINO;2014-08-01;2014-12-01;ALTA, por demanda
BAJA;J01G  FLUORQUINOLONAS;SANFER CORP.;PROVAY;2005-07-01;PROVAY TABL RECUB 500 MG 14;CIPROFLOXACINO;2015-08-01;2015-12-01;lanzamiento
BAJA;J01G  FLUORQUINOLONAS;SANFER CORP.;PROVAY;2005-07-01;PROVAY TABL RECUB 500 MG 14;CIPROFLOXACINO;2016-04-01;2016-08-01;lanzamiento
ALTA;J01G  FLUORQUINOLONAS;ARMSTRONG;UROFLOX;2001-06-01;UROFLOX TABL 200 MG 6;RUFLOXACINO;2015-08-01;2015-12-01;ALTA, por demanda
BAJA;J01G  FLUORQUINOLONAS;ARMSTRONG;UROFLOX;2001-06-01;UROFLOX TABL 200 MG 6;RUFLOXACINO;2016-08-01;2016-12-01;ALTA, por demanda
BAJA;J01G  FLUORQUINOLONAS;ARMSTRONG;UROFLOX;2001-06-01;UROFLOX TABL 200 MG 6;RUFLOXACINO;2018-12-01;2019-04-01;BAJA, por demanda
ALTA;J01G  FLUORQUINOLONAS;COLLINS;KENZOFLEX;2003-01-01;KENZOFLEX CAPS 500 MG 28;CIPROFLOXACINO;2014-08-01;2014-12-01;ALTA, por demanda
ALTA;J01G  FLUORQUINOLONAS;COLLINS;KENZOFLEX;2003-01-01;KENZOFLEX CAPS 500 MG 28;CIPROFLOXACINO;2014-12-01;2015-04-01;BAJA, por demanda
ALTA;J01G  FLUORQUINOLONAS;COLLINS;KENZOFLEX;2003-01-01;KENZOFLEX CAPS 500 MG 28;CIPROFLOXACINO;2015-08-01;2015-12-01;ALTA, por demanda
ALTA;J01G  FLUORQUINOLONAS;COLLINS;KENZOFLEX;2003-01-01;KENZOFLEX CAPS 500 MG 28;CIPROFLOXACINO;2016-12-01;2017-04-01;BAJA, por demanda
BAJA;J01G  FLUORQUINOLONAS;GLAXO SMITHKLINE CORP.;LOXANIFLIN;2008-07-01;LOXANIFLIN TABL 500 MG 14;CIPROFLOXACINO;2015-04-01;2015-08-01;lanzamiento
ALTA;J01G  FLUORQUINOLONAS;DEGORTS;CIPROFLOXACI G.I D;2011-03-01;CIPROFLOXACI G.I D TABL 500 MG 12;CIPROFLOXACINO;2015-04-01;2015-08-01;ALTA, por demanda
ALTA;J01G  FLUORQUINOLONAS;DEGORTS;CIPROFLOXACI G.I D;2011-03-01;CIPROFLOXACI G.I D TABL 500 MG 12;CIPROFLOXACINO;2016-04-01;2016-08-01;BAJA, por demanda
BAJA;J01G  FLUORQUINOLONAS;DEGORTS;CIPROFLOXACI G.I D;2011-03-01;CIPROFLOXACI G.I D TABL 500 MG 12;CIPROFLOXACINO;2016-12-01;2017-04-01;lanzamiento
ALTA;J01G  FLUORQUINOLONAS;MERCK;INCADIX;2017-05-01;INCADIX TABL 400 MG 7;MOXIFLOXACINO;2017-08-01;2017-12-01;ALTA, por demanda
ALTA;J01G  FLUORQUINOLONAS;CARBEL;CIPROFLOXACI GI CA;2013-01-01;CIPROFLOXACI GI CA TABL 250 MG 8;CIPROFLOXACINO;2015-04-01;2015-08-01;ALTA, por demanda
ALTA;J01G  FLUORQUINOLONAS;CARBEL;CIPROFLOXACI GI CA;2013-01-01;CIPROFLOXACI GI CA TABL 250 MG 8;CIPROFLOXACINO;2015-08-01;2015-12-01;ALTA, por demanda
ALTA;J01G  FLUORQUINOLONAS;CARBEL;CIPROFLOXACI GI CA;2013-01-01;CIPROFLOXACI GI CA TABL 250 MG 8;CIPROFLOXACINO;2016-12-01;2017-04-01;BAJA, por demanda
ALTA;J01G  FLUORQUINOLONAS;CARBEL;CIPROFLOXACI GI CA;2013-01-01;CIPROFLOXACI GI CA TABL 250 MG 8;CIPROFLOXACINO;2017-04-01;2017-08-01;BAJA, por demanda
BAJA;J01G  FLUORQUINOLONAS;PFIZER CORPORATION;FACTIVE-5;2006-08-01;FACTIVE-5 TABL 320 MG 5;GEMIFLOXACINO;2016-12-01;2017-04-01;lanzamiento
BAJA;J01G  FLUORQUINOLONAS;ULTRA LABORATORIOS;CIPROFLOXAC G.I UL;2007-06-01;CIPROFLOXAC G.I UL TABL 500 MG 8;CIPROFLOXACINO;2016-04-01;2016-08-01;lanzamiento
ALTA;J01G  FLUORQUINOLONAS;ULTRA LABORATORIOS;CIPROFLOXAC G.I UL;2007-06-01;CIPROFLOXAC G.I UL TABL 500 MG 8;CIPROFLOXACINO;2016-12-01;2017-04-01;BAJA, por demanda
BAJA;J01G  FLUORQUINOLONAS;ULTRA LABORATORIOS;CIPROFLOXAC G.I UL;2007-06-01;CIPROFLOXAC G.I UL TABL 500 MG 8;CIPROFLOXACINO;2017-08-01;2017-12-01;lanzamiento
ALTA;J01G  FLUORQUINOLONAS;MAVI;OFLOXACINO G.I MAV;2008-09-01;OFLOXACINO G.I MAV TABL 400 MG 8;OFLOXACINO;2015-12-01;2016-04-01;ALTA, por demanda
BAJA;J01G  FLUORQUINOLONAS;MAVI;OFLOXACINO G.I MAV;2008-09-01;OFLOXACINO G.I MAV TABL 400 MG 8;OFLOXACINO;2016-04-01;2016-08-01;lanzamiento
ALTA;J01G  FLUORQUINOLONAS;SIEGFRIED-MED;ESTHIPIA;2015-02-01;ESTHIPIA TABL 400 MG 7;MOXIFLOXACINO;2015-12-01;2016-04-01;ALTA, por demanda
ALTA;J01G  FLUORQUINOLONAS;SIEGFRIED-MED;ESTHIPIA;2015-02-01;ESTHIPIA TABL 400 MG 7;MOXIFLOXACINO;2016-08-01;2016-12-01;ALTA, por demanda
ALTA;J01G  FLUORQUINOLONAS;MEDIX CORP.;FLOXACIN;2006-02-01;FLOXACIN TABL 400 MG 20;NORFLOXACINO;2016-08-01;2016-12-01;ALTA, por demanda
ALTA;J01G  FLUORQUINOLONAS;MEDIX CORP.;FLOXACIN;2006-02-01;FLOXACIN TABL 400 MG 20;NORFLOXACINO;2018-12-01;2019-04-01;BAJA, por demanda
BAJA;J01G  FLUORQUINOLONAS;ACCORD FARMA;SOLOFELX;2015-04-01;SOLOFELX TABL 500 MG 14;LEVOFLOXACINO;2018-04-01;2018-08-01;BAJA, por demanda
BAJA;J01G  FLUORQUINOLONAS;QUIFA PERRIGO;CIPROFLOXAC G.I QY;2014-01-01;CIPROFLOXAC G.I QY TABL 500 MG 14;CIPROFLOXACINO;2017-12-01;2018-04-01;BAJA, por demanda
ALTA;J01G  FLUORQUINOLONAS;ARMSTRONG;UROFLOX;2001-06-01;UROFLOX TABL 200 MG 2;RUFLOXACINO;2015-08-01;2015-12-01;ALTA, por demanda
BAJA;J01G  FLUORQUINOLONAS;ARMSTRONG;UROFLOX;2001-06-01;UROFLOX TABL 200 MG 2;RUFLOXACINO;2018-08-01;2018-12-01;ALTA, por demanda
ALTA;J01G  FLUORQUINOLONAS;ARLEX;CIPROFLOXACI G.I A;2006-08-01;CIPROFLOXACI G.I A TABL 250 MG 8;CIPROFLOXACINO;2014-12-01;2015-04-01;BAJA, por demanda
BAJA;J01G  FLUORQUINOLONAS;ARLEX;CIPROFLOXACI G.I A;2006-08-01;CIPROFLOXACI G.I A TABL 250 MG 8;CIPROFLOXACINO;2016-08-01;2016-12-01;ALTA, por demanda
BAJA;J01G  FLUORQUINOLONAS;ARLEX;CIPROFLOXACI G.I A;2006-08-01;CIPROFLOXACI G.I A TABL 250 MG 8;CIPROFLOXACINO;2018-04-01;2018-08-01;BAJA, por demanda
BAJA;J01G  FLUORQUINOLONAS;CORPORATIVO RAYERE;NOVOQUIN;2003-03-01;NOVOQUIN TABL 250 MG 12;CIPROFLOXACINO;2016-12-01;2017-04-01;lanzamiento
ALTA;J01G  FLUORQUINOLONAS;CORPORATIVO RAYERE;NOVOQUIN;2003-03-01;NOVOQUIN TABL 250 MG 12;CIPROFLOXACINO;2017-12-01;2018-04-01;BAJA, por demanda
ALTA;J01G  FLUORQUINOLONAS;AVIVIA PHARMA S.A. DE C.V.;CIPROFLOXACIN GI A;2017-01-01;CIPROFLOXACIN GI A TABL 250 MG 8;CIPROFLOXACINO;2018-04-01;2018-08-01;BAJA, por demanda
ALTA;J01G  FLUORQUINOLONAS;BIOMEP S.A. DE C.V.;Z-XIN;2008-12-01;Z-XIN TABL 500 MG 12;CIPROFLOXACINO;2014-04-01;2014-08-01;ALTA, por demanda
BAJA;J01G  FLUORQUINOLONAS;BIOMEP S.A. DE C.V.;Z-XIN;2008-12-01;Z-XIN TABL 500 MG 12;CIPROFLOXACINO;2015-08-01;2015-12-01;lanzamiento
BAJA;J01G  FLUORQUINOLONAS;COLUMBIA CORP;ZIPRA;1995-04-01;ZIPRA TABL REVEST 500 MG 8;CIPROFLOXACINO;2016-08-01;2016-12-01;ALTA, por demanda
ALTA;J01G  FLUORQUINOLONAS;COLUMBIA CORP;ZIPRA;1995-04-01;ZIPRA TABL REVEST 500 MG 8;CIPROFLOXACINO;2016-12-01;2017-04-01;BAJA, por demanda
BAJA;J01G  FLUORQUINOLONAS;COLUMBIA CORP;ZIPRA;1995-04-01;ZIPRA TABL REVEST 500 MG 8;CIPROFLOXACINO;2017-12-01;2018-04-01;BAJA, por demanda
ALTA;J01G  FLUORQUINOLONAS;BTK FARMA;CIPROFLOXACIN GI B;2017-04-01;CIPROFLOXACIN GI B TABL 500 MG 10;CIPROFLOXACINO;2017-08-01;2017-12-01;ALTA, por demanda
BAJA;J01G  FLUORQUINOLONAS;GRUPO FARMACEUTICO SOMAR;MOXIFLOXACIN GI SE;2017-05-01;MOXIFLOXACIN GI SE TABL 400 MG 7;MOXIFLOXACINO;2017-12-01;2018-04-01;BAJA, por demanda
ALTA;J01G  FLUORQUINOLONAS;GRUPO FARMACEUTICO SOMAR;MOXIFLOXACIN GI SE;2017-05-01;MOXIFLOXACIN GI SE TABL 400 MG 7;MOXIFLOXACINO;2018-08-01;2018-12-01;ALTA, por demanda
BAJA;J01G  FLUORQUINOLONAS;JOHNSON+JOHNSON CO;FLOXSTAT;1993-09-01;FLOXSTAT TABL RECUB. 400 MG 8;OFLOXACINO;2014-08-01;2014-12-01;lanzamiento
BAJA;J01G  FLUORQUINOLONAS;MAVI;LEVOFLOXACIN G.I M;2010-11-01;LEVOFLOXACIN G.I M TABL 500 MG 7;LEVOFLOXACINO;2017-04-01;2017-08-01;lanzamiento
ALTA;J01G  FLUORQUINOLONAS;LANDSTEINER;CIPROFLOXACI G.I L;2014-03-01;CIPROFLOXACI G.I L TABL 500 MG 12;CIPROFLOXACINO;2014-12-01;2015-04-01;BAJA, por demanda
ALTA;J01G  FLUORQUINOLONAS;LANDSTEINER;CIPROFLOXACI G.I L;2014-03-01;CIPROFLOXACI G.I L TABL 500 MG 12;CIPROFLOXACINO;2015-04-01;2015-08-01;ALTA, por demanda
ALTA;J01G  FLUORQUINOLONAS;LANDSTEINER;CIPROFLOXACI G.I L;2014-03-01;CIPROFLOXACI G.I L TABL 500 MG 12;CIPROFLOXACINO;2015-08-01;2015-12-01;ALTA, por demanda
BAJA;J01G  FLUORQUINOLONAS;LANDSTEINER;CIPROFLOXACI G.I L;2014-03-01;CIPROFLOXACI G.I L TABL 500 MG 12;CIPROFLOXACINO;2015-12-01;2016-04-01;lanzamiento
BAJA;J01G  FLUORQUINOLONAS;I.Q.F.A.;CIQFADIN;2003-02-01;CIQFADIN TABL 250 MG 8;CIPROFLOXACINO;2016-04-01;2016-08-01;lanzamiento
BAJA;J01G  FLUORQUINOLONAS;I.Q.F.A.;CIQFADIN;2003-02-01;CIQFADIN TABL 250 MG 8;CIPROFLOXACINO;2018-04-01;2018-08-01;BAJA, por demanda
BAJA;J01G  FLUORQUINOLONAS;BAYER CORP.;AVELOX;1999-09-01;AVELOX TABL 400 MG 5;MOXIFLOXACINO;2014-12-01;2015-04-01;lanzamiento
BAJA;J01G  FLUORQUINOLONAS;BAYER CORP.;AVELOX;1999-09-01;AVELOX TABL 400 MG 5;MOXIFLOXACINO;2016-04-01;2016-08-01;lanzamiento
BAJA;J01G  FLUORQUINOLONAS;BAYER CORP.;AVELOX;1999-09-01;AVELOX TABL 400 MG 5;MOXIFLOXACINO;2017-04-01;2017-08-01;lanzamiento
BAJA;J01G  FLUORQUINOLONAS;BAYER CORP.;AVELOX;1999-09-01;AVELOX TABL 400 MG 5;MOXIFLOXACINO;2018-12-01;2019-04-01;BAJA, por demanda
ALTA;J01G  FLUORQUINOLONAS;I.Q.F.A.;CIQFADIN;2003-02-01;CIQFADIN TABL 500 MG 12;CIPROFLOXACINO;2016-08-01;2016-12-01;ALTA, por demanda
ALTA;J01G  FLUORQUINOLONAS;DEGORTS;OFLOXACINO G.I DEG;2009-12-01;OFLOXACINO G.I DEG TABL 400 MG 8;OFLOXACINO;2015-04-01;2015-08-01;ALTA, por demanda
BAJA;J01G  FLUORQUINOLONAS;DEGORTS;OFLOXACINO G.I DEG;2009-12-01;OFLOXACINO G.I DEG TABL 400 MG 8;OFLOXACINO;2016-08-01;2016-12-01;ALTA, por demanda
BAJA;J01G  FLUORQUINOLONAS;DEGORTS;OFLOXACINO G.I DEG;2009-12-01;OFLOXACINO G.I DEG TABL 400 MG 8;OFLOXACINO;2017-08-01;2017-12-01;lanzamiento
BAJA;J01G  FLUORQUINOLONAS;DEGORTS;OFLOXACINO G.I DEG;2009-12-01;OFLOXACINO G.I DEG TABL 400 MG 8;OFLOXACINO;2018-08-01;2018-12-01;ALTA, por demanda
BAJA;J01G  FLUORQUINOLONAS;PISA;FLUONING;2009-08-01;FLUONING TABL 500 MG 7;LEVOFLOXACINO;2014-12-01;2015-04-01;lanzamiento
BAJA;J01G  FLUORQUINOLONAS;ACCORD FARMA;SOLOFELX;2015-04-01;SOLOFELX TABL 500 MG 7;LEVOFLOXACINO;2015-08-01;2015-12-01;lanzamiento
BAJA;J01G  FLUORQUINOLONAS;ACCORD FARMA;SOLOFELX;2015-04-01;SOLOFELX TABL 500 MG 7;LEVOFLOXACINO;2016-08-01;2016-12-01;ALTA, por demanda
BAJA;J01G  FLUORQUINOLONAS;ACCORD FARMA;SOLOFELX;2015-04-01;SOLOFELX TABL 500 MG 7;LEVOFLOXACINO;2016-12-01;2017-04-01;lanzamiento
BAJA;J01G  FLUORQUINOLONAS;ACCORD FARMA;SOLOFELX;2015-04-01;SOLOFELX TABL 500 MG 7;LEVOFLOXACINO;2017-04-01;2017-08-01;lanzamiento
ALTA;J01G  FLUORQUINOLONAS;ACCORD FARMA;SOLOFELX;2015-04-01;SOLOFELX TABL 500 MG 7;LEVOFLOXACINO;2018-12-01;2019-04-01;BAJA, por demanda
BAJA;J01G  FLUORQUINOLONAS;LIOMONT, CORPORATION;MICRORGAN;2002-02-01;MICRORGAN TABL 500 MG 14;CIPROFLOXACINO;2016-12-01;2017-04-01;lanzamiento
BAJA;J01G  FLUORQUINOLONAS;SENOSIAIN;CIPROFLOX;1991-01-01;CIPROFLOX CAPS 500 MG 6;CIPROFLOXACINO;2014-08-01;2014-12-01;lanzamiento
ALTA;J01G  FLUORQUINOLONAS;SENOSIAIN;CIPROFLOX;1991-01-01;CIPROFLOX CAPS 500 MG 6;CIPROFLOXACINO;2015-04-01;2015-08-01;ALTA, por demanda
BAJA;J01G  FLUORQUINOLONAS;SENOSIAIN;CIPROFLOX;1991-01-01;CIPROFLOX CAPS 500 MG 6;CIPROFLOXACINO;2015-08-01;2015-12-01;lanzamiento
ALTA;J01G  FLUORQUINOLONAS;SENOSIAIN;CIPROFLOX;1991-01-01;CIPROFLOX CAPS 500 MG 6;CIPROFLOXACINO;2015-12-01;2016-04-01;ALTA, por demanda
BAJA;J01G  FLUORQUINOLONAS;SENOSIAIN;CIPROFLOX;1991-01-01;CIPROFLOX CAPS 500 MG 6;CIPROFLOXACINO;2018-08-01;2018-12-01;ALTA, por demanda
ALTA;J01G  FLUORQUINOLONAS;ALPHARMA;OFLOXACINO G.I ALP;2005-09-01;OFLOXACINO G.I ALP TABL 400 MG 8;OFLOXACINO;2014-04-01;2014-08-01;ALTA, por demanda
ALTA;J01G  FLUORQUINOLONAS;ALPHARMA;OFLOXACINO G.I ALP;2005-09-01;OFLOXACINO G.I ALP TABL 400 MG 8;OFLOXACINO;2017-08-01;2017-12-01;ALTA, por demanda
BAJA;J01G  FLUORQUINOLONAS;VITAE;CIPROFLOXACIN GI V;2012-03-01;CIPROFLOXACIN GI V TABL 500 MG 8;CIPROFLOXACINO;2014-12-01;2015-04-01;lanzamiento
BAJA;J01G  FLUORQUINOLONAS;NOVARTIS CORP.;LEVOFLOXACIN G.I S;2011-06-01;LEVOFLOXACIN G.I S TABL 500 MG 7;LEVOFLOXACINO;2014-08-01;2014-12-01;lanzamiento
BAJA;J01G  FLUORQUINOLONAS;PROBIOMED;OVELQUIN;2006-01-01;OVELQUIN TABL 500 MG 7;LEVOFLOXACINO;2014-12-01;2015-04-01;lanzamiento
ALTA;J01G  FLUORQUINOLONAS;LIOMONT, CORPORATION;EVOCS-III;2014-08-01;EVOCS-III TABL 750 MG 7;LEVOFLOXACINO;2014-08-01;2014-12-01;ALTA, por demanda
ALTA;J01G  FLUORQUINOLONAS;LIOMONT, CORPORATION;EVOCS-III;2014-08-01;EVOCS-III TABL 750 MG 7;LEVOFLOXACINO;2015-04-01;2015-08-01;ALTA, por demanda
ALTA;J01G  FLUORQUINOLONAS;LIOMONT, CORPORATION;EVOCS-III;2014-08-01;EVOCS-III TABL 750 MG 7;LEVOFLOXACINO;2015-12-01;2016-04-01;ALTA, por demanda
ALTA;J01G  FLUORQUINOLONAS;LIOMONT, CORPORATION;EVOCS-III;2014-08-01;EVOCS-III TABL 750 MG 7;LEVOFLOXACINO;2016-08-01;2016-12-01;ALTA, por demanda
ALTA;J01G  FLUORQUINOLONAS;VICTORY ENTERPRISE;CLORTORY;2006-09-01;CLORTORY TABL 500 MG 8;CIPROFLOXACINO;2014-08-01;2014-12-01;ALTA, por demanda
ALTA;J01G  FLUORQUINOLONAS;VICTORY ENTERPRISE;CLORTORY;2006-09-01;CLORTORY TABL 500 MG 8;CIPROFLOXACINO;2014-12-01;2015-04-01;BAJA, por demanda
BAJA;J01G  FLUORQUINOLONAS;VICTORY ENTERPRISE;CLORTORY;2006-09-01;CLORTORY TABL 500 MG 8;CIPROFLOXACINO;2015-04-01;2015-08-01;lanzamiento
BAJA;J01G  FLUORQUINOLONAS;VICTORY ENTERPRISE;CLORTORY;2006-09-01;CLORTORY TABL 500 MG 8;CIPROFLOXACINO;2017-04-01;2017-08-01;lanzamiento
ALTA;J01G  FLUORQUINOLONAS;ALPHARMA;CIPROFLOXAC G.I AL;2005-09-01;CIPROFLOXAC G.I AL TABL 500 MG 10;CIPROFLOXACINO;2014-04-01;2014-08-01;ALTA, por demanda
BAJA;J01G  FLUORQUINOLONAS;ALPHARMA;CIPROFLOXAC G.I AL;2005-09-01;CIPROFLOXAC G.I AL TABL 500 MG 10;CIPROFLOXACINO;2015-04-01;2015-08-01;lanzamiento
BAJA;J01G  FLUORQUINOLONAS;ALPHARMA;CIPROFLOXAC G.I AL;2005-09-01;CIPROFLOXAC G.I AL TABL 500 MG 10;CIPROFLOXACINO;2016-12-01;2017-04-01;lanzamiento
BAJA;J01G  FLUORQUINOLONAS;LAB. RAAM DE SAHUAYO S.A.;RIXIVOC;2008-09-01;RIXIVOC TABL 200 MG 8;OFLOXACINO;2016-12-01;2017-04-01;lanzamiento
ALTA;J01G  FLUORQUINOLONAS;LAB. RAAM DE SAHUAYO S.A.;RIXIVOC;2008-09-01;RIXIVOC TABL 200 MG 8;OFLOXACINO;2017-08-01;2017-12-01;ALTA, por demanda
BAJA;J01G  FLUORQUINOLONAS;PISA;CIPROBAC;2009-05-01;CIPROBAC TABL 500 MG 14;CIPROFLOXACINO;2015-08-01;2015-12-01;lanzamiento
ALTA;J01G  FLUORQUINOLONAS;PISA;CIPROBAC;2009-05-01;CIPROBAC TABL 500 MG 14;CIPROFLOXACINO;2015-12-01;2016-04-01;ALTA, por demanda
ALTA;J01G  FLUORQUINOLONAS;LIOMONT, CORPORATION;ZINOLOX 4G;2014-07-01;ZINOLOX 4G TABL 400 MG 7;MOXIFLOXACINO;2014-08-01;2014-12-01;ALTA, por demanda
ALTA;J01G  FLUORQUINOLONAS;LIOMONT, CORPORATION;ZINOLOX 4G;2014-07-01;ZINOLOX 4G TABL 400 MG 7;MOXIFLOXACINO;2015-08-01;2015-12-01;ALTA, por demanda
ALTA;J01G  FLUORQUINOLONAS;LIOMONT, CORPORATION;ZINOLOX 4G;2014-07-01;ZINOLOX 4G TABL 400 MG 7;MOXIFLOXACINO;2015-12-01;2016-04-01;ALTA, por demanda
ALTA;J01G  FLUORQUINOLONAS;LIOMONT, CORPORATION;ZINOLOX 4G;2014-07-01;ZINOLOX 4G TABL 400 MG 7;MOXIFLOXACINO;2016-08-01;2016-12-01;ALTA, por demanda
BAJA;J01G  FLUORQUINOLONAS;LIOMONT, CORPORATION;ZINOLOX 4G;2014-07-01;ZINOLOX 4G TABL 400 MG 7;MOXIFLOXACINO;2017-04-01;2017-08-01;lanzamiento
ALTA;J01G  FLUORQUINOLONAS;LIOMONT, CORPORATION;ZINOLOX 4G;2014-07-01;ZINOLOX 4G TABL 400 MG 7;MOXIFLOXACINO;2017-08-01;2017-12-01;ALTA, por demanda
ALTA;J01G  FLUORQUINOLONAS;LIOMONT, CORPORATION;ZINOLOX 4G;2014-07-01;ZINOLOX 4G TABL 400 MG 7;MOXIFLOXACINO;2018-08-01;2018-12-01;ALTA, por demanda
BAJA;J01G  FLUORQUINOLONAS;JOHNSON+JOHNSON CO;FLOXIL;1993-04-01;FLOXIL TABL 200 MG 12;OFLOXACINO;2018-08-01;2018-12-01;ALTA, por demanda
ALTA;J01G  FLUORQUINOLONAS;PROBIOMED;LEVOFLOXACIN GI PR;2014-08-01;LEVOFLOXACIN GI PR TABL 750 MG 7;LEVOFLOXACINO;2016-04-01;2016-08-01;BAJA, por demanda
ALTA;J01G  FLUORQUINOLONAS;PISA;LEVOFLOXACIN G.I P;2016-01-01;LEVOFLOXACIN G.I P AMP 750 MG 150 ML;LEVOFLOXACINO;2016-08-01;2016-12-01;ALTA, por demanda
ALTA;J01G  FLUORQUINOLONAS;PISA;LEVOFLOXACIN G.I P;2016-01-01;LEVOFLOXACIN G.I P AMP 750 MG 150 ML;LEVOFLOXACINO;2016-12-01;2017-04-01;BAJA, por demanda
ALTA;J01G  FLUORQUINOLONAS;PISA;LEVOFLOXACIN G.I P;2016-01-01;LEVOFLOXACIN G.I P AMP 750 MG 150 ML;LEVOFLOXACINO;2017-08-01;2017-12-01;ALTA, por demanda
BAJA;J01G  FLUORQUINOLONAS;PISA;LEVOFLOXACIN G.I P;2016-01-01;LEVOFLOXACIN G.I P AMP 750 MG 150 ML;LEVOFLOXACINO;2017-12-01;2018-04-01;BAJA, por demanda
BAJA;J01G  FLUORQUINOLONAS;PISA;LEVOFLOXACIN G.I P;2016-01-01;LEVOFLOXACIN G.I P AMP 750 MG 150 ML;LEVOFLOXACINO;2018-08-01;2018-12-01;ALTA, por demanda
BAJA;J01G  FLUORQUINOLONAS;JOHNSON+JOHNSON CO;ELEQUINE;1997-09-01;ELEQUINE TABL BLISTER 500 MG 7;LEVOFLOXACINO;2014-12-01;2015-04-01;lanzamiento
ALTA;J01G  FLUORQUINOLONAS;JOHNSON+JOHNSON CO;ELEQUINE;1997-09-01;ELEQUINE TABL BLISTER 500 MG 7;LEVOFLOXACINO;2015-08-01;2015-12-01;ALTA, por demanda
ALTA;J01G  FLUORQUINOLONAS;JOHNSON+JOHNSON CO;ELEQUINE;1997-09-01;ELEQUINE TABL BLISTER 500 MG 7;LEVOFLOXACINO;2015-12-01;2016-04-01;ALTA, por demanda
BAJA;J01G  FLUORQUINOLONAS;JOHNSON+JOHNSON CO;ELEQUINE;1997-09-01;ELEQUINE TABL BLISTER 500 MG 7;LEVOFLOXACINO;2016-12-01;2017-04-01;lanzamiento
BAJA;J01G  FLUORQUINOLONAS;JOHNSON+JOHNSON CO;ELEQUINE;1997-09-01;ELEQUINE TABL BLISTER 500 MG 7;LEVOFLOXACINO;2017-04-01;2017-08-01;lanzamiento
BAJA;J01G  FLUORQUINOLONAS;JOHNSON+JOHNSON CO;ELEQUINE;1997-09-01;ELEQUINE TABL BLISTER 500 MG 7;LEVOFLOXACINO;2017-12-01;2018-04-01;BAJA, por demanda
BAJA;J01G  FLUORQUINOLONAS;JOHNSON+JOHNSON CO;ELEQUINE;1997-09-01;ELEQUINE TABL BLISTER 500 MG 7;LEVOFLOXACINO;2018-12-01;2019-04-01;BAJA, por demanda
ALTA;J01G  FLUORQUINOLONAS;CORPORATIVO RAYERE;NOVOQUIN;2001-11-01;NOVOQUIN TABL 500 MG 12;CIPROFLOXACINO;2014-12-01;2015-04-01;BAJA, por demanda
BAJA;J01G  FLUORQUINOLONAS;CORPORATIVO RAYERE;NOVOQUIN;2001-11-01;NOVOQUIN TABL 500 MG 12;CIPROFLOXACINO;2015-04-01;2015-08-01;lanzamiento
BAJA;J01G  FLUORQUINOLONAS;CORPORATIVO RAYERE;NOVOQUIN;2001-11-01;NOVOQUIN TABL 500 MG 12;CIPROFLOXACINO;2016-08-01;2016-12-01;ALTA, por demanda
BAJA;J01G  FLUORQUINOLONAS;CORPORATIVO RAYERE;NOVOQUIN;2001-11-01;NOVOQUIN TABL 500 MG 12;CIPROFLOXACINO;2017-04-01;2017-08-01;lanzamiento
ALTA;J01G  FLUORQUINOLONAS;CORPORATIVO RAYERE;NOVOQUIN;2001-11-01;NOVOQUIN TABL 500 MG 12;CIPROFLOXACINO;2017-08-01;2017-12-01;ALTA, por demanda
BAJA;J01G  FLUORQUINOLONAS;FARMACEUTICA HISPANOAMERICANA;PROSXAFLO;2010-05-01;PROSXAFLO TABL 750 MG 7;LEVOFLOXACINO;2014-04-01;2014-08-01;lanzamiento
ALTA;J01G  FLUORQUINOLONAS;FARMACEUTICA HISPANOAMERICANA;PROSXAFLO;2010-05-01;PROSXAFLO TABL 750 MG 7;LEVOFLOXACINO;2015-08-01;2015-12-01;ALTA, por demanda
BAJA;J01G  FLUORQUINOLONAS;FARMACEUTICA HISPANOAMERICANA;PROSXAFLO;2010-05-01;PROSXAFLO TABL 750 MG 7;LEVOFLOXACINO;2017-04-01;2017-08-01;lanzamiento
ALTA;J01G  FLUORQUINOLONAS;FARMACEUTICA HISPANOAMERICANA;PROSXAFLO;2010-05-01;PROSXAFLO TABL 750 MG 7;LEVOFLOXACINO;2018-08-01;2018-12-01;ALTA, por demanda
BAJA;J01G  FLUORQUINOLONAS;LANDSTEINER;LEVOFLOXACIN G.I L;2010-09-01;LEVOFLOXACIN G.I L TABL 750 MG 5;LEVOFLOXACINO;2016-04-01;2016-08-01;lanzamiento
ALTA;J01G  FLUORQUINOLONAS;LANDSTEINER;LEVOFLOXACIN G.I L;2010-09-01;LEVOFLOXACIN G.I L TABL 750 MG 5;LEVOFLOXACINO;2018-08-01;2018-12-01;ALTA, por demanda
