BAJA;M02A  ANTIRREUMATICOS TOPICOS;SENOSIAIN;FACICAM;2010-09-01;FACICAM GEL. 0.5 % 90 G;PIROXICAM;2015-08-01;2015-12-01;ALTA, por demanda
BAJA;M02A  ANTIRREUMATICOS TOPICOS;FARMACEUTICA HISPANOAMERICANA;CLOFENIX;2008-08-01;CLOFENIX CRA 60 G;DICLOFENACO;2014-12-01;2015-04-01;lanzamiento
BAJA;M02A  ANTIRREUMATICOS TOPICOS;FARMACEUTICA HISPANOAMERICANA;CLOFENIX;2008-08-01;CLOFENIX CRA 60 G;DICLOFENACO;2015-08-01;2015-12-01;ALTA, por demanda
ALTA;M02A  ANTIRREUMATICOS TOPICOS;FARMACEUTICA HISPANOAMERICANA;CLOFENIX;2008-08-01;CLOFENIX CRA 60 G;DICLOFENACO;2016-04-01;2016-08-01;BAJA, por demanda
BAJA;M02A  ANTIRREUMATICOS TOPICOS;FARMACEUTICA HISPANOAMERICANA;CLOFENIX;2008-08-01;CLOFENIX CRA 60 G;DICLOFENACO;2016-12-01;2017-04-01;BAJA, por demanda
ALTA;M02A  ANTIRREUMATICOS TOPICOS;FARMACEUTICA HISPANOAMERICANA;CLOFENIX;2008-08-01;CLOFENIX CRA 60 G;DICLOFENACO;2018-08-01;2018-12-01;ALTA, por demanda
ALTA;M02A  ANTIRREUMATICOS TOPICOS;MEDA PHARMA S DE RL;METOTROP;2014-12-01;METOTROP GEL 5 % 40 G;ETOFENAMATO;2014-12-01;2015-04-01;ALTA, por demanda
ALTA;M02A  ANTIRREUMATICOS TOPICOS;MEDA PHARMA S DE RL;METOTROP;2014-12-01;METOTROP GEL 5 % 40 G;ETOFENAMATO;2016-04-01;2016-08-01;BAJA, por demanda
BAJA;M02A  ANTIRREUMATICOS TOPICOS;GENOMA LAB INT;BALSAMO BENGU.PLUS;1986-02-01;BALSAMO BENGU.PLUS POMADA GRASA 35 G;MENTOL + SALICILATO DE METILO;2015-12-01;2016-04-01;lanzamiento
ALTA;M02A  ANTIRREUMATICOS TOPICOS;GENOMA LAB INT;BALSAMO BENGU.PLUS;1986-02-01;BALSAMO BENGU.PLUS POMADA GRASA 35 G;MENTOL + SALICILATO DE METILO;2018-04-01;2018-08-01;BAJA, por demanda
ALTA;M02A  ANTIRREUMATICOS TOPICOS;GENOMA LAB INT;BALSAMO BENGU.PLUS;1986-02-01;BALSAMO BENGU.PLUS POMADA GRASA 35 G;MENTOL + SALICILATO DE METILO;2018-08-01;2018-12-01;ALTA, por demanda
ALTA;M02A  ANTIRREUMATICOS TOPICOS;GENOMA LAB INT;X-RAY;2011-03-01;X-RAY GEL 30 G;ALCANFOR + GLUCOSAMINA + SULFATO DE CONDROITINA;2014-08-01;2014-12-01;ALTA, por demanda
BAJA;M02A  ANTIRREUMATICOS TOPICOS;GENOMA LAB INT;X-RAY;2011-03-01;X-RAY GEL 30 G;ALCANFOR + GLUCOSAMINA + SULFATO DE CONDROITINA;2014-12-01;2015-04-01;lanzamiento
BAJA;M02A  ANTIRREUMATICOS TOPICOS;DIOLMEX;DIOLMEX;1994-01-01;DIOLMEX UNGT MENTOL. 220 G;ACIDO SALICILICO + ALCANFOR + MENTOL;2014-12-01;2015-04-01;lanzamiento
BAJA;M02A  ANTIRREUMATICOS TOPICOS;DIOLMEX;DIOLMEX;1994-01-01;DIOLMEX UNGT MENTOL. 220 G;ACIDO SALICILICO + ALCANFOR + MENTOL;2015-12-01;2016-04-01;lanzamiento
BAJA;M02A  ANTIRREUMATICOS TOPICOS;DIOLMEX;DIOLMEX;1994-01-01;DIOLMEX UNGT MENTOL. 220 G;ACIDO SALICILICO + ALCANFOR + MENTOL;2017-04-01;2017-08-01;BAJA, por demanda
BAJA;M02A  ANTIRREUMATICOS TOPICOS;DIOLMEX;DIOLMEX;1994-01-01;DIOLMEX UNGT MENTOL. 220 G;ACIDO SALICILICO + ALCANFOR + MENTOL;2018-12-01;2019-04-01;BAJA, por demanda
ALTA;M02A  ANTIRREUMATICOS TOPICOS;ALMIRALL, S.A. DE C.V.;CALMATEL;2010-04-01;CALMATEL GEL 60 G;PIKETOPROFENO;2016-04-01;2016-08-01;BAJA, por demanda
ALTA;M02A  ANTIRREUMATICOS TOPICOS;ALMIRALL, S.A. DE C.V.;CALMATEL;2010-04-01;CALMATEL GEL 60 G;PIKETOPROFENO;2016-08-01;2016-12-01;ALTA, por demanda
ALTA;M02A  ANTIRREUMATICOS TOPICOS;ALMIRALL, S.A. DE C.V.;CALMATEL;2010-04-01;CALMATEL GEL 60 G;PIKETOPROFENO;2017-08-01;2017-12-01;ALTA, por demanda
BAJA;M02A  ANTIRREUMATICOS TOPICOS;ALMIRALL, S.A. DE C.V.;CALMATEL;2010-04-01;CALMATEL GEL 60 G;PIKETOPROFENO;2018-04-01;2018-08-01;lanzamiento
ALTA;M02A  ANTIRREUMATICOS TOPICOS;ALMIRALL, S.A. DE C.V.;CALMATEL;2010-04-01;CALMATEL GEL 60 G;PIKETOPROFENO;2018-12-01;2019-04-01;BAJA, por demanda
ALTA;M02A  ANTIRREUMATICOS TOPICOS;GENOMA LAB INT;BALSAMO BENGU.PLUS;2002-06-01;BALSAMO BENGU. CRE NO GRASO 35 G;MENTOL + SALICILATO DE METILO;2014-12-01;2015-04-01;ALTA, por demanda
ALTA;M02A  ANTIRREUMATICOS TOPICOS;GENOMA LAB INT;BALSAMO BENGU.PLUS;2002-06-01;BALSAMO BENGU. CRE NO GRASO 35 G;MENTOL + SALICILATO DE METILO;2015-08-01;2015-12-01;ALTA, por demanda
BAJA;M02A  ANTIRREUMATICOS TOPICOS;GENOMA LAB INT;BALSAMO BENGU.PLUS;2002-06-01;BALSAMO BENGU. CRE NO GRASO 35 G;MENTOL + SALICILATO DE METILO;2016-08-01;2016-12-01;lanzamiento
BAJA;M02A  ANTIRREUMATICOS TOPICOS;GLAXO SMITHKLINE CORP.;VOLTAREN;1987-07-01;VOLTAREN EMUL.GEL 1 % 30 G;DICLOFENACO;2014-04-01;2014-08-01;lanzamiento
ALTA;M02A  ANTIRREUMATICOS TOPICOS;GLAXO SMITHKLINE CORP.;VOLTAREN;1987-07-01;VOLTAREN EMUL.GEL 1 % 30 G;DICLOFENACO;2014-12-01;2015-04-01;ALTA, por demanda
BAJA;M02A  ANTIRREUMATICOS TOPICOS;GLAXO SMITHKLINE CORP.;VOLTAREN;1987-07-01;VOLTAREN EMUL.GEL 1 % 30 G;DICLOFENACO;2016-12-01;2017-04-01;BAJA, por demanda
ALTA;M02A  ANTIRREUMATICOS TOPICOS;EURODRUG;NIDOLIN;2008-04-01;NIDOLIN GEL TBO 2 % 60 G;NIMESULIDA;2016-08-01;2016-12-01;ALTA, por demanda
ALTA;M02A  ANTIRREUMATICOS TOPICOS;LAB CENTRAL SUREST;REMACOL;1988-12-01;REMACOL LIN. 60 ML;BULNESIA SARMIENTOI + MENTOL + TREMENTINA;2016-08-01;2016-12-01;ALTA, por demanda
BAJA;M02A  ANTIRREUMATICOS TOPICOS;LAB CENTRAL SUREST;REMACOL;1988-12-01;REMACOL LIN. 60 ML;BULNESIA SARMIENTOI + MENTOL + TREMENTINA;2017-08-01;2017-12-01;lanzamiento
ALTA;M02A  ANTIRREUMATICOS TOPICOS;LAB CENTRAL SUREST;REMACOL;1988-12-01;REMACOL LIN. 60 ML;BULNESIA SARMIENTOI + MENTOL + TREMENTINA;2018-12-01;2019-04-01;BAJA, por demanda
ALTA;M02A  ANTIRREUMATICOS TOPICOS;SANOFI CORP;LONOL;1977-06-01;LONOL CREMA 5 % 60 G;BENCIDAMINA;2014-12-01;2015-04-01;ALTA, por demanda
BAJA;M02A  ANTIRREUMATICOS TOPICOS;SANOFI CORP;LONOL;1977-06-01;LONOL CREMA 5 % 60 G;BENCIDAMINA;2017-04-01;2017-08-01;BAJA, por demanda
BAJA;M02A  ANTIRREUMATICOS TOPICOS;SANOFI CORP;LONOL;1977-06-01;LONOL CREMA 5 % 60 G;BENCIDAMINA;2017-08-01;2017-12-01;lanzamiento
ALTA;M02A  ANTIRREUMATICOS TOPICOS;QUIMICA SON S;ATALAK;2001-07-01;ATALAK CREMA TUBO 1 % 60 G;DICLOFENACO;2016-08-01;2016-12-01;ALTA, por demanda
ALTA;M02A  ANTIRREUMATICOS TOPICOS;GRISI CORP.;TERMORUB;2000-10-01;TERMORUB CREMA FTE. 35 G;MENTOL + SALICILATO DE METILO;2016-04-01;2016-08-01;BAJA, por demanda
ALTA;M02A  ANTIRREUMATICOS TOPICOS;GRISI CORP.;TERMORUB;2000-10-01;TERMORUB CREMA FTE. 35 G;MENTOL + SALICILATO DE METILO;2017-08-01;2017-12-01;ALTA, por demanda
BAJA;M02A  ANTIRREUMATICOS TOPICOS;GRISI CORP.;TERMORUB;2000-10-01;TERMORUB CREMA FTE. 35 G;MENTOL + SALICILATO DE METILO;2018-12-01;2019-04-01;BAJA, por demanda
ALTA;M02A  ANTIRREUMATICOS TOPICOS;ARLEX;DOLOFENAC;2004-09-01;DOLOFENAC CREMA 30 G;DICLOFENACO;2015-08-01;2015-12-01;ALTA, por demanda
ALTA;M02A  ANTIRREUMATICOS TOPICOS;ARLEX;DOLOFENAC;2004-09-01;DOLOFENAC CREMA 30 G;DICLOFENACO;2017-08-01;2017-12-01;ALTA, por demanda
BAJA;M02A  ANTIRREUMATICOS TOPICOS;ARLEX;DOLOFENAC;2004-09-01;DOLOFENAC CREMA 30 G;DICLOFENACO;2017-12-01;2018-04-01;BAJA, por demanda
BAJA;M02A  ANTIRREUMATICOS TOPICOS;ARLEX;DOLOFENAC;2004-09-01;DOLOFENAC CREMA 30 G;DICLOFENACO;2018-04-01;2018-08-01;lanzamiento
ALTA;M02A  ANTIRREUMATICOS TOPICOS;SENOSIAIN;FACICAM;1991-04-01;FACICAM GEL. 5 % 40 G;PIROXICAM;2015-04-01;2015-08-01;BAJA, por demanda
ALTA;M02A  ANTIRREUMATICOS TOPICOS;ANDROMACO;INDAFLEX;2005-04-01;INDAFLEX CREMA 2.5 % 40 G;INDOMETACINA;2015-04-01;2015-08-01;BAJA, por demanda
ALTA;M02A  ANTIRREUMATICOS TOPICOS;ANDROMACO;INDAFLEX;2005-04-01;INDAFLEX CREMA 2.5 % 40 G;INDOMETACINA;2016-04-01;2016-08-01;BAJA, por demanda
ALTA;M02A  ANTIRREUMATICOS TOPICOS;ANDROMACO;INDAFLEX;2005-04-01;INDAFLEX CREMA 2.5 % 40 G;INDOMETACINA;2016-08-01;2016-12-01;ALTA, por demanda
ALTA;M02A  ANTIRREUMATICOS TOPICOS;PROTEIN-APOTEX;DICLOFENACO GI PRO;2011-06-01;DICLOFENACO GI PRO GEL 60 G;DICLOFENACO;2015-08-01;2015-12-01;ALTA, por demanda
BAJA;M02A  ANTIRREUMATICOS TOPICOS;PROTEIN-APOTEX;DICLOFENACO GI PRO;2011-06-01;DICLOFENACO GI PRO GEL 60 G;DICLOFENACO;2016-08-01;2016-12-01;lanzamiento
BAJA;M02A  ANTIRREUMATICOS TOPICOS;PROTEIN-APOTEX;DICLOFENACO GI PRO;2011-06-01;DICLOFENACO GI PRO GEL 60 G;DICLOFENACO;2016-12-01;2017-04-01;BAJA, por demanda
BAJA;M02A  ANTIRREUMATICOS TOPICOS;PROTEIN-APOTEX;DICLOFENACO GI PRO;2011-06-01;DICLOFENACO GI PRO GEL 60 G;DICLOFENACO;2017-12-01;2018-04-01;BAJA, por demanda
ALTA;M02A  ANTIRREUMATICOS TOPICOS;UNIPHARM;DICLOFENAC G.I UNI;2011-10-01;DICLOFENAC G.I UNI GEL 60 G;DICLOFENACO;2014-12-01;2015-04-01;ALTA, por demanda
ALTA;M02A  ANTIRREUMATICOS TOPICOS;CORPORATIVO RAYERE;PIROXICAM G.I RAY;2005-11-01;PIROXICAM G.I RAY GEL 60 G;PIROXICAM;2014-08-01;2014-12-01;ALTA, por demanda
ALTA;M02A  ANTIRREUMATICOS TOPICOS;CORPORATIVO RAYERE;PIROXICAM G.I RAY;2005-11-01;PIROXICAM G.I RAY GEL 60 G;PIROXICAM;2015-08-01;2015-12-01;ALTA, por demanda
ALTA;M02A  ANTIRREUMATICOS TOPICOS;SANOFI CORP;PROFENID;1991-04-01;PROFENID GEL. 25 MG /1G 30 G;KETOPROFENO;2015-12-01;2016-04-01;BAJA, por demanda
BAJA;M02A  ANTIRREUMATICOS TOPICOS;GLAXO SMITHKLINE CORP.;VOLTAREN;2015-03-01;VOLTAREN EMUL.GEL 1 % 100G +25% GTIS C/ 2;DICLOFENACO;2015-04-01;2015-08-01;lanzamiento
BAJA;M02A  ANTIRREUMATICOS TOPICOS;SANOFI CORP;LONOL;2012-05-01;LONOL CREMA 5 % 60G+ GEL 30G+ CO MPRE;BENCIDAMINA;2014-04-01;2014-08-01;lanzamiento
ALTA;M02A  ANTIRREUMATICOS TOPICOS;COLLINS;DICLOFENACO G.I CO;2008-07-01;DICLOFENACO G.I CO GEL 60 G;DICLOFENACO;2014-08-01;2014-12-01;ALTA, por demanda
BAJA;M02A  ANTIRREUMATICOS TOPICOS;COLLINS;DICLOFENACO G.I CO;2008-07-01;DICLOFENACO G.I CO GEL 60 G;DICLOFENACO;2014-12-01;2015-04-01;lanzamiento
BAJA;M02A  ANTIRREUMATICOS TOPICOS;MEDA PHARMA S DE RL;BAYRO;2004-11-01;BAYRO GEL 40 G;ETOFENAMATO;2014-12-01;2015-04-01;lanzamiento
BAJA;M02A  ANTIRREUMATICOS TOPICOS;MAVI;BENCIDAMINA G.I MA;2010-03-01;BENCIDAMINA G.I MA CREMA 5 % 60 G;BENCIDAMINA;2014-08-01;2014-12-01;lanzamiento
ALTA;M02A  ANTIRREUMATICOS TOPICOS;MAVI;BENCIDAMINA G.I MA;2010-03-01;BENCIDAMINA G.I MA CREMA 5 % 60 G;BENCIDAMINA;2015-12-01;2016-04-01;BAJA, por demanda
BAJA;M02A  ANTIRREUMATICOS TOPICOS;MAVI;BENCIDAMINA G.I MA;2010-03-01;BENCIDAMINA G.I MA CREMA 5 % 60 G;BENCIDAMINA;2016-12-01;2017-04-01;BAJA, por demanda
ALTA;M02A  ANTIRREUMATICOS TOPICOS;GENOMA LAB INT;CLOR BENCIDAMI GIM;2009-08-01;CLOR BENCIDAMI GIM GEL 60GR;BENCIDAMINA;2014-08-01;2014-12-01;ALTA, por demanda
ALTA;M02A  ANTIRREUMATICOS TOPICOS;LE ROY;ROYDENTINA;1900-12-01;ROYDENTINA SOLN 5 ML;EUGENOL;2014-08-01;2014-12-01;ALTA, por demanda
ALTA;M02A  ANTIRREUMATICOS TOPICOS;LE ROY;ROYDENTINA;1900-12-01;ROYDENTINA SOLN 5 ML;EUGENOL;2015-08-01;2015-12-01;ALTA, por demanda
BAJA;M02A  ANTIRREUMATICOS TOPICOS;GLAXO SMITHKLINE CORP.;VOLTAREN;2010-06-01;VOLTAREN EMULGEL 1.16 % 50 G+40 % GTIS;DICLOFENACO;2015-04-01;2015-08-01;lanzamiento
ALTA;M02A  ANTIRREUMATICOS TOPICOS;GLAXO SMITHKLINE CORP.;VOLTAREN;2010-06-01;VOLTAREN EMULGEL 1.16 % 50 G+40 % GTIS;DICLOFENACO;2015-08-01;2015-12-01;ALTA, por demanda
ALTA;M02A  ANTIRREUMATICOS TOPICOS;GLAXO SMITHKLINE CORP.;VOLTAREN;2014-05-01;VOLTAREN EMULGEL 12H 50 G;DICLOFENACO;2014-04-01;2014-08-01;ALTA, por demanda
ALTA;M02A  ANTIRREUMATICOS TOPICOS;GLAXO SMITHKLINE CORP.;VOLTAREN;2014-05-01;VOLTAREN EMULGEL 12H 50 G;DICLOFENACO;2014-08-01;2014-12-01;ALTA, por demanda
ALTA;M02A  ANTIRREUMATICOS TOPICOS;GLAXO SMITHKLINE CORP.;VOLTAREN;2014-05-01;VOLTAREN EMULGEL 12H 50 G;DICLOFENACO;2017-08-01;2017-12-01;ALTA, por demanda
BAJA;M02A  ANTIRREUMATICOS TOPICOS;GLAXO SMITHKLINE CORP.;VOLTAREN;2014-05-01;VOLTAREN EMULGEL 12H 50 G;DICLOFENACO;2018-12-01;2019-04-01;BAJA, por demanda
ALTA;M02A  ANTIRREUMATICOS TOPICOS;SANOFI CORP;LONOL SPORT;1998-06-01;LONOL SPORT GEL TUBO 30 G;BENCIDAMINA + MENTOL + SALICILATO DE METILO;2014-04-01;2014-08-01;ALTA, por demanda
ALTA;M02A  ANTIRREUMATICOS TOPICOS;SANOFI CORP;LONOL SPORT;1998-06-01;LONOL SPORT GEL TUBO 30 G;BENCIDAMINA + MENTOL + SALICILATO DE METILO;2014-12-01;2015-04-01;ALTA, por demanda
BAJA;M02A  ANTIRREUMATICOS TOPICOS;SANOFI CORP;LONOL SPORT;1998-06-01;LONOL SPORT GEL TUBO 30 G;BENCIDAMINA + MENTOL + SALICILATO DE METILO;2015-04-01;2015-08-01;lanzamiento
BAJA;M02A  ANTIRREUMATICOS TOPICOS;SANOFI CORP;LONOL SPORT;1998-06-01;LONOL SPORT GEL TUBO 30 G;BENCIDAMINA + MENTOL + SALICILATO DE METILO;2017-04-01;2017-08-01;BAJA, por demanda
ALTA;M02A  ANTIRREUMATICOS TOPICOS;SANOFI CORP;LONOL SPORT;1998-06-01;LONOL SPORT GEL TUBO 30 G;BENCIDAMINA + MENTOL + SALICILATO DE METILO;2018-12-01;2019-04-01;BAJA, por demanda
BAJA;M02A  ANTIRREUMATICOS TOPICOS;SANOFI CORP;ICY HOT;2013-07-01;ICY HOT PARCHE 8X12 CM 5;MENTOL;2015-12-01;2016-04-01;lanzamiento
BAJA;M02A  ANTIRREUMATICOS TOPICOS;SANOFI CORP;ICY HOT;2013-07-01;ICY HOT PARCHE 8X12 CM 5;MENTOL;2016-12-01;2017-04-01;BAJA, por demanda
BAJA;M02A  ANTIRREUMATICOS TOPICOS;SANOFI CORP;ICY HOT;2013-07-01;ICY HOT PARCHE 8X12 CM 5;MENTOL;2017-04-01;2017-08-01;BAJA, por demanda
ALTA;M02A  ANTIRREUMATICOS TOPICOS;ARMSTRONG;DIOXAFLEX;2000-12-01;DIOXAFLEX PARCHE 180 MG 2;DICLOFENACO;2015-08-01;2015-12-01;ALTA, por demanda
ALTA;M02A  ANTIRREUMATICOS TOPICOS;ARMSTRONG;DIOXAFLEX;2000-12-01;DIOXAFLEX PARCHE 180 MG 2;DICLOFENACO;2016-08-01;2016-12-01;ALTA, por demanda
BAJA;M02A  ANTIRREUMATICOS TOPICOS;CORPORATIVO RAYERE;R-TYFLAM;2001-11-01;R-TYFLAM GEL 5 MG /1G 60 G;PIROXICAM;2014-08-01;2014-12-01;lanzamiento
BAJA;M02A  ANTIRREUMATICOS TOPICOS;CORPORATIVO RAYERE;R-TYFLAM;2001-11-01;R-TYFLAM GEL 5 MG /1G 60 G;PIROXICAM;2015-04-01;2015-08-01;lanzamiento
ALTA;M02A  ANTIRREUMATICOS TOPICOS;CORPORATIVO RAYERE;R-TYFLAM;2001-11-01;R-TYFLAM GEL 5 MG /1G 60 G;PIROXICAM;2015-08-01;2015-12-01;ALTA, por demanda
ALTA;M02A  ANTIRREUMATICOS TOPICOS;CORPORATIVO RAYERE;R-TYFLAM;2001-11-01;R-TYFLAM GEL 5 MG /1G 60 G;PIROXICAM;2016-08-01;2016-12-01;ALTA, por demanda
ALTA;M02A  ANTIRREUMATICOS TOPICOS;DIOLMEX;DIOLMEX;1978-12-01;DIOLMEX UNGT 220 G;ACIDO SALICILICO + ALCANFOR + MENTOL;2014-08-01;2014-12-01;ALTA, por demanda
BAJA;M02A  ANTIRREUMATICOS TOPICOS;DIOLMEX;DIOLMEX;1978-12-01;DIOLMEX UNGT 220 G;ACIDO SALICILICO + ALCANFOR + MENTOL;2018-08-01;2018-12-01;ALTA, por demanda
BAJA;M02A  ANTIRREUMATICOS TOPICOS;SOLFRAN;TOLAN;2006-07-01;TOLAN GEL POM 30 G;ACEITE DE EUCALIPTO + ALCANFOR + SALICILATO DE METILO;2017-08-01;2017-12-01;lanzamiento
BAJA;M02A  ANTIRREUMATICOS TOPICOS;SOLFRAN;TOLAN;2006-07-01;TOLAN GEL POM 30 G;ACEITE DE EUCALIPTO + ALCANFOR + SALICILATO DE METILO;2018-04-01;2018-08-01;lanzamiento
ALTA;M02A  ANTIRREUMATICOS TOPICOS;GLAXO SMITHKLINE CORP.;VOLTAREN;2018-10-01;VOLTAREN EMUL.GEL 1 % 150 G;DICLOFENACO;2018-08-01;2018-12-01;ALTA, por demanda
ALTA;M02A  ANTIRREUMATICOS TOPICOS;IFUSA;BALSAMO IFUSA;1900-12-01;BALSAMO IFUSA UNGT 50 G;ESENCIA DE PINO + MENTOL + SALICILATO DE METILO;2014-12-01;2015-04-01;ALTA, por demanda
BAJA;M02A  ANTIRREUMATICOS TOPICOS;IFUSA;BALSAMO IFUSA;1900-12-01;BALSAMO IFUSA UNGT 50 G;ESENCIA DE PINO + MENTOL + SALICILATO DE METILO;2015-04-01;2015-08-01;lanzamiento
ALTA;M02A  ANTIRREUMATICOS TOPICOS;IFUSA;BALSAMO IFUSA;1900-12-01;BALSAMO IFUSA UNGT 50 G;ESENCIA DE PINO + MENTOL + SALICILATO DE METILO;2016-12-01;2017-04-01;BAJA, por demanda
BAJA;M02A  ANTIRREUMATICOS TOPICOS;INDUSTRIAS SUANCA S.A. DE C.V;KT-SUANCA;2016-01-01;KT-SUANCA GEL 2 % 30 G;KETOROLACO;2016-08-01;2016-12-01;lanzamiento
ALTA;M02A  ANTIRREUMATICOS TOPICOS;INDUSTRIAS SUANCA S.A. DE C.V;KT-SUANCA;2016-01-01;KT-SUANCA GEL 2 % 30 G;KETOROLACO;2016-12-01;2017-04-01;BAJA, por demanda
ALTA;M02A  ANTIRREUMATICOS TOPICOS;INDUSTRIAS SUANCA S.A. DE C.V;KT-SUANCA;2016-01-01;KT-SUANCA GEL 2 % 30 G;KETOROLACO;2017-08-01;2017-12-01;ALTA, por demanda
BAJA;M02A  ANTIRREUMATICOS TOPICOS;SANOFI CORP;ICY HOT;2013-07-01;ICY HOT CHILL STICK 50 G;MENTOL;2016-12-01;2017-04-01;BAJA, por demanda
ALTA;M02A  ANTIRREUMATICOS TOPICOS;ALMIRALL, S.A. DE C.V.;BRISTAFLAM CREMA;1995-12-01;BRISTAFLAM CREMA CREMA TOP. 60 MG /1G 60 G;ACECLOFENACO;2015-08-01;2015-12-01;ALTA, por demanda
BAJA;M02A  ANTIRREUMATICOS TOPICOS;ALMIRALL, S.A. DE C.V.;BRISTAFLAM CREMA;1995-12-01;BRISTAFLAM CREMA CREMA TOP. 60 MG /1G 60 G;ACECLOFENACO;2018-04-01;2018-08-01;lanzamiento
ALTA;M02A  ANTIRREUMATICOS TOPICOS;GRISI CORP.;MENTHOLATUM;2011-03-01;MENTHOLATUM PARCHE MIGRA 6X2;MENTOL;2014-04-01;2014-08-01;ALTA, por demanda
ALTA;M02A  ANTIRREUMATICOS TOPICOS;GRISI CORP.;MENTHOLATUM;2011-03-01;MENTHOLATUM PARCHE MIGRA 6X2;MENTOL;2016-04-01;2016-08-01;BAJA, por demanda
BAJA;M02A  ANTIRREUMATICOS TOPICOS;GRISI CORP.;MENTHOLATUM;2011-03-01;MENTHOLATUM PARCHE MIGRA 6X2;MENTOL;2017-08-01;2017-12-01;lanzamiento
BAJA;M02A  ANTIRREUMATICOS TOPICOS;LAB CENTRAL SUREST;YODISAN;1900-12-01;YODISAN UNGT.TARRO 30 G;ACIDO SALICILICO + TREMENTINA + YODO;2014-12-01;2015-04-01;lanzamiento
ALTA;M02A  ANTIRREUMATICOS TOPICOS;QUIMICA SON S;DOLZYCAM;2004-09-01;DOLZYCAM GEL 60 G;PIROXICAM;2014-08-01;2014-12-01;ALTA, por demanda
BAJA;M02A  ANTIRREUMATICOS TOPICOS;ANDROMACO;HIPOSPORT;2013-05-01;HIPOSPORT GEL 1.16 G 60G+ 33%;DICLOFENACO;2015-12-01;2016-04-01;lanzamiento
BAJA;M02A  ANTIRREUMATICOS TOPICOS;REOMATULUM;REOMATOLUM;1986-01-01;REOMATOLUM POMADA 60 G;ALCANFOR + BULNESIA SARMIENTOI + SALICILATO DE METILO;2017-12-01;2018-04-01;BAJA, por demanda
ALTA;M02A  ANTIRREUMATICOS TOPICOS;REOMATULUM;REOMATOLUM;1986-01-01;REOMATOLUM POMADA 60 G;ALCANFOR + BULNESIA SARMIENTOI + SALICILATO DE METILO;2018-08-01;2018-12-01;ALTA, por demanda
BAJA;M02A  ANTIRREUMATICOS TOPICOS;GLAXO SMITHKLINE CORP.;VOLTAREN;2008-03-01;VOLTAREN EMULGEL DUO 1 % 100 G;DICLOFENACO;2014-04-01;2014-08-01;lanzamiento
BAJA;M02A  ANTIRREUMATICOS TOPICOS;GRISI CORP.;REUMOSTICK;2010-09-01;REUMOSTICK UNGT 60 G;ALCANFOR + MENTOL + SALICILATO DE METILO;2017-08-01;2017-12-01;lanzamiento
BAJA;M02A  ANTIRREUMATICOS TOPICOS;AG SELECTAS;CREMOSTAZA;1900-12-01;CREMOSTAZA UNGT 50 G;ACEITE DE MOSTAZA + ALCANFOR + MENTOL;2014-12-01;2015-04-01;lanzamiento
ALTA;M02A  ANTIRREUMATICOS TOPICOS;AG SELECTAS;CREMOSTAZA;1900-12-01;CREMOSTAZA UNGT 50 G;ACEITE DE MOSTAZA + ALCANFOR + MENTOL;2015-08-01;2015-12-01;ALTA, por demanda
BAJA;M02A  ANTIRREUMATICOS TOPICOS;AG SELECTAS;CREMOSTAZA;1900-12-01;CREMOSTAZA UNGT 50 G;ACEITE DE MOSTAZA + ALCANFOR + MENTOL;2015-12-01;2016-04-01;lanzamiento
BAJA;M02A  ANTIRREUMATICOS TOPICOS;AG SELECTAS;CREMOSTAZA;1900-12-01;CREMOSTAZA UNGT 50 G;ACEITE DE MOSTAZA + ALCANFOR + MENTOL;2017-12-01;2018-04-01;BAJA, por demanda
ALTA;M02A  ANTIRREUMATICOS TOPICOS;ALMIRALL, S.A. DE C.V.;CALMATEL;2010-08-01;CALMATEL AEROSOL 100 ML;PIKETOPROFENO;2014-08-01;2014-12-01;ALTA, por demanda
BAJA;M02A  ANTIRREUMATICOS TOPICOS;ALMIRALL, S.A. DE C.V.;CALMATEL;2010-08-01;CALMATEL AEROSOL 100 ML;PIKETOPROFENO;2015-04-01;2015-08-01;lanzamiento
BAJA;M02A  ANTIRREUMATICOS TOPICOS;ALMIRALL, S.A. DE C.V.;CALMATEL;2010-08-01;CALMATEL AEROSOL 100 ML;PIKETOPROFENO;2015-08-01;2015-12-01;ALTA, por demanda
BAJA;M02A  ANTIRREUMATICOS TOPICOS;ALMIRALL, S.A. DE C.V.;CALMATEL;2010-08-01;CALMATEL AEROSOL 100 ML;PIKETOPROFENO;2018-04-01;2018-08-01;lanzamiento
ALTA;M02A  ANTIRREUMATICOS TOPICOS;QUIFA PERRIGO;DICLOFENACO G.I QY;2011-08-01;DICLOFENACO G.I QY CRA 60 G;DICLOFENACO;2018-12-01;2019-04-01;BAJA, por demanda
BAJA;M02A  ANTIRREUMATICOS TOPICOS;GLAXO SMITHKLINE CORP.;VOLTAREN;2009-08-01;VOLTAREN EMUL.GEL 1 % 30G+ 33%;DICLOFENACO;2015-08-01;2015-12-01;ALTA, por demanda
BAJA;M02A  ANTIRREUMATICOS TOPICOS;GLAXO SMITHKLINE CORP.;VOLTAREN;2009-08-01;VOLTAREN EMUL.GEL 1 % 30G+ 33%;DICLOFENACO;2018-12-01;2019-04-01;BAJA, por demanda
BAJA;M02A  ANTIRREUMATICOS TOPICOS;MC LEAN;LINIMENTO VOLCANIC;1900-12-01;LINIMENTO VOLCANIC LIN. 120 G;ALCANFOR + ESENCIA DE PINO + TREMENTINA;2014-12-01;2015-04-01;lanzamiento
BAJA;M02A  ANTIRREUMATICOS TOPICOS;MC LEAN;LINIMENTO VOLCANIC;1900-12-01;LINIMENTO VOLCANIC LIN. 120 G;ALCANFOR + ESENCIA DE PINO + TREMENTINA;2018-12-01;2019-04-01;BAJA, por demanda
ALTA;M02A  ANTIRREUMATICOS TOPICOS;CARNOT;DOLAREN;1965-06-01;DOLAREN CREMA 45 G;DICLOFENACO;2014-04-01;2014-08-01;ALTA, por demanda
BAJA;M02A  ANTIRREUMATICOS TOPICOS;CARNOT;DOLAREN;1965-06-01;DOLAREN CREMA 45 G;DICLOFENACO;2015-08-01;2015-12-01;ALTA, por demanda
ALTA;M02A  ANTIRREUMATICOS TOPICOS;CARNOT;DOLAREN;1965-06-01;DOLAREN CREMA 45 G;DICLOFENACO;2017-08-01;2017-12-01;ALTA, por demanda
BAJA;M02A  ANTIRREUMATICOS TOPICOS;GLAXO SMITHKLINE CORP.;VOLTAREN;2009-04-01;VOLTAREN EMU GEL ARTR 1.16 % 100 G;DICLOFENACO;2015-04-01;2015-08-01;lanzamiento
ALTA;M02A  ANTIRREUMATICOS TOPICOS;DIOLMEX;DIOLMEX;1994-01-01;DIOLMEX UNGT MENTOL. 60 G;ACIDO SALICILICO + ALCANFOR + MENTOL;2017-08-01;2017-12-01;ALTA, por demanda
BAJA;M02A  ANTIRREUMATICOS TOPICOS;DIOLMEX;DIOLMEX;1994-01-01;DIOLMEX UNGT MENTOL. 60 G;ACIDO SALICILICO + ALCANFOR + MENTOL;2017-12-01;2018-04-01;BAJA, por demanda
BAJA;M02A  ANTIRREUMATICOS TOPICOS;DIOLMEX;DIOLMEX;1994-01-01;DIOLMEX UNGT MENTOL. 60 G;ACIDO SALICILICO + ALCANFOR + MENTOL;2018-12-01;2019-04-01;BAJA, por demanda
BAJA;M02A  ANTIRREUMATICOS TOPICOS;SENOSIAIN;FACICAM;2007-07-01;FACICAM GEL. 5 % +TOA 40 G;PIROXICAM;2017-04-01;2017-08-01;BAJA, por demanda
ALTA;M02A  ANTIRREUMATICOS TOPICOS;RANBAXY, S.A.;DICLOFENACO G.I IN;2012-05-01;DICLOFENACO G.I IN GEL 60 G;DICLOFENACO;2014-12-01;2015-04-01;ALTA, por demanda
BAJA;M02A  ANTIRREUMATICOS TOPICOS;GLAXO SMITHKLINE CORP.;VOLTAREN;2006-06-01;VOLTAREN PARCHE 24H 15 MG 5;DICLOFENACO;2015-04-01;2015-08-01;lanzamiento
ALTA;M02A  ANTIRREUMATICOS TOPICOS;GLAXO SMITHKLINE CORP.;VOLTAREN;2006-06-01;VOLTAREN PARCHE 24H 15 MG 5;DICLOFENACO;2017-08-01;2017-12-01;ALTA, por demanda
ALTA;M02A  ANTIRREUMATICOS TOPICOS;GLAXO SMITHKLINE CORP.;VOLTAREN;2006-06-01;VOLTAREN PARCHE 24H 15 MG 5;DICLOFENACO;2018-08-01;2018-12-01;ALTA, por demanda
BAJA;M02A  ANTIRREUMATICOS TOPICOS;GLAXO SMITHKLINE CORP.;VOLTAREN;2006-06-01;VOLTAREN PARCHE 24H 15 MG 5;DICLOFENACO;2018-12-01;2019-04-01;BAJA, por demanda
ALTA;M02A  ANTIRREUMATICOS TOPICOS;PFIZER CORPORATION;FELDENE;1990-08-01;FELDENE GEL. 5 % 60 G;PIROXICAM;2016-08-01;2016-12-01;ALTA, por demanda
BAJA;M02A  ANTIRREUMATICOS TOPICOS;PFIZER CORPORATION;FELDENE;1990-08-01;FELDENE GEL. 5 % 60 G;PIROXICAM;2018-04-01;2018-08-01;lanzamiento
ALTA;M02A  ANTIRREUMATICOS TOPICOS;PFIZER CORPORATION;FELDENE;1990-08-01;FELDENE GEL. 5 % 60 G;PIROXICAM;2018-08-01;2018-12-01;ALTA, por demanda
ALTA;M02A  ANTIRREUMATICOS TOPICOS;LIFERPAL;REUTRICAM;2003-03-01;REUTRICAM CRA 30 G;PIROXICAM;2014-04-01;2014-08-01;ALTA, por demanda
ALTA;M02A  ANTIRREUMATICOS TOPICOS;LIFERPAL;REUTRICAM;2003-03-01;REUTRICAM CRA 30 G;PIROXICAM;2014-08-01;2014-12-01;ALTA, por demanda
BAJA;M02A  ANTIRREUMATICOS TOPICOS;UNIPHARM;FLAMYGEL;2007-05-01;FLAMYGEL GEL TBO 60 G;DICLOFENACO;2014-04-01;2014-08-01;lanzamiento
BAJA;M02A  ANTIRREUMATICOS TOPICOS;UNIPHARM;FLAMYGEL;2007-05-01;FLAMYGEL GEL TBO 60 G;DICLOFENACO;2016-12-01;2017-04-01;BAJA, por demanda
BAJA;M02A  ANTIRREUMATICOS TOPICOS;SANOFI CORP;LONOL SPORT;2007-04-01;LONOL SPORT GEL TUBO 2 30 G;BENCIDAMINA + MENTOL + SALICILATO DE METILO;2014-08-01;2014-12-01;lanzamiento
ALTA;M02A  ANTIRREUMATICOS TOPICOS;DIOLMEX;DIOLMEX;1994-01-01;DIOLMEX UNGT MENTOL. 120 G;ACIDO SALICILICO + ALCANFOR + MENTOL;2014-08-01;2014-12-01;ALTA, por demanda
ALTA;M02A  ANTIRREUMATICOS TOPICOS;DIOLMEX;DIOLMEX;1994-01-01;DIOLMEX UNGT MENTOL. 120 G;ACIDO SALICILICO + ALCANFOR + MENTOL;2016-08-01;2016-12-01;ALTA, por demanda
ALTA;M02A  ANTIRREUMATICOS TOPICOS;DIOLMEX;DIOLMEX;1994-01-01;DIOLMEX UNGT MENTOL. 120 G;ACIDO SALICILICO + ALCANFOR + MENTOL;2017-08-01;2017-12-01;ALTA, por demanda
BAJA;M02A  ANTIRREUMATICOS TOPICOS;DIOLMEX;DIOLMEX;1994-01-01;DIOLMEX UNGT MENTOL. 120 G;ACIDO SALICILICO + ALCANFOR + MENTOL;2017-12-01;2018-04-01;BAJA, por demanda
BAJA;M02A  ANTIRREUMATICOS TOPICOS;DIOLMEX;DIOLMEX;1994-01-01;DIOLMEX UNGT MENTOL. 120 G;ACIDO SALICILICO + ALCANFOR + MENTOL;2018-04-01;2018-08-01;lanzamiento
ALTA;M02A  ANTIRREUMATICOS TOPICOS;GENOMA LAB INT;ULTRA BENGUE;2002-06-01;ULTRA BENGUE GEL 35 G;LIDOCAINA + NAPROXENO + SALICILATO DE METILO;2017-04-01;2017-08-01;BAJA, por demanda
ALTA;M02A  ANTIRREUMATICOS TOPICOS;GENOMA LAB INT;ULTRA BENGUE;2002-06-01;ULTRA BENGUE GEL 35 G;LIDOCAINA + NAPROXENO + SALICILATO DE METILO;2017-08-01;2017-12-01;ALTA, por demanda
BAJA;M02A  ANTIRREUMATICOS TOPICOS;GENOMA LAB INT;ULTRA BENGUE;2002-06-01;ULTRA BENGUE GEL 35 G;LIDOCAINA + NAPROXENO + SALICILATO DE METILO;2018-08-01;2018-12-01;ALTA, por demanda
BAJA;M02A  ANTIRREUMATICOS TOPICOS;GLAXO SMITHKLINE CORP.;VOLTAREN;2017-12-01;VOLTAREN EMU GEL ARTR 1.16 % 30 G;DICLOFENACO;2018-08-01;2018-12-01;ALTA, por demanda
ALTA;M02A  ANTIRREUMATICOS TOPICOS;TEVA CORPORACION;POMADA DEL TIGRE;1993-01-01;POMADA DEL TIGRE UNGT ROJO 19 G;ALCANFOR + MENTOL;2017-04-01;2017-08-01;BAJA, por demanda
ALTA;M02A  ANTIRREUMATICOS TOPICOS;TEVA CORPORACION;POMADA DEL TIGRE;1993-01-01;POMADA DEL TIGRE UNGT ROJO 19 G;ALCANFOR + MENTOL;2017-12-01;2018-04-01;BAJA, por demanda
ALTA;M02A  ANTIRREUMATICOS TOPICOS;TEVA CORPORACION;POMADA DEL TIGRE;1993-01-01;POMADA DEL TIGRE UNGT ROJO 19 G;ALCANFOR + MENTOL;2018-04-01;2018-08-01;BAJA, por demanda
BAJA;M02A  ANTIRREUMATICOS TOPICOS;MERCK;ARTRENAC;1996-08-01;ARTRENAC GEL. 1 % 60 G;DICLOFENACO;2014-04-01;2014-08-01;lanzamiento
ALTA;M02A  ANTIRREUMATICOS TOPICOS;MERCK;ARTRENAC;1996-08-01;ARTRENAC GEL. 1 % 60 G;DICLOFENACO;2015-08-01;2015-12-01;ALTA, por demanda
BAJA;M02A  ANTIRREUMATICOS TOPICOS;MERCK;ARTRENAC;1996-08-01;ARTRENAC GEL. 1 % 60 G;DICLOFENACO;2016-12-01;2017-04-01;BAJA, por demanda
ALTA;M02A  ANTIRREUMATICOS TOPICOS;GLAXO SMITHKLINE CORP.;VOLTAREN;2012-01-01;VOLTAREN PARCHE 24H 30 MG 5;DICLOFENACO;2016-04-01;2016-08-01;BAJA, por demanda
ALTA;M02A  ANTIRREUMATICOS TOPICOS;GLAXO SMITHKLINE CORP.;VOLTAREN;2012-01-01;VOLTAREN PARCHE 24H 30 MG 5;DICLOFENACO;2017-08-01;2017-12-01;ALTA, por demanda
ALTA;M02A  ANTIRREUMATICOS TOPICOS;GLAXO SMITHKLINE CORP.;VOLTAREN;2012-01-01;VOLTAREN PARCHE 24H 30 MG 5;DICLOFENACO;2018-08-01;2018-12-01;ALTA, por demanda
ALTA;M02A  ANTIRREUMATICOS TOPICOS;MAVER;LUMBOXEN;2015-02-01;LUMBOXEN GEL 35 G;LIDOCAINA + NAPROXENO;2015-04-01;2015-08-01;BAJA, por demanda
ALTA;M02A  ANTIRREUMATICOS TOPICOS;MAVER;LUMBOXEN;2015-02-01;LUMBOXEN GEL 35 G;LIDOCAINA + NAPROXENO;2015-08-01;2015-12-01;ALTA, por demanda
ALTA;M02A  ANTIRREUMATICOS TOPICOS;MAVER;LUMBOXEN;2015-02-01;LUMBOXEN GEL 35 G;LIDOCAINA + NAPROXENO;2016-08-01;2016-12-01;ALTA, por demanda
BAJA;M02A  ANTIRREUMATICOS TOPICOS;MC LEAN;LINIMENTO VOLCANIC;1900-12-01;LINIMENTO VOLCANIC LIN.;ALCANFOR + ESENCIA DE PINO + TREMENTINA;2016-04-01;2016-08-01;lanzamiento
BAJA;M02A  ANTIRREUMATICOS TOPICOS;MC LEAN;LINIMENTO VOLCANIC;1900-12-01;LINIMENTO VOLCANIC LIN.;ALCANFOR + ESENCIA DE PINO + TREMENTINA;2017-12-01;2018-04-01;BAJA, por demanda
ALTA;M02A  ANTIRREUMATICOS TOPICOS;LABORATORIO MARCEL;RUMOQUIN-NF;2008-05-01;RUMOQUIN-NF GEL 60 G;DEXAMETASONA + DICLOFENACO + METOCARBAMOL;2016-12-01;2017-04-01;BAJA, por demanda
BAJA;M02A  ANTIRREUMATICOS TOPICOS;CORPORATIVO RAYERE;ARTYFLAM;2001-07-01;ARTYFLAM GEL 0.5 % 60 G;PIROXICAM;2015-08-01;2015-12-01;ALTA, por demanda
ALTA;M02A  ANTIRREUMATICOS TOPICOS;GRUPO FARMACEUTICO SOMAR;BENCIDAMINA G.I SE;2013-03-01;BENCIDAMINA G.I SE CRA TOP 5 G 60 G;BENCIDAMINA;2015-04-01;2015-08-01;BAJA, por demanda
ALTA;M02A  ANTIRREUMATICOS TOPICOS;GLAXO SMITHKLINE CORP.;VOLTAREN;2010-07-01;VOLTAREN EMUL.GEL 1 % 50 G;DICLOFENACO;2016-08-01;2016-12-01;ALTA, por demanda
BAJA;M02A  ANTIRREUMATICOS TOPICOS;EUROMEX,LABS.;FENAGEL;2003-09-01;FENAGEL GEL TBO 60 G;DICLOFENACO;2014-12-01;2015-04-01;lanzamiento
BAJA;M02A  ANTIRREUMATICOS TOPICOS;EUROMEX,LABS.;FENAGEL;2003-09-01;FENAGEL GEL TBO 60 G;DICLOFENACO;2016-04-01;2016-08-01;lanzamiento
ALTA;M02A  ANTIRREUMATICOS TOPICOS;EUROMEX,LABS.;FENAGEL;2003-09-01;FENAGEL GEL TBO 60 G;DICLOFENACO;2017-12-01;2018-04-01;BAJA, por demanda
ALTA;M02A  ANTIRREUMATICOS TOPICOS;EUROMEX,LABS.;FENAGEL;2003-09-01;FENAGEL GEL TBO 60 G;DICLOFENACO;2018-04-01;2018-08-01;BAJA, por demanda
ALTA;M02A  ANTIRREUMATICOS TOPICOS;GLAXO SMITHKLINE CORP.;VOLTAREN;2018-06-01;VOLTAREN EMUL.GEL 50G+ VOLTA DOLO 25 MG10;DICLOFENACO;2018-04-01;2018-08-01;BAJA, por demanda
BAJA;M02A  ANTIRREUMATICOS TOPICOS;GLAXO SMITHKLINE CORP.;VOLTAREN;2018-06-01;VOLTAREN EMUL.GEL 50G+ VOLTA DOLO 25 MG10;DICLOFENACO;2018-08-01;2018-12-01;ALTA, por demanda
ALTA;M02A  ANTIRREUMATICOS TOPICOS;MENARINI PHARMA;FASTUFREM;2013-01-01;FASTUFREM GEL 2.5 G 50 G;KETOPROFENO;2014-04-01;2014-08-01;ALTA, por demanda
ALTA;M02A  ANTIRREUMATICOS TOPICOS;MENARINI PHARMA;FASTUFREM;2013-01-01;FASTUFREM GEL 2.5 G 50 G;KETOPROFENO;2016-08-01;2016-12-01;ALTA, por demanda
ALTA;M02A  ANTIRREUMATICOS TOPICOS;GLAXO SMITHKLINE CORP.;IODEX CRISTAL;1992-09-01;IODEX CRISTAL UNGT 60 G;ACEITE DE EUCALIPTO + MENTOL + SALICILATO DE METILO;2016-08-01;2016-12-01;ALTA, por demanda
ALTA;M02A  ANTIRREUMATICOS TOPICOS;SANOFI CORP;ICY HOT;2013-06-01;ICY HOT UNGT 50 G;MENTOL + SALICILATO DE METILO;2015-08-01;2015-12-01;ALTA, por demanda
BAJA;M02A  ANTIRREUMATICOS TOPICOS;SANOFI CORP;ICY HOT;2013-06-01;ICY HOT UNGT 50 G;MENTOL + SALICILATO DE METILO;2016-08-01;2016-12-01;lanzamiento
ALTA;M02A  ANTIRREUMATICOS TOPICOS;BAYER CORP.;FLANAX;2006-10-01;FLANAX GEL 5.5 % 40 G;NAPROXENO;2017-04-01;2017-08-01;BAJA, por demanda
ALTA;M02A  ANTIRREUMATICOS TOPICOS;BAYER CORP.;FLANAX;2006-10-01;FLANAX GEL 5.5 % 40 G;NAPROXENO;2018-04-01;2018-08-01;BAJA, por demanda
BAJA;M02A  ANTIRREUMATICOS TOPICOS;BAYER CORP.;FLANAX;2006-10-01;FLANAX GEL 5.5 % 40 G;NAPROXENO;2018-12-01;2019-04-01;BAJA, por demanda
ALTA;M02A  ANTIRREUMATICOS TOPICOS;MEDIX CORP.;RELAXNOVA;1994-09-01;RELAXNOVA CREMA 1.14 MG /1ML 100 ML;ACIDO FOLICO;2016-12-01;2017-04-01;BAJA, por demanda
BAJA;M02A  ANTIRREUMATICOS TOPICOS;MEDIX CORP.;RELAXNOVA;1994-09-01;RELAXNOVA CREMA 1.14 MG /1ML 100 ML;ACIDO FOLICO;2017-08-01;2017-12-01;lanzamiento
ALTA;M02A  ANTIRREUMATICOS TOPICOS;MEDIX CORP.;RELAXNOVA;1994-09-01;RELAXNOVA CREMA 1.14 MG /1ML 100 ML;ACIDO FOLICO;2017-12-01;2018-04-01;BAJA, por demanda
ALTA;M02A  ANTIRREUMATICOS TOPICOS;MEDIX CORP.;RELAXNOVA;1994-09-01;RELAXNOVA CREMA 1.14 MG /1ML 100 ML;ACIDO FOLICO;2018-04-01;2018-08-01;BAJA, por demanda
ALTA;M02A  ANTIRREUMATICOS TOPICOS;MEDIX CORP.;RELAXNOVA;1994-09-01;RELAXNOVA CREMA 1.14 MG /1ML 100 ML;ACIDO FOLICO;2018-08-01;2018-12-01;ALTA, por demanda
ALTA;M02A  ANTIRREUMATICOS TOPICOS;COLLINS;VOLFENAC;2019-02-01;VOLFENAC GEL 2.32 % 100 GR;DICLOFENACO;2018-12-01;2019-04-01;BAJA, por demanda
ALTA;M02A  ANTIRREUMATICOS TOPICOS;SANOFI CORP;ICY HOT;2015-07-01;ICY HOT SPRAY 118 ML;MENTOL + SALICILATO DE METILO;2015-12-01;2016-04-01;BAJA, por demanda
ALTA;M02A  ANTIRREUMATICOS TOPICOS;QUIMICA SON S;MYCINADOL;2009-10-01;MYCINADOL CREMA 60 G;ACECLOFENACO;2014-08-01;2014-12-01;ALTA, por demanda
ALTA;M02A  ANTIRREUMATICOS TOPICOS;QUIMICA SON S;MYCINADOL;2009-10-01;MYCINADOL CREMA 60 G;ACECLOFENACO;2016-08-01;2016-12-01;ALTA, por demanda
ALTA;M02A  ANTIRREUMATICOS TOPICOS;QUIMICA SON S;MYCINADOL;2009-10-01;MYCINADOL CREMA 60 G;ACECLOFENACO;2017-04-01;2017-08-01;BAJA, por demanda
BAJA;M02A  ANTIRREUMATICOS TOPICOS;QUIMICA SON S;MYCINADOL;2009-10-01;MYCINADOL CREMA 60 G;ACECLOFENACO;2018-08-01;2018-12-01;ALTA, por demanda
BAJA;M02A  ANTIRREUMATICOS TOPICOS;SANOFI CORP;ICY HOT;1993-03-01;ICY HOT CREMA 35 G;MENTOL + SALICILATO DE METILO;2014-08-01;2014-12-01;lanzamiento
ALTA;M02A  ANTIRREUMATICOS TOPICOS;SANOFI CORP;ICY HOT;1993-03-01;ICY HOT CREMA 35 G;MENTOL + SALICILATO DE METILO;2015-08-01;2015-12-01;ALTA, por demanda
ALTA;M02A  ANTIRREUMATICOS TOPICOS;SANOFI CORP;ICY HOT;1993-03-01;ICY HOT CREMA 35 G;MENTOL + SALICILATO DE METILO;2016-04-01;2016-08-01;BAJA, por demanda
BAJA;M02A  ANTIRREUMATICOS TOPICOS;SANOFI CORP;ICY HOT;1993-03-01;ICY HOT CREMA 35 G;MENTOL + SALICILATO DE METILO;2016-08-01;2016-12-01;lanzamiento
BAJA;M02A  ANTIRREUMATICOS TOPICOS;SANOFI CORP;ICY HOT;1993-03-01;ICY HOT CREMA 35 G;MENTOL + SALICILATO DE METILO;2016-12-01;2017-04-01;BAJA, por demanda
ALTA;M02A  ANTIRREUMATICOS TOPICOS;DIOLMEX;DIOLMEX;1978-12-01;DIOLMEX UNGT 120 G;ACIDO SALICILICO + ALCANFOR + MENTOL;2015-04-01;2015-08-01;BAJA, por demanda
ALTA;M02A  ANTIRREUMATICOS TOPICOS;DIOLMEX;DIOLMEX;1978-12-01;DIOLMEX UNGT 120 G;ACIDO SALICILICO + ALCANFOR + MENTOL;2015-08-01;2015-12-01;ALTA, por demanda
ALTA;M02A  ANTIRREUMATICOS TOPICOS;DIOLMEX;DIOLMEX;1978-12-01;DIOLMEX UNGT 120 G;ACIDO SALICILICO + ALCANFOR + MENTOL;2016-08-01;2016-12-01;ALTA, por demanda
BAJA;M02A  ANTIRREUMATICOS TOPICOS;DIOLMEX;DIOLMEX;1978-12-01;DIOLMEX UNGT 120 G;ACIDO SALICILICO + ALCANFOR + MENTOL;2017-12-01;2018-04-01;BAJA, por demanda
ALTA;M02A  ANTIRREUMATICOS TOPICOS;DIOLMEX;DIOLMEX;1978-12-01;DIOLMEX UNGT 120 G;ACIDO SALICILICO + ALCANFOR + MENTOL;2018-08-01;2018-12-01;ALTA, por demanda
BAJA;M02A  ANTIRREUMATICOS TOPICOS;ARLEX;DICLOFENACO G.I AR;2009-12-01;DICLOFENACO G.I AR CREMA 30 G;DICLOFENACO;2018-04-01;2018-08-01;lanzamiento
BAJA;M02A  ANTIRREUMATICOS TOPICOS;ANDROMACO;HIPOSPORT;2005-11-01;HIPOSPORTT GEL TB 1.16 G 60 G;DICLOFENACO;2014-08-01;2014-12-01;lanzamiento
BAJA;M02A  ANTIRREUMATICOS TOPICOS;ANDROMACO;HIPOSPORT;2005-11-01;HIPOSPORTT GEL TB 1.16 G 60 G;DICLOFENACO;2014-12-01;2015-04-01;lanzamiento
ALTA;M02A  ANTIRREUMATICOS TOPICOS;CORPORATIVO RAYERE;FLAMIDE;2005-11-01;FLAMIDE GEL 2 % 40 G;NIMESULIDA;2014-08-01;2014-12-01;ALTA, por demanda
ALTA;M02A  ANTIRREUMATICOS TOPICOS;CORPORATIVO RAYERE;FLAMIDE;2005-11-01;FLAMIDE GEL 2 % 40 G;NIMESULIDA;2014-12-01;2015-04-01;ALTA, por demanda
BAJA;M02A  ANTIRREUMATICOS TOPICOS;CORPORATIVO RAYERE;FLAMIDE;2005-11-01;FLAMIDE GEL 2 % 40 G;NIMESULIDA;2015-04-01;2015-08-01;lanzamiento
ALTA;M02A  ANTIRREUMATICOS TOPICOS;CORPORATIVO RAYERE;FLAMIDE;2005-11-01;FLAMIDE GEL 2 % 40 G;NIMESULIDA;2015-08-01;2015-12-01;ALTA, por demanda
ALTA;M02A  ANTIRREUMATICOS TOPICOS;CORPORATIVO RAYERE;FLAMIDE;2005-11-01;FLAMIDE GEL 2 % 40 G;NIMESULIDA;2016-08-01;2016-12-01;ALTA, por demanda
BAJA;M02A  ANTIRREUMATICOS TOPICOS;CORPORATIVO RAYERE;FLAMIDE;2005-11-01;FLAMIDE GEL 2 % 40 G;NIMESULIDA;2018-04-01;2018-08-01;lanzamiento
ALTA;M02A  ANTIRREUMATICOS TOPICOS;CORPORATIVO RAYERE;DOLFLAM;2003-01-01;DOLFLAM GEL 60 G;DICLOFENACO;2014-12-01;2015-04-01;ALTA, por demanda
ALTA;M02A  ANTIRREUMATICOS TOPICOS;GLAXO SMITHKLINE CORP.;VOLTAREN;2014-03-01;VOLTAREN EMULGEL 12H 100 G;DICLOFENACO;2014-08-01;2014-12-01;ALTA, por demanda
ALTA;M02A  ANTIRREUMATICOS TOPICOS;GLAXO SMITHKLINE CORP.;VOLTAREN;2014-03-01;VOLTAREN EMULGEL 12H 100 G;DICLOFENACO;2014-12-01;2015-04-01;ALTA, por demanda
BAJA;M02A  ANTIRREUMATICOS TOPICOS;GLAXO SMITHKLINE CORP.;VOLTAREN;2014-03-01;VOLTAREN EMULGEL 12H 100 G;DICLOFENACO;2015-04-01;2015-08-01;lanzamiento
ALTA;M02A  ANTIRREUMATICOS TOPICOS;GLAXO SMITHKLINE CORP.;VOLTAREN;2014-03-01;VOLTAREN EMULGEL 12H 100 G;DICLOFENACO;2015-08-01;2015-12-01;ALTA, por demanda
ALTA;M02A  ANTIRREUMATICOS TOPICOS;GLAXO SMITHKLINE CORP.;VOLTAREN;2014-03-01;VOLTAREN EMULGEL 12H 100 G;DICLOFENACO;2016-08-01;2016-12-01;ALTA, por demanda
ALTA;M02A  ANTIRREUMATICOS TOPICOS;GLAXO SMITHKLINE CORP.;VOLTAREN;2014-03-01;VOLTAREN EMULGEL 12H 100 G;DICLOFENACO;2017-08-01;2017-12-01;ALTA, por demanda
ALTA;M02A  ANTIRREUMATICOS TOPICOS;GLAXO SMITHKLINE CORP.;VOLTAREN;2014-03-01;VOLTAREN EMULGEL 12H 100 G;DICLOFENACO;2018-08-01;2018-12-01;ALTA, por demanda
BAJA;M02A  ANTIRREUMATICOS TOPICOS;REOMATULUM;REOMATOLUM;1986-01-01;REOMATOLUM POMADA 25 G;ALCANFOR + BULNESIA SARMIENTOI + SALICILATO DE METILO;2014-04-01;2014-08-01;lanzamiento
BAJA;M02A  ANTIRREUMATICOS TOPICOS;REOMATULUM;REOMATOLUM;1986-01-01;REOMATOLUM POMADA 25 G;ALCANFOR + BULNESIA SARMIENTOI + SALICILATO DE METILO;2014-12-01;2015-04-01;lanzamiento
BAJA;M02A  ANTIRREUMATICOS TOPICOS;REOMATULUM;REOMATOLUM;1986-01-01;REOMATOLUM POMADA 25 G;ALCANFOR + BULNESIA SARMIENTOI + SALICILATO DE METILO;2016-08-01;2016-12-01;lanzamiento
BAJA;M02A  ANTIRREUMATICOS TOPICOS;REOMATULUM;REOMATOLUM;1986-01-01;REOMATOLUM POMADA 25 G;ALCANFOR + BULNESIA SARMIENTOI + SALICILATO DE METILO;2016-12-01;2017-04-01;BAJA, por demanda
ALTA;M02A  ANTIRREUMATICOS TOPICOS;REOMATULUM;REOMATOLUM;1986-01-01;REOMATOLUM POMADA 25 G;ALCANFOR + BULNESIA SARMIENTOI + SALICILATO DE METILO;2017-04-01;2017-08-01;BAJA, por demanda
BAJA;M02A  ANTIRREUMATICOS TOPICOS;BAUSCH HEALTH;VANTAL;1988-09-01;VANTAL GEL.  TOP. 5 % 60 G;BENCIDAMINA;2016-04-01;2016-08-01;lanzamiento
ALTA;M02A  ANTIRREUMATICOS TOPICOS;NORDIN,SA-QUIMICA FRANCO MEXI.;BALSAMO NORDIN;1998-07-01;BALSAMO NORDIN UNGT.TARRO 60 G;ALCANFOR + MENTOL + SALICILATO DE METILO;2014-08-01;2014-12-01;ALTA, por demanda
BAJA;M02A  ANTIRREUMATICOS TOPICOS;NORDIN,SA-QUIMICA FRANCO MEXI.;BALSAMO NORDIN;1998-07-01;BALSAMO NORDIN UNGT.TARRO 60 G;ALCANFOR + MENTOL + SALICILATO DE METILO;2015-12-01;2016-04-01;lanzamiento
BAJA;M02A  ANTIRREUMATICOS TOPICOS;NORDIN,SA-QUIMICA FRANCO MEXI.;BALSAMO NORDIN;1998-07-01;BALSAMO NORDIN UNGT.TARRO 60 G;ALCANFOR + MENTOL + SALICILATO DE METILO;2016-04-01;2016-08-01;lanzamiento
BAJA;M02A  ANTIRREUMATICOS TOPICOS;NORDIN,SA-QUIMICA FRANCO MEXI.;BALSAMO NORDIN;1998-07-01;BALSAMO NORDIN UNGT.TARRO 60 G;ALCANFOR + MENTOL + SALICILATO DE METILO;2016-12-01;2017-04-01;BAJA, por demanda
ALTA;M02A  ANTIRREUMATICOS TOPICOS;NORDIN,SA-QUIMICA FRANCO MEXI.;BALSAMO NORDIN;1998-07-01;BALSAMO NORDIN UNGT.TARRO 60 G;ALCANFOR + MENTOL + SALICILATO DE METILO;2017-08-01;2017-12-01;ALTA, por demanda
ALTA;M02A  ANTIRREUMATICOS TOPICOS;NORDIN,SA-QUIMICA FRANCO MEXI.;BALSAMO NORDIN;1998-07-01;BALSAMO NORDIN UNGT.TARRO 60 G;ALCANFOR + MENTOL + SALICILATO DE METILO;2018-08-01;2018-12-01;ALTA, por demanda
BAJA;M02A  ANTIRREUMATICOS TOPICOS;MEDA PHARMA S DE RL;BAYRO;1998-01-01;BAYRO CREMA .10 % 40 G;ETOFENAMATO;2014-08-01;2014-12-01;lanzamiento
BAJA;M02A  ANTIRREUMATICOS TOPICOS;MEDA PHARMA S DE RL;BAYRO;1998-01-01;BAYRO CREMA .10 % 40 G;ETOFENAMATO;2015-04-01;2015-08-01;lanzamiento
BAJA;M02A  ANTIRREUMATICOS TOPICOS;ARMSTRONG;MYOFLEX;1965-08-01;MYOFLEX UNGT 30 G;TROLAMINA;2016-08-01;2016-12-01;lanzamiento
ALTA;M02A  ANTIRREUMATICOS TOPICOS;ARMSTRONG;MYOFLEX;1965-08-01;MYOFLEX UNGT 30 G;TROLAMINA;2018-04-01;2018-08-01;BAJA, por demanda
ALTA;M02A  ANTIRREUMATICOS TOPICOS;SANOFI CORP;ICY HOT;2013-08-01;ICY HOT CREMA 35.4 GR;MENTOL + SALICILATO DE METILO;2018-08-01;2018-12-01;ALTA, por demanda
ALTA;M02A  ANTIRREUMATICOS TOPICOS;EUROMEX,LABS.;ARTROBEN;2007-04-01;ARTROBEN CRA 5 % 60 G;BENCIDAMINA;2016-08-01;2016-12-01;ALTA, por demanda
BAJA;M02A  ANTIRREUMATICOS TOPICOS;FARMACEUTICA HISPANOAMERICANA;CIFHIR;2007-03-01;CIFHIR GEL 5 G 60 G;BENCIDAMINA;2016-04-01;2016-08-01;lanzamiento
BAJA;M02A  ANTIRREUMATICOS TOPICOS;MAVER;MAFENA;2004-01-01;MAFENA GEL 60 G;DICLOFENACO;2014-04-01;2014-08-01;lanzamiento
ALTA;M02A  ANTIRREUMATICOS TOPICOS;MAVER;MAFENA;2004-01-01;MAFENA GEL 60 G;DICLOFENACO;2015-08-01;2015-12-01;ALTA, por demanda
ALTA;M02A  ANTIRREUMATICOS TOPICOS;MAVER;MAFENA;2004-01-01;MAFENA GEL 60 G;DICLOFENACO;2016-08-01;2016-12-01;ALTA, por demanda
BAJA;M02A  ANTIRREUMATICOS TOPICOS;ANDROMACO;HIPOSPORT;2006-06-01;HIPOSPORTT GEL TB 1+1 60 G;DICLOFENACO;2014-04-01;2014-08-01;lanzamiento
ALTA;M02A  ANTIRREUMATICOS TOPICOS;SANOFI CORP;ICY HOT;2005-10-01;ICY HOT CRA N/GSO 85 G;MENTOL + SALICILATO DE METILO;2015-08-01;2015-12-01;ALTA, por demanda
ALTA;M02A  ANTIRREUMATICOS TOPICOS;SANOFI CORP;ICY HOT;2005-10-01;ICY HOT CRA N/GSO 85 G;MENTOL + SALICILATO DE METILO;2018-08-01;2018-12-01;ALTA, por demanda
ALTA;M02A  ANTIRREUMATICOS TOPICOS;COLLINS;VOLFENAC;1997-09-01;VOLFENAC GEL TUBO 1.16 % 60 G;DICLOFENACO;2014-08-01;2014-12-01;ALTA, por demanda
ALTA;M02A  ANTIRREUMATICOS TOPICOS;COLLINS;VOLFENAC;1997-09-01;VOLFENAC GEL TUBO 1.16 % 60 G;DICLOFENACO;2017-08-01;2017-12-01;ALTA, por demanda
BAJA;M02A  ANTIRREUMATICOS TOPICOS;GLAXO SMITHKLINE CORP.;VOLTAREN;2007-04-01;VOLTAREN EMUL.GEL 1 % 100 G;DICLOFENACO;2018-12-01;2019-04-01;BAJA, por demanda
ALTA;M02A  ANTIRREUMATICOS TOPICOS;GLAXO SMITHKLINE CORP.;VOLTAREN;2013-02-01;VOLTAREN EMUL.GEL 1 % 100G + EMUL GE 50G;DICLOFENACO;2014-04-01;2014-08-01;ALTA, por demanda
BAJA;M02A  ANTIRREUMATICOS TOPICOS;OFFENBACH;DOLTARAC;2006-04-01;DOLTARAC GEL TBO 60 G;DICLOFENACO;2015-12-01;2016-04-01;lanzamiento
ALTA;M02A  ANTIRREUMATICOS TOPICOS;SANOFI CORP;ICY HOT;2014-02-01;ICY HOT MANGA SLEEVE GDE 3;MENTOL;2014-04-01;2014-08-01;ALTA, por demanda
ALTA;M02A  ANTIRREUMATICOS TOPICOS;SANOFI CORP;ICY HOT;2014-02-01;ICY HOT MANGA SLEEVE GDE 3;MENTOL;2016-12-01;2017-04-01;BAJA, por demanda
BAJA;M02A  ANTIRREUMATICOS TOPICOS;SANOFI CORP;ICY HOT;2014-02-01;ICY HOT MANGA SLEEVE GDE 3;MENTOL;2017-04-01;2017-08-01;BAJA, por demanda
ALTA;M02A  ANTIRREUMATICOS TOPICOS;SANOFI CORP;LONOL;2007-04-01;LONOL CREMA 5 % 2 60 G;BENCIDAMINA;2016-12-01;2017-04-01;BAJA, por demanda
BAJA;M02A  ANTIRREUMATICOS TOPICOS;NOVARTIS CORP.;CATAFLAM;1997-05-01;CATAFLAM EMULGEL 1 % 60 G;DICLOFENACO;2016-04-01;2016-08-01;lanzamiento
BAJA;M02A  ANTIRREUMATICOS TOPICOS;NOVARTIS CORP.;CATAFLAM;1997-05-01;CATAFLAM EMULGEL 1 % 60 G;DICLOFENACO;2017-08-01;2017-12-01;lanzamiento
ALTA;M02A  ANTIRREUMATICOS TOPICOS;NOVARTIS CORP.;CATAFLAM;1997-05-01;CATAFLAM EMULGEL 1 % 60 G;DICLOFENACO;2018-08-01;2018-12-01;ALTA, por demanda
ALTA;M02A  ANTIRREUMATICOS TOPICOS;ROCHE CORP.;MESULID;1997-06-01;MESULID GEL.  TOP. 2 % 40 G;NIMESULIDA;2015-08-01;2015-12-01;ALTA, por demanda
BAJA;M02A  ANTIRREUMATICOS TOPICOS;ROCHE CORP.;MESULID;1997-06-01;MESULID GEL.  TOP. 2 % 40 G;NIMESULIDA;2015-12-01;2016-04-01;lanzamiento
ALTA;M02A  ANTIRREUMATICOS TOPICOS;SANOFI CORP;ICY HOT;2013-07-01;ICY HOT PARCHE 10X 20CM 5;MENTOL;2015-08-01;2015-12-01;ALTA, por demanda
ALTA;M02A  ANTIRREUMATICOS TOPICOS;SANOFI CORP;ICY HOT;2013-07-01;ICY HOT PARCHE 10X 20CM 5;MENTOL;2017-08-01;2017-12-01;ALTA, por demanda
BAJA;M02A  ANTIRREUMATICOS TOPICOS;SANOFI CORP;ICY HOT;2013-07-01;ICY HOT PARCHE 10X 20CM 5;MENTOL;2018-04-01;2018-08-01;lanzamiento
ALTA;M02A  ANTIRREUMATICOS TOPICOS;SOLFRAN;TOLAN;2006-07-01;TOLAN POMADA SOLID 180 G;ACEITE DE EUCALIPTO + ALCANFOR + SALICILATO DE METILO;2014-12-01;2015-04-01;ALTA, por demanda
ALTA;M02A  ANTIRREUMATICOS TOPICOS;SOLFRAN;TOLAN;2006-07-01;TOLAN POMADA SOLID 180 G;ACEITE DE EUCALIPTO + ALCANFOR + SALICILATO DE METILO;2018-08-01;2018-12-01;ALTA, por demanda
ALTA;M02A  ANTIRREUMATICOS TOPICOS;ARMSTRONG;DIOXAFLEX;2000-12-01;DIOXAFLEX PARCHE 180 MG 5;DICLOFENACO;2017-04-01;2017-08-01;BAJA, por demanda
BAJA;M02A  ANTIRREUMATICOS TOPICOS;ARMSTRONG;DIOXAFLEX;2000-12-01;DIOXAFLEX PARCHE 180 MG 5;DICLOFENACO;2018-12-01;2019-04-01;BAJA, por demanda
ALTA;M02A  ANTIRREUMATICOS TOPICOS;NORDIN,SA-QUIMICA FRANCO MEXI.;BALSAMO NORDIN;1984-01-01;BALSAMO NORDIN LIQD 120 ML;ALCANFOR + MENTOL + SALICILATO DE METILO;2014-04-01;2014-08-01;ALTA, por demanda
BAJA;M02A  ANTIRREUMATICOS TOPICOS;NORDIN,SA-QUIMICA FRANCO MEXI.;BALSAMO NORDIN;1984-01-01;BALSAMO NORDIN LIQD 120 ML;ALCANFOR + MENTOL + SALICILATO DE METILO;2015-12-01;2016-04-01;lanzamiento
ALTA;M02A  ANTIRREUMATICOS TOPICOS;GRISI CORP.;TERMORUB;2000-10-01;TERMORUB CREMA 35 G;MENTOL + SALICILATO DE METILO;2018-08-01;2018-12-01;ALTA, por demanda
BAJA;M02A  ANTIRREUMATICOS TOPICOS;GRISI CORP.;TERMORUB;2000-10-01;TERMORUB CREMA 35 G;MENTOL + SALICILATO DE METILO;2018-12-01;2019-04-01;BAJA, por demanda
ALTA;M02A  ANTIRREUMATICOS TOPICOS;TEVA CORPORACION;MOVIDUAL;2014-08-01;MOVIDUAL GEL TBO 50 G /500 60 G;BETAMETASONA + INDOMETACINA;2015-04-01;2015-08-01;BAJA, por demanda
ALTA;M02A  ANTIRREUMATICOS TOPICOS;TEVA CORPORACION;MOVIDUAL;2014-08-01;MOVIDUAL GEL TBO 50 G /500 60 G;BETAMETASONA + INDOMETACINA;2015-12-01;2016-04-01;BAJA, por demanda
BAJA;M02A  ANTIRREUMATICOS TOPICOS;TEVA CORPORACION;MOVIDUAL;2014-08-01;MOVIDUAL GEL TBO 50 G /500 60 G;BETAMETASONA + INDOMETACINA;2016-04-01;2016-08-01;lanzamiento
BAJA;M02A  ANTIRREUMATICOS TOPICOS;FARMACEUTICA HISPANOAMERICANA;BENCIDAMINA G.I FA;2010-11-01;BENCIDAMINA G.I FA GEL 60 G;BENCIDAMINA;2016-12-01;2017-04-01;BAJA, por demanda
ALTA;M02A  ANTIRREUMATICOS TOPICOS;FARMACEUTICA HISPANOAMERICANA;BENCIDAMINA G.I FA;2010-11-01;BENCIDAMINA G.I FA GEL 60 G;BENCIDAMINA;2018-04-01;2018-08-01;BAJA, por demanda
ALTA;M02A  ANTIRREUMATICOS TOPICOS;QUIFA PERRIGO;DICLOFENACO G.I QY;2015-06-01;DICLOFENACO G.I QY CREMA PACK 2 30 G;DICLOFENACO;2015-04-01;2015-08-01;BAJA, por demanda
BAJA;M02A  ANTIRREUMATICOS TOPICOS;QUIFA PERRIGO;DICLOFENACO G.I QY;2015-06-01;DICLOFENACO G.I QY CREMA PACK 2 30 G;DICLOFENACO;2017-12-01;2018-04-01;BAJA, por demanda
ALTA;M02A  ANTIRREUMATICOS TOPICOS;GLAXO SMITHKLINE CORP.;VOLTAREN;2007-09-01;VOLTAREN EMUL.GEL 1 % 100 G + 25%;DICLOFENACO;2014-12-01;2015-04-01;ALTA, por demanda
ALTA;M02A  ANTIRREUMATICOS TOPICOS;GLAXO SMITHKLINE CORP.;VOLTAREN;2007-09-01;VOLTAREN EMUL.GEL 1 % 100 G + 25%;DICLOFENACO;2018-08-01;2018-12-01;ALTA, por demanda
BAJA;M02A  ANTIRREUMATICOS TOPICOS;GLAXO SMITHKLINE CORP.;VOLTAREN;2007-09-01;VOLTAREN EMUL.GEL 1 % 100 G + 25%;DICLOFENACO;2018-12-01;2019-04-01;BAJA, por demanda
BAJA;M02A  ANTIRREUMATICOS TOPICOS;GLAXO SMITHKLINE CORP.;VOLTAREN;2003-10-01;VOLTAREN SOL AEROSOL 85 ML;DICLOFENACO;2014-04-01;2014-08-01;lanzamiento
BAJA;M02A  ANTIRREUMATICOS TOPICOS;GLAXO SMITHKLINE CORP.;VOLTAREN;2003-10-01;VOLTAREN SOL AEROSOL 85 ML;DICLOFENACO;2014-08-01;2014-12-01;lanzamiento
ALTA;M02A  ANTIRREUMATICOS TOPICOS;QUIFA PERRIGO;DICLOFENACO G.I QY;2005-01-01;DICLOFENACO G.I QY CREMA 100 MG 20 G;DICLOFENACO;2015-08-01;2015-12-01;ALTA, por demanda
ALTA;M02A  ANTIRREUMATICOS TOPICOS;QUIFA PERRIGO;DICLOFENACO G.I QY;2005-01-01;DICLOFENACO G.I QY CREMA 100 MG 20 G;DICLOFENACO;2017-08-01;2017-12-01;ALTA, por demanda
BAJA;M02A  ANTIRREUMATICOS TOPICOS;LIOMONT, CORPORATION;SUPRADOL;2001-05-01;SUPRADOL GEL 2 % 30 G;KETOROLACO;2018-04-01;2018-08-01;lanzamiento
ALTA;M02A  ANTIRREUMATICOS TOPICOS;RECKITT BENCKISER MEXICO S.A.;TEMPRA FEN;2017-09-01;TEMPRA FEN SOLN 100 ML;IBUPROFENO;2017-08-01;2017-12-01;ALTA, por demanda
ALTA;M02A  ANTIRREUMATICOS TOPICOS;BAYER CORP.;ACTRON;2016-08-01;ACTRON GEL 5 % 50 GR;IBUPROFENO;2016-08-01;2016-12-01;ALTA, por demanda
ALTA;M02A  ANTIRREUMATICOS TOPICOS;BAYER CORP.;ACTRON;2016-08-01;ACTRON GEL 5 % 50 GR;IBUPROFENO;2017-04-01;2017-08-01;BAJA, por demanda
ALTA;M02A  ANTIRREUMATICOS TOPICOS;SOPHIA;FRICCION DON JUAN;1900-12-01;FRICCION DON JUAN LIQ OLIMPICO 230 ML;ALCANFOR + MENTOL + SALICILATO DE METILO;2014-12-01;2015-04-01;ALTA, por demanda
ALTA;M02A  ANTIRREUMATICOS TOPICOS;SANOFI CORP;ICY HOT;2013-06-01;ICY HOT UNGT 100 G;MENTOL + SALICILATO DE METILO;2015-08-01;2015-12-01;ALTA, por demanda
ALTA;M02A  ANTIRREUMATICOS TOPICOS;SANOFI CORP;ICY HOT;2013-06-01;ICY HOT UNGT 100 G;MENTOL + SALICILATO DE METILO;2018-08-01;2018-12-01;ALTA, por demanda
BAJA;M02A  ANTIRREUMATICOS TOPICOS;TEVA CORPORACION;POMADA DEL TIGRE;1993-01-01;POMADA DEL TIGRE UNGT BLANCO 19 G;ALCANFOR + MENTOL;2016-08-01;2016-12-01;lanzamiento
ALTA;M02A  ANTIRREUMATICOS TOPICOS;LIFERPAL;LIFENAC;2003-07-01;LIFENAC CREMA 1 % 60 G;DICLOFENACO;2014-04-01;2014-08-01;ALTA, por demanda
BAJA;M02A  ANTIRREUMATICOS TOPICOS;LIFERPAL;LIFENAC;2003-07-01;LIFENAC CREMA 1 % 60 G;DICLOFENACO;2015-04-01;2015-08-01;lanzamiento
BAJA;M02A  ANTIRREUMATICOS TOPICOS;LIFERPAL;LIFENAC;2003-07-01;LIFENAC CREMA 1 % 60 G;DICLOFENACO;2015-08-01;2015-12-01;ALTA, por demanda
BAJA;M02A  ANTIRREUMATICOS TOPICOS;LIFERPAL;LIFENAC;2003-07-01;LIFENAC CREMA 1 % 60 G;DICLOFENACO;2016-04-01;2016-08-01;lanzamiento
ALTA;M02A  ANTIRREUMATICOS TOPICOS;QUIMICA SON S;ACECLOFENACO GI QS;2012-03-01;ACECLOFENACO GI QS CREMA 60 G;ACECLOFENACO;2014-04-01;2014-08-01;ALTA, por demanda
BAJA;M02A  ANTIRREUMATICOS TOPICOS;QUIMICA SON S;ACECLOFENACO GI QS;2012-03-01;ACECLOFENACO GI QS CREMA 60 G;ACECLOFENACO;2015-04-01;2015-08-01;lanzamiento
BAJA;M02A  ANTIRREUMATICOS TOPICOS;QUIMICA SON S;ACECLOFENACO GI QS;2012-03-01;ACECLOFENACO GI QS CREMA 60 G;ACECLOFENACO;2015-08-01;2015-12-01;ALTA, por demanda
BAJA;M02A  ANTIRREUMATICOS TOPICOS;LIOMONT, CORPORATION;ANALGEN;1999-05-01;ANALGEN GEL. 10 % 30 G;NAPROXENO;2015-04-01;2015-08-01;lanzamiento
ALTA;M02A  ANTIRREUMATICOS TOPICOS;LIOMONT, CORPORATION;ANALGEN;1999-05-01;ANALGEN GEL. 10 % 30 G;NAPROXENO;2015-08-01;2015-12-01;ALTA, por demanda
BAJA;M02A  ANTIRREUMATICOS TOPICOS;LIOMONT, CORPORATION;ANALGEN;1999-05-01;ANALGEN GEL. 10 % 30 G;NAPROXENO;2015-12-01;2016-04-01;lanzamiento
BAJA;M02A  ANTIRREUMATICOS TOPICOS;LIOMONT, CORPORATION;ANALGEN;1999-05-01;ANALGEN GEL. 10 % 30 G;NAPROXENO;2016-12-01;2017-04-01;BAJA, por demanda
BAJA;M02A  ANTIRREUMATICOS TOPICOS;SANFER CORP.;SINALGIA;2003-10-01;SINALGIA GEL 6 % 60 G;FEPRADINOL;2015-08-01;2015-12-01;ALTA, por demanda
ALTA;M02A  ANTIRREUMATICOS TOPICOS;MEDA PHARMA S DE RL;METOTROP;2014-11-01;METOTROP CREMA 40 G;ETOFENAMATO;2017-08-01;2017-12-01;ALTA, por demanda
ALTA;M02A  ANTIRREUMATICOS TOPICOS;MEDA PHARMA S DE RL;METOTROP;2014-11-01;METOTROP CREMA 40 G;ETOFENAMATO;2018-04-01;2018-08-01;BAJA, por demanda
ALTA;M02A  ANTIRREUMATICOS TOPICOS;GENOMA LAB INT;BALSAMO BENGU.PLUS;2002-06-01;BALSAMO BENGU.PLUS POMADA 35 G;MENTOL + SALICILATO DE METILO;2014-12-01;2015-04-01;ALTA, por demanda
BAJA;M02A  ANTIRREUMATICOS TOPICOS;GENOMA LAB INT;BALSAMO BENGU.PLUS;2002-06-01;BALSAMO BENGU.PLUS POMADA 35 G;MENTOL + SALICILATO DE METILO;2015-04-01;2015-08-01;lanzamiento
BAJA;M02A  ANTIRREUMATICOS TOPICOS;GENOMA LAB INT;BALSAMO BENGU.PLUS;2002-06-01;BALSAMO BENGU.PLUS POMADA 35 G;MENTOL + SALICILATO DE METILO;2015-12-01;2016-04-01;lanzamiento
BAJA;M02A  ANTIRREUMATICOS TOPICOS;GENOMA LAB INT;BALSAMO BENGU.PLUS;2002-06-01;BALSAMO BENGU.PLUS POMADA 35 G;MENTOL + SALICILATO DE METILO;2017-04-01;2017-08-01;BAJA, por demanda
BAJA;M02A  ANTIRREUMATICOS TOPICOS;GENOMA LAB INT;ULTRA BENGUE;2000-12-01;ULTRA BENGUE GEL TUBO 65 G;LIDOCAINA + NAPROXENO + SALICILATO DE METILO;2015-04-01;2015-08-01;lanzamiento
ALTA;M02A  ANTIRREUMATICOS TOPICOS;GENOMA LAB INT;ULTRA BENGUE;2000-12-01;ULTRA BENGUE GEL TUBO 65 G;LIDOCAINA + NAPROXENO + SALICILATO DE METILO;2015-08-01;2015-12-01;ALTA, por demanda
BAJA;M02A  ANTIRREUMATICOS TOPICOS;GENOMA LAB INT;ULTRA BENGUE;2000-12-01;ULTRA BENGUE GEL TUBO 65 G;LIDOCAINA + NAPROXENO + SALICILATO DE METILO;2015-12-01;2016-04-01;lanzamiento
ALTA;M02A  ANTIRREUMATICOS TOPICOS;GLAXO SMITHKLINE CORP.;VOLTAREN;2012-07-01;VOLTAREN EMUL.GEL 1 % 100G +VOLT PARC 5;DICLOFENACO;2014-04-01;2014-08-01;ALTA, por demanda
BAJA;M02A  ANTIRREUMATICOS TOPICOS;GLAXO SMITHKLINE CORP.;VOLTAREN;2012-07-01;VOLTAREN EMUL.GEL 1 % 100G +VOLT PARC 5;DICLOFENACO;2015-04-01;2015-08-01;lanzamiento
BAJA;M02A  ANTIRREUMATICOS TOPICOS;GRISI CORP.;TERMORUB;2009-05-01;TERMORUB CREMA 35G+ VDA;MENTOL + SALICILATO DE METILO;2015-12-01;2016-04-01;lanzamiento
ALTA;M02A  ANTIRREUMATICOS TOPICOS;SILANES CORP.;ACHEFLAN;2016-10-01;ACHEFLAN AEROSOL 3.6 MG 75 ML;CORDIA VERBENACEA;2016-08-01;2016-12-01;ALTA, por demanda
ALTA;M02A  ANTIRREUMATICOS TOPICOS;SILANES CORP.;ACHEFLAN;2016-10-01;ACHEFLAN AEROSOL 3.6 MG 75 ML;CORDIA VERBENACEA;2018-12-01;2019-04-01;BAJA, por demanda
ALTA;M02A  ANTIRREUMATICOS TOPICOS;SIEGFRIED-MED;DORIXINA;2012-05-01;DORIXINA GEL 50 G;CLONIXINATO DE LISINA;2015-04-01;2015-08-01;BAJA, por demanda
