BAJA;R05C  EXPECTORANTES;ROCHE CORP.;PULMOZYME;1998-02-01;PULMOZYME AMP.P/INHLT. 2.50 MG 6 2.50 ML;DORNASA ALFA;2016-12-01;2017-04-01;lanzamiento
ALTA;R05C  EXPECTORANTES;ROCHE CORP.;PULMOZYME;1998-02-01;PULMOZYME AMP.P/INHLT. 2.50 MG 6 2.50 ML;DORNASA ALFA;2017-04-01;2017-08-01;BAJA, por demanda
ALTA;R05C  EXPECTORANTES;ROCHE CORP.;PULMOZYME;1998-02-01;PULMOZYME AMP.P/INHLT. 2.50 MG 6 2.50 ML;DORNASA ALFA;2018-04-01;2018-08-01;BAJA, por demanda
BAJA;R05C  EXPECTORANTES;SANOFI CORP;MUCOANGIN;2013-06-01;MUCOANGIN PAST GROSELL 18;AMBROXOL;2015-04-01;2015-08-01;lanzamiento
BAJA;R05C  EXPECTORANTES;SANOFI CORP;MUCOANGIN;2013-06-01;MUCOANGIN PAST GROSELL 18;AMBROXOL;2018-04-01;2018-08-01;BAJA, por demanda
BAJA;R05C  EXPECTORANTES;QUIFA PERRIGO;BROXAQUIM;2004-07-01;BROXAQUIM SOLN 120 ML;AMBROXOL;2014-12-01;2015-04-01;BAJA, por demanda
BAJA;R05C  EXPECTORANTES;QUIFA PERRIGO;BROXAQUIM;2004-07-01;BROXAQUIM SOLN 120 ML;AMBROXOL;2016-12-01;2017-04-01;lanzamiento
BAJA;R05C  EXPECTORANTES;ULTRA LABORATORIOS;AMBROXOL G.I UGP;2012-01-01;AMBROXOL G.I UGP SOLN 300 MG 120 ML;AMBROXOL;2015-04-01;2015-08-01;lanzamiento
BAJA;R05C  EXPECTORANTES;ULTRA LABORATORIOS;AMBROXOL G.I UGP;2012-01-01;AMBROXOL G.I UGP SOLN 300 MG 120 ML;AMBROXOL;2017-12-01;2018-04-01;lanzamiento
ALTA;R05C  EXPECTORANTES;GENOMA LAB INT;BROMHEXINA G.I MMN;2012-06-01;BROMHEXINA G.I MMN SOLN AD 160 MG 100 ML;BROMHEXINA;2014-04-01;2014-08-01;BAJA, por demanda
BAJA;R05C  EXPECTORANTES;BIOMEP S.A. DE C.V.;BROMHEXINA G.I BIO;2010-02-01;BROMHEXINA G.I BIO SOLN INF 100 ML;BROMHEXINA;2017-04-01;2017-08-01;BAJA, por demanda
BAJA;R05C  EXPECTORANTES;BIOMEP S.A. DE C.V.;BROMHEXINA G.I BIO;2010-02-01;BROMHEXINA G.I BIO SOLN INF 100 ML;BROMHEXINA;2018-04-01;2018-08-01;BAJA, por demanda
BAJA;R05C  EXPECTORANTES;TAKEDA;ARBISTIN;2003-12-01;ARBISTIN JBE PED 150 ML;CARBOCISTEINA;2015-04-01;2015-08-01;lanzamiento
BAJA;R05C  EXPECTORANTES;TAKEDA;ARBISTIN;2003-12-01;ARBISTIN JBE PED 150 ML;CARBOCISTEINA;2016-04-01;2016-08-01;lanzamiento
BAJA;R05C  EXPECTORANTES;SANFER CORP.;MUCOSOLVAN;2012-08-01;MUCOSOLVAN JBE 15 MG /5ML 100ML +TER MO METR;AMBROXOL;2014-04-01;2014-08-01;lanzamiento
ALTA;R05C  EXPECTORANTES;SANFER CORP.;MUCOSOLVAN;2012-08-01;MUCOSOLVAN JBE 15 MG /5ML 100ML +TER MO METR;AMBROXOL;2014-08-01;2014-12-01;ALTA, por demanda
BAJA;R05C  EXPECTORANTES;SANFER CORP.;MUCOSOLVAN;2005-02-01;MUCOSOLVAN JBE 15MG/5ML 120M CHAR 12X2;AMBROXOL;2014-08-01;2014-12-01;lanzamiento
BAJA;R05C  EXPECTORANTES;LIOMONT, CORPORATION;MUCOVIBROL C;1993-02-01;MUCOVIBROL C SOLN 120 ML;AMBROXOL + CLENBUTEROL;2014-12-01;2015-04-01;BAJA, por demanda
BAJA;R05C  EXPECTORANTES;LIOMONT, CORPORATION;MUCOVIBROL C;1993-02-01;MUCOVIBROL C SOLN 120 ML;AMBROXOL + CLENBUTEROL;2017-12-01;2018-04-01;lanzamiento
BAJA;R05C  EXPECTORANTES;LIOMONT, CORPORATION;MUCOVIBROL C;1993-02-01;MUCOVIBROL C SOLN 120 ML;AMBROXOL + CLENBUTEROL;2018-12-01;2019-04-01;lanzamiento
BAJA;R05C  EXPECTORANTES;GENOMA LAB INT;TUKOL;1997-09-01;TUKOL JBE AD 100 MG /5ML 125 ML;GUAIFENESINA;2014-12-01;2015-04-01;BAJA, por demanda
ALTA;R05C  EXPECTORANTES;GENOMA LAB INT;TUKOL;1997-09-01;TUKOL JBE AD 100 MG /5ML 125 ML;GUAIFENESINA;2015-08-01;2015-12-01;ALTA, por demanda
ALTA;R05C  EXPECTORANTES;VITAE;FLUDEXOL;2014-03-01;FLUDEXOL TABL 30 MG 20;AMBROXOL;2018-08-01;2018-12-01;ALTA, por demanda
BAJA;R05C  EXPECTORANTES;PROCTER&GAMBLE COR;VICK-44;2003-08-01;VICK-44 JBE MIEL 120 ML;DEXTROMETORFANO + GUAIFENESINA;2017-12-01;2018-04-01;lanzamiento
BAJA;R05C  EXPECTORANTES;SANFER CORP.;MUCOSOLVAN;1986-10-01;MUCOSOLVAN CAPS  RETARD 75 MG 10;AMBROXOL;2014-12-01;2015-04-01;BAJA, por demanda
ALTA;R05C  EXPECTORANTES;ULTRA LABORATORIOS;ULAX-F;2007-06-01;ULAX-F SOL GTS 30 ML;AMBROXOL;2014-08-01;2014-12-01;ALTA, por demanda
BAJA;R05C  EXPECTORANTES;ULTRA LABORATORIOS;ULAX-F;2007-06-01;ULAX-F SOL GTS 30 ML;AMBROXOL;2016-08-01;2016-12-01;lanzamiento
BAJA;R05C  EXPECTORANTES;MAVER;LORATAD/AMBR G.I M;2010-07-01;LORATAD/AMBR G.I M GOTAS 100 MG 30 ML;AMBROXOL + LORATADINA;2014-04-01;2014-08-01;lanzamiento
ALTA;R05C  EXPECTORANTES;MAVER;LORATAD/AMBR G.I M;2010-07-01;LORATAD/AMBR G.I M GOTAS 100 MG 30 ML;AMBROXOL + LORATADINA;2017-12-01;2018-04-01;BAJA, por demanda
BAJA;R05C  EXPECTORANTES;BAYER CORP.;CORICIDIN EXPEC;1900-12-01;CORICIDIN EXPEC JBE 120 ML;AMBROXOL + LORATADINA;2014-12-01;2015-04-01;BAJA, por demanda
ALTA;R05C  EXPECTORANTES;SANOFI CORP;MUCOANGIN;2015-07-01;MUCOANGIN PAST LIMON 18;AMBROXOL;2016-08-01;2016-12-01;ALTA, por demanda
BAJA;R05C  EXPECTORANTES;ULTRA LABORATORIOS;ULAX-C;2007-06-01;ULAX-C SOLN 120 ML;AMBROXOL + SALBUTAMOL;2014-08-01;2014-12-01;lanzamiento
ALTA;R05C  EXPECTORANTES;ULTRA LABORATORIOS;ULAX-C;2007-06-01;ULAX-C SOLN 120 ML;AMBROXOL + SALBUTAMOL;2015-08-01;2015-12-01;ALTA, por demanda
BAJA;R05C  EXPECTORANTES;ULTRA LABORATORIOS;ULAX-C;2007-06-01;ULAX-C SOLN 120 ML;AMBROXOL + SALBUTAMOL;2016-04-01;2016-08-01;lanzamiento
BAJA;R05C  EXPECTORANTES;ULTRA LABORATORIOS;ULAX-C;2007-06-01;ULAX-C SOLN 120 ML;AMBROXOL + SALBUTAMOL;2016-08-01;2016-12-01;lanzamiento
ALTA;R05C  EXPECTORANTES;ULTRA LABORATORIOS;ULAX-C;2007-06-01;ULAX-C SOLN 120 ML;AMBROXOL + SALBUTAMOL;2016-12-01;2017-04-01;BAJA, por demanda
ALTA;R05C  EXPECTORANTES;SANOFI CORP;MUCOLIN;1977-12-01;MUCOLIN JBE 100 ML;CARBOCISTEINA;2018-12-01;2019-04-01;BAJA, por demanda
ALTA;R05C  EXPECTORANTES;ROCHE CORP.;IPEGIL;1980-08-01;IPEGIL JBE 120 ML;SIN SAL;2016-12-01;2017-04-01;BAJA, por demanda
ALTA;R05C  EXPECTORANTES;ROCHE CORP.;IPEGIL;1980-08-01;IPEGIL JBE 120 ML;SIN SAL;2017-12-01;2018-04-01;BAJA, por demanda
ALTA;R05C  EXPECTORANTES;BIOMEP S.A. DE C.V.;BROMHEXINA G.I BIO;2010-02-01;BROMHEXINA G.I BIO SOLN AD 100 ML;BROMHEXINA;2014-04-01;2014-08-01;BAJA, por demanda
ALTA;R05C  EXPECTORANTES;BIOMEP S.A. DE C.V.;BROMHEXINA G.I BIO;2010-02-01;BROMHEXINA G.I BIO SOLN AD 100 ML;BROMHEXINA;2014-08-01;2014-12-01;ALTA, por demanda
BAJA;R05C  EXPECTORANTES;BIOMEP S.A. DE C.V.;BROMHEXINA G.I BIO;2010-02-01;BROMHEXINA G.I BIO SOLN AD 100 ML;BROMHEXINA;2017-12-01;2018-04-01;lanzamiento
BAJA;R05C  EXPECTORANTES;BIOMEP S.A. DE C.V.;BROMHEXINA G.I BIO;2010-02-01;BROMHEXINA G.I BIO SOLN AD 100 ML;BROMHEXINA;2018-12-01;2019-04-01;lanzamiento
BAJA;R05C  EXPECTORANTES;SIEGFRIED-MED;AMINOEFEDRISON;1995-08-01;AMINOEFEDRISON JBE NF 150 ML;AMBROXOL + TEOFILINA;2016-04-01;2016-08-01;lanzamiento
BAJA;R05C  EXPECTORANTES;SIEGFRIED-MED;AMINOEFEDRISON;1995-08-01;AMINOEFEDRISON JBE NF 150 ML;AMBROXOL + TEOFILINA;2017-12-01;2018-04-01;lanzamiento
BAJA;R05C  EXPECTORANTES;SIEGFRIED-MED;AMINOEFEDRISON;1995-08-01;AMINOEFEDRISON JBE NF 150 ML;AMBROXOL + TEOFILINA;2018-12-01;2019-04-01;lanzamiento
BAJA;R05C  EXPECTORANTES;CARNOT;BROXOL PLUS;1992-01-01;BROXOL PLUS GOTAS PAED 20 ML;AMBROXOL + CLENBUTEROL;2017-04-01;2017-08-01;BAJA, por demanda
ALTA;R05C  EXPECTORANTES;VITAE;FLUDEXOL-CL;2007-05-01;FLUDEXOL-CL GTS 20 ML;AMBROXOL + CLENBUTEROL;2018-08-01;2018-12-01;ALTA, por demanda
BAJA;R05C  EXPECTORANTES;PROTEIN-APOTEX;AMBROXOL PROTEIN;1998-12-01;AMBROXOL PROTEIN JBE 15 MG /5ML 120 ML;AMBROXOL;2015-04-01;2015-08-01;lanzamiento
BAJA;R05C  EXPECTORANTES;PROTEIN-APOTEX;AMBROXOL PROTEIN;1998-12-01;AMBROXOL PROTEIN JBE 15 MG /5ML 120 ML;AMBROXOL;2016-04-01;2016-08-01;lanzamiento
BAJA;R05C  EXPECTORANTES;PROTEIN-APOTEX;AMBROXOL PROTEIN;1998-12-01;AMBROXOL PROTEIN JBE 15 MG /5ML 120 ML;AMBROXOL;2017-12-01;2018-04-01;lanzamiento
BAJA;R05C  EXPECTORANTES;PROTEIN-APOTEX;AMBROXOL PROTEIN;1998-12-01;AMBROXOL PROTEIN JBE 15 MG /5ML 120 ML;AMBROXOL;2018-04-01;2018-08-01;BAJA, por demanda
BAJA;R05C  EXPECTORANTES;BAYER CORP.;BROQUIXOL;2002-08-01;BROQUIXOL TABL 30 MG 20;AMBROXOL + LORATADINA;2014-12-01;2015-04-01;BAJA, por demanda
ALTA;R05C  EXPECTORANTES;BAYER CORP.;BROQUIXOL;2002-08-01;BROQUIXOL TABL 30 MG 20;AMBROXOL + LORATADINA;2015-08-01;2015-12-01;ALTA, por demanda
BAJA;R05C  EXPECTORANTES;BAYER CORP.;BROQUIXOL;2002-08-01;BROQUIXOL TABL 30 MG 20;AMBROXOL + LORATADINA;2017-08-01;2017-12-01;BAJA, por demanda
BAJA;R05C  EXPECTORANTES;PROTEIN-APOTEX;APOMUXOL;2006-09-01;APOMUXOL SOLN 7.5 MG /2MG 120 ML;AMBROXOL + SALBUTAMOL;2015-04-01;2015-08-01;lanzamiento
BAJA;R05C  EXPECTORANTES;PROTEIN-APOTEX;APOMUXOL;2006-09-01;APOMUXOL SOLN 7.5 MG /2MG 120 ML;AMBROXOL + SALBUTAMOL;2016-04-01;2016-08-01;lanzamiento
BAJA;R05C  EXPECTORANTES;ITALMEX;GADITAL ENZIMATICO;1969-11-01;GADITAL ENZIMATICO A.IM  LIOF INF 3 1 ML;TRIPSINA;2016-12-01;2017-04-01;lanzamiento
ALTA;R05C  EXPECTORANTES;LIOMONT, CORPORATION;AMBROXOL G.I PMG;2008-01-01;AMBROXOL G.I PMG CPR .030 G 20;AMBROXOL;2015-08-01;2015-12-01;ALTA, por demanda
ALTA;R05C  EXPECTORANTES;LIOMONT, CORPORATION;AMBROXOL G.I PMG;2008-01-01;AMBROXOL G.I PMG CPR .030 G 20;AMBROXOL;2016-12-01;2017-04-01;BAJA, por demanda
BAJA;R05C  EXPECTORANTES;LIOMONT, CORPORATION;AMBROXOL G.I PMG;2008-01-01;AMBROXOL G.I PMG CPR .030 G 20;AMBROXOL;2017-12-01;2018-04-01;lanzamiento
BAJA;R05C  EXPECTORANTES;BRULUART;OXOLVAN;2003-10-01;OXOLVAN C SOL 150 / .1MG 120 ML;AMBROXOL + CLENBUTEROL;2014-12-01;2015-04-01;BAJA, por demanda
BAJA;R05C  EXPECTORANTES;BRULUART;OXOLVAN;2003-10-01;OXOLVAN C SOL 150 / .1MG 120 ML;AMBROXOL + CLENBUTEROL;2015-04-01;2015-08-01;lanzamiento
ALTA;R05C  EXPECTORANTES;BRULUART;OXOLVAN;2003-10-01;OXOLVAN C SOL 150 / .1MG 120 ML;AMBROXOL + CLENBUTEROL;2015-12-01;2016-04-01;ALTA, por demanda
BAJA;R05C  EXPECTORANTES;BRULUART;OXOLVAN;2003-10-01;OXOLVAN C SOL 150 / .1MG 120 ML;AMBROXOL + CLENBUTEROL;2018-12-01;2019-04-01;lanzamiento
BAJA;R05C  EXPECTORANTES;LABORATORIOS PROPHARMA SA CV;SURDRIL;2016-11-01;SURDRIL JBE AD 118 ML;DEXTROMETORFANO + GUAIFENESINA;2018-04-01;2018-08-01;BAJA, por demanda
BAJA;R05C  EXPECTORANTES;PROCTER&GAMBLE COR;VICK-44;2004-09-01;VICK-44 JBE EXP AD CZA 240 ML;DEXTROMETORFANO + GUAIFENESINA;2017-12-01;2018-04-01;lanzamiento
BAJA;R05C  EXPECTORANTES;PROCTER&GAMBLE COR;VICK-44;2004-09-01;VICK-44 JBE EXP AD CZA 240 ML;DEXTROMETORFANO + GUAIFENESINA;2018-12-01;2019-04-01;lanzamiento
BAJA;R05C  EXPECTORANTES;COLLINS;AMBROXOL G.I COL;2008-11-01;AMBROXOL G.I COL SOLN 120 ML;AMBROXOL;2016-04-01;2016-08-01;lanzamiento
ALTA;R05C  EXPECTORANTES;COLLINS;AMBROXOL G.I COL;2008-11-01;AMBROXOL G.I COL SOLN 120 ML;AMBROXOL;2016-08-01;2016-12-01;ALTA, por demanda
BAJA;R05C  EXPECTORANTES;SANFER CORP.;BISOLVON;2013-07-01;BISOLVON LINCTUS PED 4 MG /5ML 120ML +TOA HU;BROMHEXINA;2014-08-01;2014-12-01;lanzamiento
BAJA;R05C  EXPECTORANTES;SANFER CORP.;MUCOSOLVAN;1984-01-01;MUCOSOLVAN JBE 15 MG /5ML 120 ML;AMBROXOL;2014-04-01;2014-08-01;lanzamiento
BAJA;R05C  EXPECTORANTES;SANFER CORP.;MUCOSOLVAN;1984-01-01;MUCOSOLVAN JBE 15 MG /5ML 120 ML;AMBROXOL;2016-04-01;2016-08-01;lanzamiento
BAJA;R05C  EXPECTORANTES;SANFER CORP.;MUCOSOLVAN;1984-01-01;MUCOSOLVAN JBE 15 MG /5ML 120 ML;AMBROXOL;2016-12-01;2017-04-01;lanzamiento
BAJA;R05C  EXPECTORANTES;SANFER CORP.;MUCOSOLVAN;1984-01-01;MUCOSOLVAN JBE 15 MG /5ML 120 ML;AMBROXOL;2017-12-01;2018-04-01;lanzamiento
BAJA;R05C  EXPECTORANTES;SANFER CORP.;MUCOSOLVAN;1984-01-01;MUCOSOLVAN JBE 15 MG /5ML 120 ML;AMBROXOL;2018-04-01;2018-08-01;BAJA, por demanda
ALTA;R05C  EXPECTORANTES;SANFER CORP.;MUCOSOLVAN;1984-01-01;MUCOSOLVAN JBE 15 MG /5ML 120 ML;AMBROXOL;2018-08-01;2018-12-01;ALTA, por demanda
BAJA;R05C  EXPECTORANTES;SANFER CORP.;MUCOSOLVAN;1984-01-01;MUCOSOLVAN JBE 15 MG /5ML 120 ML;AMBROXOL;2018-12-01;2019-04-01;lanzamiento
BAJA;R05C  EXPECTORANTES;MAVER;LARITOL EX;2005-11-01;LARITOL EX SOL 600 MG /100 120 ML;AMBROXOL + LORATADINA;2015-04-01;2015-08-01;lanzamiento
BAJA;R05C  EXPECTORANTES;MAVER;LARITOL EX;2005-11-01;LARITOL EX SOL 600 MG /100 120 ML;AMBROXOL + LORATADINA;2016-04-01;2016-08-01;lanzamiento
BAJA;R05C  EXPECTORANTES;MAVER;LARITOL EX;2005-11-01;LARITOL EX SOL 600 MG /100 120 ML;AMBROXOL + LORATADINA;2016-12-01;2017-04-01;lanzamiento
BAJA;R05C  EXPECTORANTES;MAVER;LARITOL EX;2005-11-01;LARITOL EX SOL 600 MG /100 120 ML;AMBROXOL + LORATADINA;2017-12-01;2018-04-01;lanzamiento
BAJA;R05C  EXPECTORANTES;MAVER;LARITOL EX;2005-11-01;LARITOL EX SOL 600 MG /100 120 ML;AMBROXOL + LORATADINA;2018-04-01;2018-08-01;BAJA, por demanda
BAJA;R05C  EXPECTORANTES;CONCORDIA;LYSOMUCIL;2012-04-01;LYSOMUCIL SOBRES 200 MG 30;ACETILCISTEINA;2018-12-01;2019-04-01;lanzamiento
ALTA;R05C  EXPECTORANTES;ITALMEX;GADITAL;2006-12-01;GADITAL AMP AD 3 2 ML;CLORFENAMINA + GUAIFENESINA + PROXIFILINA;2014-04-01;2014-08-01;BAJA, por demanda
BAJA;R05C  EXPECTORANTES;ITALMEX;GADITAL;2006-12-01;GADITAL AMP AD 3 2 ML;CLORFENAMINA + GUAIFENESINA + PROXIFILINA;2015-04-01;2015-08-01;lanzamiento
ALTA;R05C  EXPECTORANTES;ITALMEX;GADITAL;2006-12-01;GADITAL AMP AD 3 2 ML;CLORFENAMINA + GUAIFENESINA + PROXIFILINA;2015-08-01;2015-12-01;ALTA, por demanda
BAJA;R05C  EXPECTORANTES;ITALMEX;GADITAL;2006-12-01;GADITAL AMP AD 3 2 ML;CLORFENAMINA + GUAIFENESINA + PROXIFILINA;2016-12-01;2017-04-01;lanzamiento
BAJA;R05C  EXPECTORANTES;WERMAR PHA.;LORAT/AMBR G.I WER;2011-07-01;LORAT/AMBR G.I WER TABL 5 MG /30 20;AMBROXOL + LORATADINA;2014-12-01;2015-04-01;BAJA, por demanda
ALTA;R05C  EXPECTORANTES;CONCORDIA;LYSOMUCIL;2011-05-01;LYSOMUCIL TABL EFERV 600 MG 20;ACETILCISTEINA;2014-08-01;2014-12-01;ALTA, por demanda
BAJA;R05C  EXPECTORANTES;CONCORDIA;LYSOMUCIL;2011-05-01;LYSOMUCIL TABL EFERV 600 MG 20;ACETILCISTEINA;2014-12-01;2015-04-01;BAJA, por demanda
ALTA;R05C  EXPECTORANTES;CONCORDIA;LYSOMUCIL;2011-05-01;LYSOMUCIL TABL EFERV 600 MG 20;ACETILCISTEINA;2015-08-01;2015-12-01;ALTA, por demanda
BAJA;R05C  EXPECTORANTES;CONCORDIA;LYSOMUCIL;2011-05-01;LYSOMUCIL TABL EFERV 600 MG 20;ACETILCISTEINA;2017-12-01;2018-04-01;lanzamiento
BAJA;R05C  EXPECTORANTES;CONCORDIA;LYSOMUCIL;2011-05-01;LYSOMUCIL TABL EFERV 600 MG 20;ACETILCISTEINA;2018-12-01;2019-04-01;lanzamiento
BAJA;R05C  EXPECTORANTES;CARNOT;BROXOL;2012-11-01;BROXOL JBE 15 MG /5ML DUO 120 ML;AMBROXOL;2014-04-01;2014-08-01;lanzamiento
BAJA;R05C  EXPECTORANTES;DEGORTS;BRONAR;2005-12-01;BRONAR SOL GTS PED 30 ML;AMBROXOL + LORATADINA;2016-04-01;2016-08-01;lanzamiento
BAJA;R05C  EXPECTORANTES;LIOMONT, CORPORATION;MUCOVIBROL;1990-12-01;MUCOVIBROL GOTAS 7.50 MG /1ML 30 ML;AMBROXOL;2017-04-01;2017-08-01;BAJA, por demanda
BAJA;R05C  EXPECTORANTES;JOHNSON+JOHNSON CO;BENADRYL EXPT.;1976-04-01;BENADRYL EXPT. JBE 150 ML;DIFENHIDRAMINA + GUAIFENESINA;2014-04-01;2014-08-01;lanzamiento
BAJA;R05C  EXPECTORANTES;JOHNSON+JOHNSON CO;BENADRYL EXPT.;1976-04-01;BENADRYL EXPT. JBE 150 ML;DIFENHIDRAMINA + GUAIFENESINA;2016-04-01;2016-08-01;lanzamiento
BAJA;R05C  EXPECTORANTES;JOHNSON+JOHNSON CO;BENADRYL EXPT.;1976-04-01;BENADRYL EXPT. JBE 150 ML;DIFENHIDRAMINA + GUAIFENESINA;2016-12-01;2017-04-01;lanzamiento
BAJA;R05C  EXPECTORANTES;JOHNSON+JOHNSON CO;BENADRYL EXPT.;1976-04-01;BENADRYL EXPT. JBE 150 ML;DIFENHIDRAMINA + GUAIFENESINA;2017-12-01;2018-04-01;lanzamiento
BAJA;R05C  EXPECTORANTES;BIOMEP S.A. DE C.V.;CLOXAN;2005-04-01;CLOXAN CPR 30 MG 20;AMBROXOL;2016-12-01;2017-04-01;lanzamiento
BAJA;R05C  EXPECTORANTES;BIOMEP S.A. DE C.V.;CLOXAN;2005-04-01;CLOXAN CPR 30 MG 20;AMBROXOL;2017-12-01;2018-04-01;lanzamiento
BAJA;R05C  EXPECTORANTES;VITAE;AMBROXOL G.I VIT;2015-09-01;AMBROXOL G.I VIT SOLN 120 ML;AMBROXOL;2016-04-01;2016-08-01;lanzamiento
BAJA;R05C  EXPECTORANTES;FARMACOS CONTINENTALES;MUSALDOX;2007-06-01;MUSALDOX SOLN 120 ML;AMBROXOL + SALBUTAMOL;2016-12-01;2017-04-01;lanzamiento
BAJA;R05C  EXPECTORANTES;TEVA CORPORACION;SIBILEX;2005-08-01;SIBILEX SOLN C/DOSIF 120 ML;AMBROXOL + LORATADINA + SALBUTAMOL;2016-04-01;2016-08-01;lanzamiento
BAJA;R05C  EXPECTORANTES;TEVA CORPORACION;SIBILEX;2005-08-01;SIBILEX SOLN C/DOSIF 120 ML;AMBROXOL + LORATADINA + SALBUTAMOL;2016-08-01;2016-12-01;lanzamiento
BAJA;R05C  EXPECTORANTES;CARNOT;ESTECLIN;1996-04-01;ESTECLIN CAPS 300 MG 20;ERDOSTEINA;2014-12-01;2015-04-01;BAJA, por demanda
BAJA;R05C  EXPECTORANTES;CARNOT;ESTECLIN;1996-04-01;ESTECLIN CAPS 300 MG 20;ERDOSTEINA;2017-12-01;2018-04-01;lanzamiento
BAJA;R05C  EXPECTORANTES;KENER CORP.;AMBROXOL G.I KENER;2001-04-01;AMBROXOL G.I KENER TABL 30 MG 20;AMBROXOL;2014-12-01;2015-04-01;BAJA, por demanda
BAJA;R05C  EXPECTORANTES;EURODRUG;EXPELIN;2005-09-01;EXPELIN JBE C/DOSIF 9 G 120 ML;CARBOCISTEINA;2014-04-01;2014-08-01;lanzamiento
ALTA;R05C  EXPECTORANTES;EURODRUG;EXPELIN;2005-09-01;EXPELIN JBE C/DOSIF 9 G 120 ML;CARBOCISTEINA;2014-08-01;2014-12-01;ALTA, por demanda
BAJA;R05C  EXPECTORANTES;EURODRUG;EXPELIN;2005-09-01;EXPELIN JBE C/DOSIF 9 G 120 ML;CARBOCISTEINA;2014-12-01;2015-04-01;BAJA, por demanda
ALTA;R05C  EXPECTORANTES;EURODRUG;EXPELIN;2005-09-01;EXPELIN JBE C/DOSIF 9 G 120 ML;CARBOCISTEINA;2015-08-01;2015-12-01;ALTA, por demanda
BAJA;R05C  EXPECTORANTES;EURODRUG;EXPELIN;2005-09-01;EXPELIN JBE C/DOSIF 9 G 120 ML;CARBOCISTEINA;2017-12-01;2018-04-01;lanzamiento
BAJA;R05C  EXPECTORANTES;EURODRUG;EXPELIN;2005-09-01;EXPELIN JBE C/DOSIF 9 G 120 ML;CARBOCISTEINA;2018-12-01;2019-04-01;lanzamiento
BAJA;R05C  EXPECTORANTES;SANFER CORP.;SEKRETOVIT;2001-05-01;SEKRETOVIT SOLN AD 30 MG /5ML 100 ML;AMBROXOL;2016-04-01;2016-08-01;lanzamiento
BAJA;R05C  EXPECTORANTES;SANFER CORP.;SEKRETOVIT;2001-05-01;SEKRETOVIT SOLN AD 30 MG /5ML 100 ML;AMBROXOL;2017-04-01;2017-08-01;BAJA, por demanda
BAJA;R05C  EXPECTORANTES;SANFER CORP.;SEKRETOVIT;2001-05-01;SEKRETOVIT SOLN AD 30 MG /5ML 100 ML;AMBROXOL;2017-12-01;2018-04-01;lanzamiento
BAJA;R05C  EXPECTORANTES;SANFER CORP.;SEKRETOVIT;2001-05-01;SEKRETOVIT SOLN AD 30 MG /5ML 100 ML;AMBROXOL;2018-12-01;2019-04-01;lanzamiento
BAJA;R05C  EXPECTORANTES;SANFER CORP.;EUCALIPTINE;1977-05-01;EUCALIPTINE AMP. 12 1.50 ML;BULNESIA SARMIENTOI;2014-12-01;2015-04-01;BAJA, por demanda
BAJA;R05C  EXPECTORANTES;BIOMEP S.A. DE C.V.;LORATA/AMBR GI BIO;2014-02-01;LORATA/AMBR GI BIO SOLN 120 ML;AMBROXOL + LORATADINA;2017-12-01;2018-04-01;lanzamiento
ALTA;R05C  EXPECTORANTES;SANOFI CORP;MUCOANGIN;2016-08-01;MUCOANGIN TABL MENTA 18;AMBROXOL;2016-08-01;2016-12-01;ALTA, por demanda
BAJA;R05C  EXPECTORANTES;SANOFI CORP;MUCOANGIN;2016-08-01;MUCOANGIN TABL MENTA 18;AMBROXOL;2018-12-01;2019-04-01;lanzamiento
ALTA;R05C  EXPECTORANTES;BIOMEP S.A. DE C.V.;AMBROX/SALB GI BIO;2016-05-01;AMBROX/SALB GI BIO SOLN 120 ML;AMBROXOL + SALBUTAMOL;2016-04-01;2016-08-01;BAJA, por demanda
ALTA;R05C  EXPECTORANTES;BIOMEP S.A. DE C.V.;AMBROX/SALB GI BIO;2016-05-01;AMBROX/SALB GI BIO SOLN 120 ML;AMBROXOL + SALBUTAMOL;2016-08-01;2016-12-01;ALTA, por demanda
BAJA;R05C  EXPECTORANTES;BIOMEP S.A. DE C.V.;AMBROX/SALB GI BIO;2016-05-01;AMBROX/SALB GI BIO SOLN 120 ML;AMBROXOL + SALBUTAMOL;2016-12-01;2017-04-01;lanzamiento
ALTA;R05C  EXPECTORANTES;BIOMEP S.A. DE C.V.;AMBROX/SALB GI BIO;2016-05-01;AMBROX/SALB GI BIO SOLN 120 ML;AMBROXOL + SALBUTAMOL;2017-08-01;2017-12-01;BAJA, por demanda
BAJA;R05C  EXPECTORANTES;BIOMEP S.A. DE C.V.;AMBROX/SALB GI BIO;2016-05-01;AMBROX/SALB GI BIO SOLN 120 ML;AMBROXOL + SALBUTAMOL;2017-12-01;2018-04-01;lanzamiento
BAJA;R05C  EXPECTORANTES;BIOMEP S.A. DE C.V.;AMBROX/SALB GI BIO;2016-05-01;AMBROX/SALB GI BIO SOLN 120 ML;AMBROXOL + SALBUTAMOL;2018-12-01;2019-04-01;lanzamiento
BAJA;R05C  EXPECTORANTES;BIOMEP S.A. DE C.V.;WEXPEC;2008-08-01;WEXPEC SOLN 2 MG /7.5 120 ML;AMBROXOL + SALBUTAMOL;2018-04-01;2018-08-01;BAJA, por demanda
BAJA;R05C  EXPECTORANTES;BIOMEP S.A. DE C.V.;WEXPEC;2008-08-01;WEXPEC SOLN 2 MG /7.5 120 ML;AMBROXOL + SALBUTAMOL;2018-12-01;2019-04-01;lanzamiento
BAJA;R05C  EXPECTORANTES;CARNOT;BROXOL;1987-11-01;BROXOL JBE 15 MG /5ML 120 ML;AMBROXOL;2016-04-01;2016-08-01;lanzamiento
BAJA;R05C  EXPECTORANTES;CARNOT;BROXOL;1987-11-01;BROXOL JBE 15 MG /5ML 120 ML;AMBROXOL;2017-12-01;2018-04-01;lanzamiento
BAJA;R05C  EXPECTORANTES;CARNOT;BROXOL;1987-11-01;BROXOL JBE 15 MG /5ML 120 ML;AMBROXOL;2018-12-01;2019-04-01;lanzamiento
BAJA;R05C  EXPECTORANTES;I.Q.F.A.;SERBOL G;2006-04-01;SERBOL G GOTAS 20 ML;AMBROXOL + CLENBUTEROL;2014-08-01;2014-12-01;lanzamiento
ALTA;R05C  EXPECTORANTES;CORPORATIVO RAYERE;AMBROXOL G.I RAY;2005-11-01;AMBROXOL G.I RAY SOLN 120 ML;AMBROXOL;2018-04-01;2018-08-01;BAJA, por demanda
BAJA;R05C  EXPECTORANTES;CORPORATIVO RAYERE;AMBROXOL G.I RAY;2005-11-01;AMBROXOL G.I RAY SOLN 120 ML;AMBROXOL;2018-12-01;2019-04-01;lanzamiento
ALTA;R05C  EXPECTORANTES;SIEGFRIED-MED;SENSEMOC;2015-10-01;SENSEMOC TABL EFERV 600 MG 20;ACETILCISTEINA;2015-12-01;2016-04-01;ALTA, por demanda
ALTA;R05C  EXPECTORANTES;SIEGFRIED-MED;SENSEMOC;2015-10-01;SENSEMOC TABL EFERV 600 MG 20;ACETILCISTEINA;2016-08-01;2016-12-01;ALTA, por demanda
BAJA;R05C  EXPECTORANTES;MAVER;HIDRIVER;2018-01-01;HIDRIVER JARABE 100 ML;HEDERA HELIX;2018-04-01;2018-08-01;BAJA, por demanda
BAJA;R05C  EXPECTORANTES;MAVER;HIDRIVER;2018-01-01;HIDRIVER JARABE 100 ML;HEDERA HELIX;2018-12-01;2019-04-01;lanzamiento
BAJA;R05C  EXPECTORANTES;BRULUART;OXOLVAN;2003-10-01;OXOLVAN TABL 20;AMBROXOL;2014-12-01;2015-04-01;BAJA, por demanda
BAJA;R05C  EXPECTORANTES;BRULUART;OXOLVAN;2003-10-01;OXOLVAN TABL 20;AMBROXOL;2018-12-01;2019-04-01;lanzamiento
BAJA;R05C  EXPECTORANTES;SANFER CORP.;MUCOSOLVAN;2013-07-01;MUCOSOLVAN SOLN 12HRS 120 ML;AMBROXOL;2016-04-01;2016-08-01;lanzamiento
BAJA;R05C  EXPECTORANTES;SANFER CORP.;MUCOSOLVAN;2013-07-01;MUCOSOLVAN SOLN 12HRS 120 ML;AMBROXOL;2017-12-01;2018-04-01;lanzamiento
BAJA;R05C  EXPECTORANTES;SANFER CORP.;MUCOSOLVAN;2013-07-01;MUCOSOLVAN SOLN 12HRS 120 ML;AMBROXOL;2018-04-01;2018-08-01;BAJA, por demanda
BAJA;R05C  EXPECTORANTES;BAYER CORP.;CORICIDIN EXPEC;2002-07-01;CORICIDIN EXPEC TABL 30 MG /5MG 10;AMBROXOL + LORATADINA;2014-12-01;2015-04-01;BAJA, por demanda
BAJA;R05C  EXPECTORANTES;BAYER CORP.;CORICIDIN EXPEC;2002-07-01;CORICIDIN EXPEC TABL 30 MG /5MG 10;AMBROXOL + LORATADINA;2016-12-01;2017-04-01;lanzamiento
BAJA;R05C  EXPECTORANTES;BAYER CORP.;CORICIDIN EXPEC;2002-07-01;CORICIDIN EXPEC TABL 30 MG /5MG 10;AMBROXOL + LORATADINA;2017-12-01;2018-04-01;lanzamiento
BAJA;R05C  EXPECTORANTES;BRULUART;OXOLVAN;2003-10-01;OXOLVAN SOL .300 G 120 ML;AMBROXOL;2014-04-01;2014-08-01;lanzamiento
BAJA;R05C  EXPECTORANTES;BRULUART;OXOLVAN;2003-10-01;OXOLVAN SOL .300 G 120 ML;AMBROXOL;2016-12-01;2017-04-01;lanzamiento
BAJA;R05C  EXPECTORANTES;BRULUART;OXOLVAN;2003-10-01;OXOLVAN SOL .300 G 120 ML;AMBROXOL;2017-12-01;2018-04-01;lanzamiento
BAJA;R05C  EXPECTORANTES;SANFER CORP.;MUCOSOLVAN;1985-01-01;MUCOSOLVAN TABL 30 MG 20;AMBROXOL;2014-12-01;2015-04-01;BAJA, por demanda
BAJA;R05C  EXPECTORANTES;SANFER CORP.;MUCOSOLVAN;1985-01-01;MUCOSOLVAN TABL 30 MG 20;AMBROXOL;2015-04-01;2015-08-01;lanzamiento
ALTA;R05C  EXPECTORANTES;SANFER CORP.;MUCOSOLVAN;1985-01-01;MUCOSOLVAN TABL 30 MG 20;AMBROXOL;2016-08-01;2016-12-01;ALTA, por demanda
BAJA;R05C  EXPECTORANTES;SANFER CORP.;MUCOSOLVAN;1985-01-01;MUCOSOLVAN TABL 30 MG 20;AMBROXOL;2017-12-01;2018-04-01;lanzamiento
BAJA;R05C  EXPECTORANTES;SANFER CORP.;MUCOSOLVAN;1985-01-01;MUCOSOLVAN TABL 30 MG 20;AMBROXOL;2018-12-01;2019-04-01;lanzamiento
BAJA;R05C  EXPECTORANTES;BIOMEP S.A. DE C.V.;GRISTALIT;2012-05-01;GRISTALIT SOLN 30 ML;AMBROXOL + LORATADINA;2017-12-01;2018-04-01;lanzamiento
BAJA;R05C  EXPECTORANTES;BIOMEP S.A. DE C.V.;GRISTALIT;2012-05-01;GRISTALIT SOLN 30 ML;AMBROXOL + LORATADINA;2018-04-01;2018-08-01;BAJA, por demanda
BAJA;R05C  EXPECTORANTES;SANFER CORP.;SEKRETOVIT;2001-05-01;SEKRETOVIT SOLN INF 15 MG /5ML 100 ML;AMBROXOL;2016-04-01;2016-08-01;lanzamiento
BAJA;R05C  EXPECTORANTES;SANFER CORP.;SEKRETOVIT;2001-05-01;SEKRETOVIT SOLN INF 15 MG /5ML 100 ML;AMBROXOL;2016-12-01;2017-04-01;lanzamiento
BAJA;R05C  EXPECTORANTES;LOEFFLER;BROMICOF;2005-03-01;BROMICOF JBE AD 100 ML;BROMHEXINA;2017-08-01;2017-12-01;BAJA, por demanda
ALTA;R05C  EXPECTORANTES;BRULUART;AMBROXOL G.I BRU;2007-10-01;AMBROXOL G.I BRU CAPS 30 MG 20;AMBROXOL;2015-08-01;2015-12-01;ALTA, por demanda
BAJA;R05C  EXPECTORANTES;BRULUART;AMBROXOL G.I BRU;2007-10-01;AMBROXOL G.I BRU CAPS 30 MG 20;AMBROXOL;2018-12-01;2019-04-01;lanzamiento
BAJA;R05C  EXPECTORANTES;GENOMA LAB INT;TUKOL;1997-09-01;TUKOL JBE PED. 50 MG /5ML 125 ML;GUAIFENESINA;2014-12-01;2015-04-01;BAJA, por demanda
BAJA;R05C  EXPECTORANTES;PROTEIN-APOTEX;SALBUTA/AMBR G.I P;2007-07-01;SALBUTA/AMBR G.I P SOLN 120 ML;AMBROXOL + SALBUTAMOL;2016-12-01;2017-04-01;lanzamiento
BAJA;R05C  EXPECTORANTES;PROTEIN-APOTEX;SALBUTA/AMBR G.I P;2007-07-01;SALBUTA/AMBR G.I P SOLN 120 ML;AMBROXOL + SALBUTAMOL;2017-12-01;2018-04-01;lanzamiento
BAJA;R05C  EXPECTORANTES;PROTEIN-APOTEX;SALBUTA/AMBR G.I P;2007-07-01;SALBUTA/AMBR G.I P SOLN 120 ML;AMBROXOL + SALBUTAMOL;2018-04-01;2018-08-01;BAJA, por demanda
BAJA;R05C  EXPECTORANTES;PROTEIN-APOTEX;AMBROXOL PROTEIN;1999-02-01;AMBROXOL PROTEIN GOTAS 7.50 MG /1ML 30 ML;AMBROXOL;2018-04-01;2018-08-01;BAJA, por demanda
BAJA;R05C  EXPECTORANTES;DEGORTS;SALBU/AMBROX GI DE;2014-01-01;SALBU/AMBROX GI DE SOLN 150 MG /40 MG 120 ML;AMBROXOL + SALBUTAMOL;2016-12-01;2017-04-01;lanzamiento
BAJA;R05C  EXPECTORANTES;DEGORTS;SALBU/AMBROX GI DE;2014-01-01;SALBU/AMBROX GI DE SOLN 150 MG /40 MG 120 ML;AMBROXOL + SALBUTAMOL;2017-12-01;2018-04-01;lanzamiento
BAJA;R05C  EXPECTORANTES;BAYER CORP.;AXOL;2005-08-01;AXOL JBE 300 MG 120 ML;AMBROXOL;2014-12-01;2015-04-01;BAJA, por demanda
BAJA;R05C  EXPECTORANTES;BAYER CORP.;AXOL;2005-08-01;AXOL JBE 300 MG 120 ML;AMBROXOL;2015-04-01;2015-08-01;lanzamiento
BAJA;R05C  EXPECTORANTES;BAYER CORP.;AXOL;2005-08-01;AXOL JBE 300 MG 120 ML;AMBROXOL;2016-04-01;2016-08-01;lanzamiento
BAJA;R05C  EXPECTORANTES;BAYER CORP.;AXOL;2005-08-01;AXOL JBE 300 MG 120 ML;AMBROXOL;2016-12-01;2017-04-01;lanzamiento
BAJA;R05C  EXPECTORANTES;BAYER CORP.;AXOL;2005-08-01;AXOL JBE 300 MG 120 ML;AMBROXOL;2017-12-01;2018-04-01;lanzamiento
BAJA;R05C  EXPECTORANTES;BAYER CORP.;AXOL;2005-08-01;AXOL JBE 300 MG 120 ML;AMBROXOL;2018-04-01;2018-08-01;BAJA, por demanda
BAJA;R05C  EXPECTORANTES;BAYER CORP.;AXOL;2005-08-01;AXOL JBE 300 MG 120 ML;AMBROXOL;2018-12-01;2019-04-01;lanzamiento
BAJA;R05C  EXPECTORANTES;ITALMEX;GADITAL ENZIMATICO;1969-11-01;GADITAL ENZIMATICO A.IM  LIOF ADLT 3 2 ML;TRIPSINA;2014-12-01;2015-04-01;BAJA, por demanda
BAJA;R05C  EXPECTORANTES;ITALMEX;GADITAL ENZIMATICO;1969-11-01;GADITAL ENZIMATICO A.IM  LIOF ADLT 3 2 ML;TRIPSINA;2017-08-01;2017-12-01;BAJA, por demanda
BAJA;R05C  EXPECTORANTES;ITALMEX;GADITAL ENZIMATICO;1969-11-01;GADITAL ENZIMATICO A.IM  LIOF ADLT 3 2 ML;TRIPSINA;2017-12-01;2018-04-01;lanzamiento
BAJA;R05C  EXPECTORANTES;LOEFFLER;LORATA/AMBR G.I LO;2017-07-01;LORATA/AMBR G.I LO JARABE 100 MG /600 120 ML;AMBROXOL + LORATADINA;2017-12-01;2018-04-01;lanzamiento
BAJA;R05C  EXPECTORANTES;BIOMEP S.A. DE C.V.;GRISTALIT;2012-05-01;GRISTALIT SOLN 120 ML;AMBROXOL + LORATADINA;2018-12-01;2019-04-01;lanzamiento
ALTA;R05C  EXPECTORANTES;SIEGFRIED-MED;SENSEMOC;2015-10-01;SENSEMOC TABL EFERV 200 MG 20;ACETILCISTEINA;2015-12-01;2016-04-01;ALTA, por demanda
ALTA;R05C  EXPECTORANTES;SIEGFRIED-MED;SENSEMOC;2015-10-01;SENSEMOC TABL EFERV 200 MG 20;ACETILCISTEINA;2016-08-01;2016-12-01;ALTA, por demanda
BAJA;R05C  EXPECTORANTES;SIEGFRIED-MED;SENSEMOC;2015-10-01;SENSEMOC TABL EFERV 200 MG 20;ACETILCISTEINA;2018-04-01;2018-08-01;BAJA, por demanda
BAJA;R05C  EXPECTORANTES;TEVA CORPORACION;SIBILEX;2008-07-01;SIBILEX SOLN C/DOSIF 60 ML;AMBROXOL + LORATADINA + SALBUTAMOL;2015-04-01;2015-08-01;lanzamiento
BAJA;R05C  EXPECTORANTES;TEVA CORPORACION;SIBILEX;2008-07-01;SIBILEX SOLN C/DOSIF 60 ML;AMBROXOL + LORATADINA + SALBUTAMOL;2016-04-01;2016-08-01;lanzamiento
BAJA;R05C  EXPECTORANTES;CONCORDIA;LYSOMUCIL;2012-09-01;LYSOMUCIL SOLN FRAMB 2 % 120 ML;ACETILCISTEINA;2017-04-01;2017-08-01;BAJA, por demanda
BAJA;R05C  EXPECTORANTES;CONCORDIA;LYSOMUCIL;2012-09-01;LYSOMUCIL SOLN FRAMB 2 % 120 ML;ACETILCISTEINA;2017-12-01;2018-04-01;lanzamiento
BAJA;R05C  EXPECTORANTES;CONCORDIA;LYSOMUCIL;2012-09-01;LYSOMUCIL SOLN FRAMB 2 % 120 ML;ACETILCISTEINA;2018-04-01;2018-08-01;BAJA, por demanda
BAJA;R05C  EXPECTORANTES;SANOFI CORP;MUCOANGIN;2003-09-01;MUCOANGIN PAST MENT 20;AMBROXOL;2016-04-01;2016-08-01;lanzamiento
BAJA;R05C  EXPECTORANTES;SANOFI CORP;MUCOANGIN;2003-09-01;MUCOANGIN PAST MENT 20;AMBROXOL;2017-12-01;2018-04-01;lanzamiento
BAJA;R05C  EXPECTORANTES;SANFER CORP.;BISOLVON;2011-02-01;BISOLVON LINCTUS PED. 4 MG /5ML DUO 100+ 20 % ML;BROMHEXINA;2014-04-01;2014-08-01;lanzamiento
ALTA;R05C  EXPECTORANTES;SANFER CORP.;BISOLVON;2011-02-01;BISOLVON LINCTUS PED. 4 MG /5ML DUO 100+ 20 % ML;BROMHEXINA;2015-08-01;2015-12-01;ALTA, por demanda
ALTA;R05C  EXPECTORANTES;SANFER CORP.;BISOLVON;2011-02-01;BISOLVON LINCTUS PED. 4 MG /5ML DUO 100+ 20 % ML;BROMHEXINA;2016-08-01;2016-12-01;ALTA, por demanda
BAJA;R05C  EXPECTORANTES;SANFER CORP.;BISOLVON;2011-02-01;BISOLVON LINCTUS PED. 4 MG /5ML DUO 100+ 20 % ML;BROMHEXINA;2016-12-01;2017-04-01;lanzamiento
BAJA;R05C  EXPECTORANTES;SANFER CORP.;MUCOSOLVAN;2008-11-01;MUCOSOLVAN PAST SUAVES 15 MG 20;AMBROXOL;2014-04-01;2014-08-01;lanzamiento
BAJA;R05C  EXPECTORANTES;SANFER CORP.;MUCOSOLVAN;2008-11-01;MUCOSOLVAN PAST SUAVES 15 MG 20;AMBROXOL;2014-12-01;2015-04-01;BAJA, por demanda
BAJA;R05C  EXPECTORANTES;SANFER CORP.;MUCOSOLVAN;2008-11-01;MUCOSOLVAN PAST SUAVES 15 MG 20;AMBROXOL;2016-12-01;2017-04-01;lanzamiento
ALTA;R05C  EXPECTORANTES;BRULUART;ADRIBEL;2011-09-01;ADRIBEL SOLN 7.5 MG 120 ML;AMBROXOL + SALBUTAMOL;2016-08-01;2016-12-01;ALTA, por demanda
ALTA;R05C  EXPECTORANTES;GRUPO FARMACEUTICO SOMAR;AMBROXOL G.I SER;2004-10-01;AMBROXOL G.I SER SOL 15 MG 120 ML;AMBROXOL;2016-12-01;2017-04-01;BAJA, por demanda
BAJA;R05C  EXPECTORANTES;EUROMEX,LABS.;FULTAC;2004-03-01;FULTAC SOLN 120 ML;AMBROXOL + SALBUTAMOL;2014-08-01;2014-12-01;lanzamiento
BAJA;R05C  EXPECTORANTES;ARMSTRONG;NASTIZOL EX;2005-05-01;NASTIZOL EX CAPS 8 MG 15;BROMHEXINA;2014-12-01;2015-04-01;BAJA, por demanda
BAJA;R05C  EXPECTORANTES;NOVAG INFANCIA, S.A. DE C.V.;AMBROXOL G.I NOV;2009-07-01;AMBROXOL G.I NOV SOLN 300 MG 120 ML;AMBROXOL;2017-12-01;2018-04-01;lanzamiento
BAJA;R05C  EXPECTORANTES;NOVAG INFANCIA, S.A. DE C.V.;AMBROXOL G.I NOV;2009-07-01;AMBROXOL G.I NOV SOLN 300 MG 120 ML;AMBROXOL;2018-04-01;2018-08-01;BAJA, por demanda
BAJA;R05C  EXPECTORANTES;LOEFFLER;BROMHEXINA G.I LOE;2008-11-01;BROMHEXINA G.I LOE SUSP 160 MG 100 ML;BROMHEXINA;2016-12-01;2017-04-01;lanzamiento
BAJA;R05C  EXPECTORANTES;BAUSCH HEALTH;SALAMFLUX;2005-12-01;SALAMFLUX SOL 120 ML;AMBROXOL + SALBUTAMOL;2014-04-01;2014-08-01;lanzamiento
BAJA;R05C  EXPECTORANTES;BAUSCH HEALTH;SALAMFLUX;2005-12-01;SALAMFLUX SOL 120 ML;AMBROXOL + SALBUTAMOL;2016-04-01;2016-08-01;lanzamiento
BAJA;R05C  EXPECTORANTES;BRULUART;ADRIBEL;2005-11-01;ADRIBEL SOLN 150 MG /40 120 ML;AMBROXOL + SALBUTAMOL;2015-04-01;2015-08-01;lanzamiento
BAJA;R05C  EXPECTORANTES;BRULUART;ADRIBEL;2005-11-01;ADRIBEL SOLN 150 MG /40 120 ML;AMBROXOL + SALBUTAMOL;2015-12-01;2016-04-01;ALTA, por demanda
ALTA;R05C  EXPECTORANTES;DEGORTS;EBROMIN;2003-09-01;EBROMIN SOL 120 ML;AMBROXOL;2014-08-01;2014-12-01;ALTA, por demanda
BAJA;R05C  EXPECTORANTES;DEGORTS;EBROMIN;2003-09-01;EBROMIN SOL 120 ML;AMBROXOL;2014-12-01;2015-04-01;BAJA, por demanda
BAJA;R05C  EXPECTORANTES;DEGORTS;EBROMIN-P;2003-09-01;EBROMIN-P SOL 120 ML;AMBROXOL + CLENBUTEROL;2018-12-01;2019-04-01;lanzamiento
BAJA;R05C  EXPECTORANTES;SANFER CORP.;SEKRETOVIT EX;2000-11-01;SEKRETOVIT EX SOLN INF 150 MG 100 ML;AMBROXOL + CLENBUTEROL;2016-04-01;2016-08-01;lanzamiento
BAJA;R05C  EXPECTORANTES;SANFER CORP.;SEKRETOVIT EX;2000-11-01;SEKRETOVIT EX SOLN INF 150 MG 100 ML;AMBROXOL + CLENBUTEROL;2017-04-01;2017-08-01;BAJA, por demanda
BAJA;R05C  EXPECTORANTES;CORPORATIVO RAYERE;BROGAL COMPOSITUM;2003-02-01;BROGAL G.P. COMPOS SOL GTS 20 ML;AMBROXOL + CLENBUTEROL;2014-12-01;2015-04-01;BAJA, por demanda
BAJA;R05C  EXPECTORANTES;CORPORATIVO RAYERE;BROGAL COMPOSITUM;2003-02-01;BROGAL G.P. COMPOS SOL GTS 20 ML;AMBROXOL + CLENBUTEROL;2015-04-01;2015-08-01;lanzamiento
ALTA;R05C  EXPECTORANTES;CORPORATIVO RAYERE;BROGAL COMPOSITUM;2003-02-01;BROGAL G.P. COMPOS SOL GTS 20 ML;AMBROXOL + CLENBUTEROL;2015-08-01;2015-12-01;ALTA, por demanda
ALTA;R05C  EXPECTORANTES;KENER CORP.;TUSIBRON;2011-02-01;TUSIBRON TABL 30 MG 20;AMBROXOL;2016-04-01;2016-08-01;BAJA, por demanda
BAJA;R05C  EXPECTORANTES;KENER CORP.;TUSIBRON;2011-02-01;TUSIBRON TABL 30 MG 20;AMBROXOL;2017-04-01;2017-08-01;BAJA, por demanda
BAJA;R05C  EXPECTORANTES;PFIZER CORPORATION;DIMACOL;2010-08-01;DIMACOL SOLN AD 150 ML;DEXTROMETORFANO + FENILEFRINA + GUAIFENESINA;2015-12-01;2016-04-01;ALTA, por demanda
BAJA;R05C  EXPECTORANTES;PFIZER CORPORATION;DIMACOL;2010-08-01;DIMACOL SOLN AD 150 ML;DEXTROMETORFANO + FENILEFRINA + GUAIFENESINA;2016-12-01;2017-04-01;lanzamiento
BAJA;R05C  EXPECTORANTES;PFIZER CORPORATION;DIMACOL;2010-08-01;DIMACOL SOLN AD 150 ML;DEXTROMETORFANO + FENILEFRINA + GUAIFENESINA;2017-12-01;2018-04-01;lanzamiento
BAJA;R05C  EXPECTORANTES;PFIZER CORPORATION;DIMACOL;2010-08-01;DIMACOL SOLN AD 150 ML;DEXTROMETORFANO + FENILEFRINA + GUAIFENESINA;2018-04-01;2018-08-01;BAJA, por demanda
BAJA;R05C  EXPECTORANTES;PFIZER CORPORATION;DIMACOL;2010-08-01;DIMACOL SOLN AD 150 ML;DEXTROMETORFANO + FENILEFRINA + GUAIFENESINA;2018-12-01;2019-04-01;lanzamiento
ALTA;R05C  EXPECTORANTES;GELPHARMA S.A.;AMBROX/CLENB GI GE;2013-10-01;AMBROX/CLENB GI GE SUSP 150 MG /100 120 ML;AMBROXOL + CLENBUTEROL;2014-12-01;2015-04-01;BAJA, por demanda
BAJA;R05C  EXPECTORANTES;GELPHARMA S.A.;AMBROX/CLENB GI GE;2013-10-01;AMBROX/CLENB GI GE SUSP 150 MG /100 120 ML;AMBROXOL + CLENBUTEROL;2016-04-01;2016-08-01;lanzamiento
ALTA;R05C  EXPECTORANTES;SANFER CORP.;BISOLVON;1976-10-01;BISOLVON LINCTUS PED. 4 MG /5ML 100 ML;BROMHEXINA;2016-12-01;2017-04-01;BAJA, por demanda
ALTA;R05C  EXPECTORANTES;SANFER CORP.;MUCOSOLVAN COMPOSI;1988-08-01;MUCOSOLVAN COMPOSI TABL 20;AMBROXOL + CLENBUTEROL;2014-04-01;2014-08-01;BAJA, por demanda
ALTA;R05C  EXPECTORANTES;SANFER CORP.;MUCOSOLVAN COMPOSI;1988-08-01;MUCOSOLVAN COMPOSI TABL 20;AMBROXOL + CLENBUTEROL;2015-12-01;2016-04-01;ALTA, por demanda
ALTA;R05C  EXPECTORANTES;SANFER CORP.;MUCOSOLVAN COMPOSI;1988-08-01;MUCOSOLVAN COMPOSI TABL 20;AMBROXOL + CLENBUTEROL;2016-08-01;2016-12-01;ALTA, por demanda
BAJA;R05C  EXPECTORANTES;NOVARTIS CORP.;ACC;2002-09-01;ACC SOL 150 ML;ACETILCISTEINA;2015-04-01;2015-08-01;lanzamiento
BAJA;R05C  EXPECTORANTES;CARNOT;BROXOL PLUS;1991-07-01;BROXOL PLUS JBE 120 ML;AMBROXOL + CLENBUTEROL;2017-12-01;2018-04-01;lanzamiento
BAJA;R05C  EXPECTORANTES;CARNOT;BROXOL PLUS;1991-07-01;BROXOL PLUS JBE 120 ML;AMBROXOL + CLENBUTEROL;2018-12-01;2019-04-01;lanzamiento
ALTA;R05C  EXPECTORANTES;ULTRA LABORATORIOS;ULAX-F;2007-06-01;ULAX-F SOLN 120 ML;AMBROXOL;2015-08-01;2015-12-01;ALTA, por demanda
ALTA;R05C  EXPECTORANTES;ULTRA LABORATORIOS;ULAX-F;2007-06-01;ULAX-F SOLN 120 ML;AMBROXOL;2016-12-01;2017-04-01;BAJA, por demanda
ALTA;R05C  EXPECTORANTES;PROCTER&GAMBLE COR;VICK-44;2009-09-01;VICK-44 JBE EXP 120M +VIC PAST LIMO;DEXTROMETORFANO + GUAIFENESINA;2014-08-01;2014-12-01;ALTA, por demanda
BAJA;R05C  EXPECTORANTES;LABORATORIOS PROPHARMA SA CV;SURDRIL;2016-11-01;SURDRIL JBE INF 118 ML;DEXTROMETORFANO + GUAIFENESINA;2016-12-01;2017-04-01;lanzamiento
BAJA;R05C  EXPECTORANTES;SIEGFRIED-MED;PANOTO-S;2013-02-01;PANOTO-S JBE 200 ML;HEDERA HELIX;2017-12-01;2018-04-01;lanzamiento
BAJA;R05C  EXPECTORANTES;SIEGFRIED-MED;PANOTO-S;2013-02-01;PANOTO-S JBE 200 ML;HEDERA HELIX;2018-12-01;2019-04-01;lanzamiento
BAJA;R05C  EXPECTORANTES;DEGORTS;NORMOFLEX;2005-06-01;NORMOFLEX SOL AD 160 MG 100 ML;BROMHEXINA;2017-04-01;2017-08-01;BAJA, por demanda
ALTA;R05C  EXPECTORANTES;DEGORTS;NORMOFLEX;2005-06-01;NORMOFLEX SOL AD 160 MG 100 ML;BROMHEXINA;2017-08-01;2017-12-01;BAJA, por demanda
BAJA;R05C  EXPECTORANTES;DEGORTS;NORMOFLEX;2005-06-01;NORMOFLEX SOL AD 160 MG 100 ML;BROMHEXINA;2017-12-01;2018-04-01;lanzamiento
BAJA;R05C  EXPECTORANTES;DEGORTS;NORMOFLEX;2005-06-01;NORMOFLEX SOL AD 160 MG 100 ML;BROMHEXINA;2018-04-01;2018-08-01;BAJA, por demanda
ALTA;R05C  EXPECTORANTES;DEGORTS;NORMOFLEX;2005-06-01;NORMOFLEX SOL AD 160 MG 100 ML;BROMHEXINA;2018-08-01;2018-12-01;ALTA, por demanda
BAJA;R05C  EXPECTORANTES;LIOMONT, CORPORATION;MUCOVIBROL C;1997-09-01;MUCOVIBROL C GOTAS ORAL 20 ML;AMBROXOL + CLENBUTEROL;2016-04-01;2016-08-01;lanzamiento
BAJA;R05C  EXPECTORANTES;I.Q.F.A.;SERBOL G;2005-12-01;SERBOL SOLN 120 ML;AMBROXOL + CLENBUTEROL;2014-12-01;2015-04-01;BAJA, por demanda
ALTA;R05C  EXPECTORANTES;I.Q.F.A.;LOEXOM;2006-04-01;LOEXOM TABL 30 MG 20;AMBROXOL;2017-12-01;2018-04-01;BAJA, por demanda
BAJA;R05C  EXPECTORANTES;BAYER CORP.;AXOL;2005-08-01;AXOL CAPS 30 MG 20;AMBROXOL;2014-12-01;2015-04-01;BAJA, por demanda
BAJA;R05C  EXPECTORANTES;BAYER CORP.;AXOL;2005-08-01;AXOL CAPS 30 MG 20;AMBROXOL;2016-04-01;2016-08-01;lanzamiento
BAJA;R05C  EXPECTORANTES;BAYER CORP.;AXOL;2005-08-01;AXOL CAPS 30 MG 20;AMBROXOL;2017-12-01;2018-04-01;lanzamiento
BAJA;R05C  EXPECTORANTES;BAYER CORP.;AXOL;2005-08-01;AXOL CAPS 30 MG 20;AMBROXOL;2018-04-01;2018-08-01;BAJA, por demanda
BAJA;R05C  EXPECTORANTES;BAYER CORP.;AXOL;2005-08-01;AXOL CAPS 30 MG 20;AMBROXOL;2018-12-01;2019-04-01;lanzamiento
BAJA;R05C  EXPECTORANTES;GENOMA LAB INT;AMBROXOL GI MMN;2009-08-01;AMBROXOL GI MMN CPR 30 MG 20;AMBROXOL;2014-08-01;2014-12-01;lanzamiento
BAJA;R05C  EXPECTORANTES;GENOMA LAB INT;AMBROXOL GI MMN;2009-08-01;AMBROXOL GI MMN GOTAS 7.5 MG 30  ML;AMBROXOL;2014-04-01;2014-08-01;lanzamiento
BAJA;R05C  EXPECTORANTES;GENOMA LAB INT;AMBROXOL GI MMN;2009-08-01;AMBROXOL GI MMN GOTAS 7.5 MG 30  ML;AMBROXOL;2015-04-01;2015-08-01;lanzamiento
BAJA;R05C  EXPECTORANTES;CARNOT;BROXOL;1992-10-01;BROXOL GOTAS PED. 7.50 MG /1ML 30 ML;AMBROXOL;2017-04-01;2017-08-01;BAJA, por demanda
BAJA;R05C  EXPECTORANTES;BAYER CORP.;BROQUIXOL;2001-01-01;BROQUIXOL TABL 30 MG 10;AMBROXOL + LORATADINA;2014-12-01;2015-04-01;BAJA, por demanda
ALTA;R05C  EXPECTORANTES;BAYER CORP.;BROQUIXOL;2001-01-01;BROQUIXOL TABL 30 MG 10;AMBROXOL + LORATADINA;2015-04-01;2015-08-01;BAJA, por demanda
ALTA;R05C  EXPECTORANTES;BAYER CORP.;BROQUIXOL;2001-01-01;BROQUIXOL TABL 30 MG 10;AMBROXOL + LORATADINA;2015-08-01;2015-12-01;ALTA, por demanda
BAJA;R05C  EXPECTORANTES;BAYER CORP.;BROQUIXOL;2001-01-01;BROQUIXOL TABL 30 MG 10;AMBROXOL + LORATADINA;2016-04-01;2016-08-01;lanzamiento
BAJA;R05C  EXPECTORANTES;BAYER CORP.;BROQUIXOL;2001-01-01;BROQUIXOL TABL 30 MG 10;AMBROXOL + LORATADINA;2017-12-01;2018-04-01;lanzamiento
ALTA;R05C  EXPECTORANTES;CORPORATIVO RAYERE;DELIGLUS;2013-10-01;DELIGLUS SOL 10 MG /ML 100 ML;ACEBROFILINA;2014-08-01;2014-12-01;ALTA, por demanda
ALTA;R05C  EXPECTORANTES;CORPORATIVO RAYERE;DELIGLUS;2013-10-01;DELIGLUS SOL 10 MG /ML 100 ML;ACEBROFILINA;2015-08-01;2015-12-01;ALTA, por demanda
BAJA;R05C  EXPECTORANTES;CORPORATIVO RAYERE;DELIGLUS;2013-10-01;DELIGLUS SOL 10 MG /ML 100 ML;ACEBROFILINA;2017-04-01;2017-08-01;BAJA, por demanda
BAJA;R05C  EXPECTORANTES;CORPORATIVO RAYERE;DELIGLUS;2013-10-01;DELIGLUS SOL 10 MG /ML 100 ML;ACEBROFILINA;2017-12-01;2018-04-01;lanzamiento
BAJA;R05C  EXPECTORANTES;CORPORATIVO RAYERE;DELIGLUS;2013-10-01;DELIGLUS SOL 10 MG /ML 100 ML;ACEBROFILINA;2018-12-01;2019-04-01;lanzamiento
ALTA;R05C  EXPECTORANTES;PISA;ANASEPTIL;2015-06-01;ANASEPTIL SOLN .040 G /.15 60 ML;AMBROXOL + SALBUTAMOL;2015-08-01;2015-12-01;ALTA, por demanda
BAJA;R05C  EXPECTORANTES;PISA;ANASEPTIL;2015-06-01;ANASEPTIL SOLN .040 G /.15 60 ML;AMBROXOL + SALBUTAMOL;2017-04-01;2017-08-01;BAJA, por demanda
BAJA;R05C  EXPECTORANTES;PISA;ANASEPTIL;2015-06-01;ANASEPTIL SOLN .040 G /.15 60 ML;AMBROXOL + SALBUTAMOL;2018-12-01;2019-04-01;lanzamiento
ALTA;R05C  EXPECTORANTES;ARLEX;AMBODIL;2003-03-01;AMBODIL SOLN 15 MG /5ML 120 ML;AMBROXOL;2015-08-01;2015-12-01;ALTA, por demanda
ALTA;R05C  EXPECTORANTES;ARLEX;AMBODIL;2003-03-01;AMBODIL SOLN 15 MG /5ML 120 ML;AMBROXOL;2018-04-01;2018-08-01;BAJA, por demanda
BAJA;R05C  EXPECTORANTES;FARCORAL,PROFESIONAL MEDICA;BROXOFAR;2006-09-01;BROXOFAR SOLN 7.5 MG 30 ML;AMBROXOL;2017-04-01;2017-08-01;BAJA, por demanda
BAJA;R05C  EXPECTORANTES;I.Q.F.A.;SERBOL G;2006-04-01;SERBOL TABL 20;AMBROXOL + CLENBUTEROL;2014-12-01;2015-04-01;BAJA, por demanda
BAJA;R05C  EXPECTORANTES;LIOMONT, CORPORATION;MUCOFLUX;2003-11-01;MUCOFLUX SOL 120 ML;AMBROXOL + SALBUTAMOL;2015-04-01;2015-08-01;lanzamiento
BAJA;R05C  EXPECTORANTES;LIOMONT, CORPORATION;MUCOFLUX;2003-11-01;MUCOFLUX SOL 120 ML;AMBROXOL + SALBUTAMOL;2016-04-01;2016-08-01;lanzamiento
BAJA;R05C  EXPECTORANTES;LIOMONT, CORPORATION;MUCOFLUX;2003-11-01;MUCOFLUX SOL 120 ML;AMBROXOL + SALBUTAMOL;2017-04-01;2017-08-01;BAJA, por demanda
BAJA;R05C  EXPECTORANTES;LIOMONT, CORPORATION;MUCOFLUX;2003-11-01;MUCOFLUX SOL 120 ML;AMBROXOL + SALBUTAMOL;2017-12-01;2018-04-01;lanzamiento
BAJA;R05C  EXPECTORANTES;CARNOT;DOSTEIN;1997-09-01;DOSTEIN CAPS 300 MG 20;ERDOSTEINA;2014-12-01;2015-04-01;BAJA, por demanda
BAJA;R05C  EXPECTORANTES;CARNOT;DOSTEIN;1997-09-01;DOSTEIN CAPS 300 MG 20;ERDOSTEINA;2017-12-01;2018-04-01;lanzamiento
BAJA;R05C  EXPECTORANTES;CARNOT;DOSTEIN;1997-09-01;DOSTEIN CAPS 300 MG 20;ERDOSTEINA;2018-12-01;2019-04-01;lanzamiento
BAJA;R05C  EXPECTORANTES;CORPORATIVO RAYERE;NEUMYN AS;2004-06-01;NEUMYN AS SOL 120 ML;AMBROXOL + SALBUTAMOL;2014-12-01;2015-04-01;BAJA, por demanda
BAJA;R05C  EXPECTORANTES;QUIFA PERRIGO;BROMHEXINA G.I QYF;2009-02-01;BROMHEXINA G.I QYF SOL ADTO 8 MG 100 ML;BROMHEXINA;2014-04-01;2014-08-01;lanzamiento
BAJA;R05C  EXPECTORANTES;QUIFA PERRIGO;BROMHEXINA G.I QYF;2009-02-01;BROMHEXINA G.I QYF SOL ADTO 8 MG 100 ML;BROMHEXINA;2017-12-01;2018-04-01;lanzamiento
BAJA;R05C  EXPECTORANTES;QUIFA PERRIGO;BROMHEXINA G.I QYF;2009-02-01;BROMHEXINA G.I QYF SOL ADTO 8 MG 100 ML;BROMHEXINA;2018-04-01;2018-08-01;BAJA, por demanda
ALTA;R05C  EXPECTORANTES;GENOMA LAB INT;AMBR/LORATA GI MMN;2009-08-01;AMBR/LORATA GI MMN SUSP 120 ML;AMBROXOL + LORATADINA;2015-04-01;2015-08-01;BAJA, por demanda
BAJA;R05C  EXPECTORANTES;SANFER CORP.;BISOLVON;2009-10-01;BISOLVON LINCTUS 8 MG /5ML 100ML +20% GTIS;BROMHEXINA;2014-04-01;2014-08-01;lanzamiento
BAJA;R05C  EXPECTORANTES;SANFER CORP.;BISOLVON;2009-10-01;BISOLVON LINCTUS 8 MG /5ML 100ML +20% GTIS;BROMHEXINA;2014-12-01;2015-04-01;BAJA, por demanda
BAJA;R05C  EXPECTORANTES;SANFER CORP.;BISOLVON;2009-10-01;BISOLVON LINCTUS 8 MG /5ML 100ML +20% GTIS;BROMHEXINA;2018-12-01;2019-04-01;lanzamiento
BAJA;R05C  EXPECTORANTES;COLUMBIA CORP;AMBROXOL G.I COLUM;2014-07-01;AMBROXOL G.I COLUM SOL 300 MG 120 ML;AMBROXOL;2016-12-01;2017-04-01;lanzamiento
BAJA;R05C  EXPECTORANTES;COLLINS;AMBROX/LORAT GI CO;2012-12-01;AMBROX/LORAT GI CO SOLN 600 MG /100 120 ML;AMBROXOL + LORATADINA;2016-04-01;2016-08-01;lanzamiento
BAJA;R05C  EXPECTORANTES;COLLINS;AMBROX/LORAT GI CO;2012-12-01;AMBROX/LORAT GI CO SOLN 600 MG /100 120 ML;AMBROXOL + LORATADINA;2016-12-01;2017-04-01;lanzamiento
BAJA;R05C  EXPECTORANTES;COLLINS;AMBROX/LORAT GI CO;2012-12-01;AMBROX/LORAT GI CO SOLN 600 MG /100 120 ML;AMBROXOL + LORATADINA;2017-08-01;2017-12-01;BAJA, por demanda
BAJA;R05C  EXPECTORANTES;SOLFRAN;TOBRIN;2010-12-01;TOBRIN JBE 120 ML;AMBROXOL;2014-04-01;2014-08-01;lanzamiento
ALTA;R05C  EXPECTORANTES;SOLFRAN;TOBRIN;2010-12-01;TOBRIN JBE 120 ML;AMBROXOL;2016-08-01;2016-12-01;ALTA, por demanda
BAJA;R05C  EXPECTORANTES;SOLFRAN;TOBRIN;2010-12-01;TOBRIN JBE 120 ML;AMBROXOL;2016-12-01;2017-04-01;lanzamiento
BAJA;R05C  EXPECTORANTES;LIOMONT, CORPORATION;SENSIBIT XP;2004-10-01;SENSIBIT XP SOL C/DOS PI 120 ML;AMBROXOL + LORATADINA;2015-04-01;2015-08-01;lanzamiento
BAJA;R05C  EXPECTORANTES;LIOMONT, CORPORATION;SENSIBIT XP;2004-10-01;SENSIBIT XP SOL C/DOS PI 120 ML;AMBROXOL + LORATADINA;2017-12-01;2018-04-01;lanzamiento
BAJA;R05C  EXPECTORANTES;LIOMONT, CORPORATION;SENSIBIT XP;2004-10-01;SENSIBIT XP SOL C/DOS PI 120 ML;AMBROXOL + LORATADINA;2018-04-01;2018-08-01;BAJA, por demanda
BAJA;R05C  EXPECTORANTES;LIOMONT, CORPORATION;SENSIBIT XP;2004-10-01;SENSIBIT XP SOL C/DOS PI 120 ML;AMBROXOL + LORATADINA;2018-12-01;2019-04-01;lanzamiento
ALTA;R05C  EXPECTORANTES;I.Q.F.A.;AMBROXOL G.I I.Q.F;2013-08-01;AMBROXOL G.I I.Q.F TABL 30 MG 20;AMBROXOL;2014-04-01;2014-08-01;BAJA, por demanda
BAJA;R05C  EXPECTORANTES;I.Q.F.A.;AMBROXOL G.I I.Q.F;2013-08-01;AMBROXOL G.I I.Q.F TABL 30 MG 20;AMBROXOL;2016-04-01;2016-08-01;lanzamiento
BAJA;R05C  EXPECTORANTES;FARCORAL,PROFESIONAL MEDICA;AMBROXOL G.I FARC;2016-07-01;AMBROXOL G.I FARC GTS 7.5 MG 30 ML;AMBROXOL;2016-12-01;2017-04-01;lanzamiento
BAJA;R05C  EXPECTORANTES;GLAXO SMITHKLINE CORP.;TESACOF;1996-01-01;TESACOF SOL.EXPE.INF 80 MG /5ML 100 ML;BROMHEXINA;2015-04-01;2015-08-01;lanzamiento
BAJA;R05C  EXPECTORANTES;GLAXO SMITHKLINE CORP.;TESACOF;1996-01-01;TESACOF SOL.EXPE.INF 80 MG /5ML 100 ML;BROMHEXINA;2016-12-01;2017-04-01;lanzamiento
BAJA;R05C  EXPECTORANTES;GLAXO SMITHKLINE CORP.;TESACOF;1996-01-01;TESACOF SOL.EXPE.INF 80 MG /5ML 100 ML;BROMHEXINA;2017-04-01;2017-08-01;BAJA, por demanda
BAJA;R05C  EXPECTORANTES;SANFER CORP.;AEROFLUX;1997-01-01;AEROFLUX JBE 120 ML;AMBROXOL + SALBUTAMOL;2016-04-01;2016-08-01;lanzamiento
BAJA;R05C  EXPECTORANTES;SANFER CORP.;AEROFLUX;1997-01-01;AEROFLUX JBE 120 ML;AMBROXOL + SALBUTAMOL;2017-12-01;2018-04-01;lanzamiento
BAJA;R05C  EXPECTORANTES;SANFER CORP.;AEROFLUX;1997-01-01;AEROFLUX JBE 120 ML;AMBROXOL + SALBUTAMOL;2018-12-01;2019-04-01;lanzamiento
ALTA;R05C  EXPECTORANTES;FARMACOS CONTINENTALES;MUSALTEN;2007-06-01;MUSALTEN SOLN 120 ML;AMBROXOL;2015-12-01;2016-04-01;ALTA, por demanda
BAJA;R05C  EXPECTORANTES;FARMACOS CONTINENTALES;MUSALTEN;2007-06-01;MUSALTEN SOLN 120 ML;AMBROXOL;2017-12-01;2018-04-01;lanzamiento
ALTA;R05C  EXPECTORANTES;VICTORY ENTERPRISE;CILONAXOL;2006-09-01;CILONAXOL TABL 30;AMBROXOL + LORATADINA;2014-08-01;2014-12-01;ALTA, por demanda
BAJA;R05C  EXPECTORANTES;VICTORY ENTERPRISE;CILONAXOL;2006-09-01;CILONAXOL TABL 30;AMBROXOL + LORATADINA;2016-12-01;2017-04-01;lanzamiento
BAJA;R05C  EXPECTORANTES;VICTORY ENTERPRISE;CILONAXOL;2006-09-01;CILONAXOL TABL 30;AMBROXOL + LORATADINA;2018-04-01;2018-08-01;BAJA, por demanda
BAJA;R05C  EXPECTORANTES;SANFER CORP.;BISOLVON;1993-01-01;BISOLVON LINCTUS 8 MG /5ML 100 ML;BROMHEXINA;2014-12-01;2015-04-01;BAJA, por demanda
ALTA;R05C  EXPECTORANTES;SANFER CORP.;BISOLVON;1993-01-01;BISOLVON LINCTUS 8 MG /5ML 100 ML;BROMHEXINA;2016-04-01;2016-08-01;BAJA, por demanda
BAJA;R05C  EXPECTORANTES;SANFER CORP.;BISOLVON;1993-01-01;BISOLVON LINCTUS 8 MG /5ML 100 ML;BROMHEXINA;2018-12-01;2019-04-01;lanzamiento
BAJA;R05C  EXPECTORANTES;CHINOIN;SEPTACIN;1998-01-01;SEPTACIN SOLN  ORAL 15 MG /5ML 120 ML;AMBROXOL;2017-04-01;2017-08-01;BAJA, por demanda
BAJA;R05C  EXPECTORANTES;CHINOIN;SEPTACIN;1998-01-01;SEPTACIN SOLN  ORAL 15 MG /5ML 120 ML;AMBROXOL;2017-12-01;2018-04-01;lanzamiento
ALTA;R05C  EXPECTORANTES;CHINOIN;SEPTACIN;1998-01-01;SEPTACIN SOLN  ORAL 15 MG /5ML 120 ML;AMBROXOL;2018-04-01;2018-08-01;BAJA, por demanda
ALTA;R05C  EXPECTORANTES;CHINOIN;SEPTACIN;1998-01-01;SEPTACIN SOLN  ORAL 15 MG /5ML 120 ML;AMBROXOL;2018-08-01;2018-12-01;ALTA, por demanda
BAJA;R05C  EXPECTORANTES;CHINOIN;SEPTACIN;1998-01-01;SEPTACIN SOLN  ORAL 15 MG /5ML 120 ML;AMBROXOL;2018-12-01;2019-04-01;lanzamiento
BAJA;R05C  EXPECTORANTES;SANOFI CORP;MUCOLIN;1976-09-01;MUCOLIN CAPS 20;CARBOCISTEINA;2014-12-01;2015-04-01;BAJA, por demanda
BAJA;R05C  EXPECTORANTES;SANOFI CORP;MUCOLIN;1976-09-01;MUCOLIN CAPS 20;CARBOCISTEINA;2017-12-01;2018-04-01;lanzamiento
BAJA;R05C  EXPECTORANTES;SANOFI CORP;MUCOLIN;1976-09-01;MUCOLIN CAPS 20;CARBOCISTEINA;2018-12-01;2019-04-01;lanzamiento
ALTA;R05C  EXPECTORANTES;BTK FARMA;AMBROXOL G.I BTK;2013-02-01;AMBROXOL G.I BTK SOL 300 MG 120 ML;AMBROXOL;2015-08-01;2015-12-01;ALTA, por demanda
BAJA;R05C  EXPECTORANTES;BTK FARMA;AMBROXOL G.I BTK;2013-02-01;AMBROXOL G.I BTK SOL 300 MG 120 ML;AMBROXOL;2016-04-01;2016-08-01;lanzamiento
BAJA;R05C  EXPECTORANTES;BTK FARMA;AMBROXOL G.I BTK;2013-02-01;AMBROXOL G.I BTK SOL 300 MG 120 ML;AMBROXOL;2016-12-01;2017-04-01;lanzamiento
ALTA;R05C  EXPECTORANTES;SANFER CORP.;MUCOSOLVAN;2007-04-01;MUCOSOLVAN JBE 15 MG /5ML 2 120 ML;AMBROXOL;2015-08-01;2015-12-01;ALTA, por demanda
ALTA;R05C  EXPECTORANTES;SANFER CORP.;MUCOSOLVAN;2007-04-01;MUCOSOLVAN JBE 15 MG /5ML 2 120 ML;AMBROXOL;2016-08-01;2016-12-01;ALTA, por demanda
ALTA;R05C  EXPECTORANTES;PISA;ANASEPTIL;2015-06-01;ANASEPTIL SOLN .040 G /.15 120 ML;AMBROXOL + SALBUTAMOL;2015-08-01;2015-12-01;ALTA, por demanda
BAJA;R05C  EXPECTORANTES;PISA;ANASEPTIL;2015-06-01;ANASEPTIL SOLN .040 G /.15 120 ML;AMBROXOL + SALBUTAMOL;2017-04-01;2017-08-01;BAJA, por demanda
BAJA;R05C  EXPECTORANTES;PISA;ANASEPTIL;2015-06-01;ANASEPTIL SOLN .040 G /.15 120 ML;AMBROXOL + SALBUTAMOL;2018-04-01;2018-08-01;BAJA, por demanda
BAJA;R05C  EXPECTORANTES;PISA;ANASEPTIL;2015-06-01;ANASEPTIL SOLN .040 G /.15 120 ML;AMBROXOL + SALBUTAMOL;2018-12-01;2019-04-01;lanzamiento
BAJA;R05C  EXPECTORANTES;LIOMONT, CORPORATION;MUCOVIBROL T;1996-09-01;MUCOVIBROL T POLVO SOBRES 30 MG ADLT 10 3 G;AMBROXOL;2014-12-01;2015-04-01;BAJA, por demanda
BAJA;R05C  EXPECTORANTES;LIOMONT, CORPORATION;MUCOVIBROL T;1996-09-01;MUCOVIBROL T POLVO SOBRES 30 MG ADLT 10 3 G;AMBROXOL;2017-12-01;2018-04-01;lanzamiento
BAJA;R05C  EXPECTORANTES;LIOMONT, CORPORATION;MUCOVIBROL T;1996-09-01;MUCOVIBROL T POLVO SOBRES 30 MG ADLT 10 3 G;AMBROXOL;2018-12-01;2019-04-01;lanzamiento
ALTA;R05C  EXPECTORANTES;VICTORY ENTERPRISE;LORATA/AMBRO G.I V;2009-10-01;LORATA/AMBRO G.I V TABL 10;AMBROXOL + LORATADINA;2015-08-01;2015-12-01;ALTA, por demanda
BAJA;R05C  EXPECTORANTES;VICTORY ENTERPRISE;LORATA/AMBRO G.I V;2009-10-01;LORATA/AMBRO G.I V TABL 10;AMBROXOL + LORATADINA;2017-12-01;2018-04-01;lanzamiento
BAJA;R05C  EXPECTORANTES;VICTORY ENTERPRISE;LORATA/AMBRO G.I V;2009-10-01;LORATA/AMBRO G.I V TABL 10;AMBROXOL + LORATADINA;2018-04-01;2018-08-01;BAJA, por demanda
BAJA;R05C  EXPECTORANTES;JOHNSON+JOHNSON CO;BENADRYL E N/F;1994-10-01;BENADRYL E N/F JBE 150 ML;DIFENHIDRAMINA + GUAIFENESINA;2014-04-01;2014-08-01;lanzamiento
ALTA;R05C  EXPECTORANTES;JOHNSON+JOHNSON CO;BENADRYL E N/F;1994-10-01;BENADRYL E N/F JBE 150 ML;DIFENHIDRAMINA + GUAIFENESINA;2015-08-01;2015-12-01;ALTA, por demanda
BAJA;R05C  EXPECTORANTES;JOHNSON+JOHNSON CO;BENADRYL E N/F;1994-10-01;BENADRYL E N/F JBE 150 ML;DIFENHIDRAMINA + GUAIFENESINA;2017-04-01;2017-08-01;BAJA, por demanda
BAJA;R05C  EXPECTORANTES;JOHNSON+JOHNSON CO;BENADRYL E N/F;1994-10-01;BENADRYL E N/F JBE 150 ML;DIFENHIDRAMINA + GUAIFENESINA;2017-12-01;2018-04-01;lanzamiento
BAJA;R05C  EXPECTORANTES;JOHNSON+JOHNSON CO;BENADRYL E N/F;1994-10-01;BENADRYL E N/F JBE 150 ML;DIFENHIDRAMINA + GUAIFENESINA;2018-12-01;2019-04-01;lanzamiento
BAJA;R05C  EXPECTORANTES;VITAE;AMBROXOL G.I VIT;2009-01-01;AMBROXOL G.I VIT TABL 30 MG 20;AMBROXOL;2014-12-01;2015-04-01;BAJA, por demanda
BAJA;R05C  EXPECTORANTES;VITAE;AMBROXOL G.I VIT;2009-01-01;AMBROXOL G.I VIT TABL 30 MG 20;AMBROXOL;2016-04-01;2016-08-01;lanzamiento
BAJA;R05C  EXPECTORANTES;VITAE;AMBROXOL G.I VIT;2009-01-01;AMBROXOL G.I VIT TABL 30 MG 20;AMBROXOL;2018-04-01;2018-08-01;BAJA, por demanda
BAJA;R05C  EXPECTORANTES;VITAE;AMBROXOL G.I VIT;2009-01-01;AMBROXOL G.I VIT TABL 30 MG 20;AMBROXOL;2018-12-01;2019-04-01;lanzamiento
ALTA;R05C  EXPECTORANTES;SANFER CORP.;BISOLVON;2012-10-01;BISOLVON SOLN 10 MG /5ML 50 ML;BROMHEXINA;2014-08-01;2014-12-01;ALTA, por demanda
BAJA;R05C  EXPECTORANTES;SANFER CORP.;BISOLVON;2012-10-01;BISOLVON SOLN 10 MG /5ML 50 ML;BROMHEXINA;2014-12-01;2015-04-01;BAJA, por demanda
ALTA;R05C  EXPECTORANTES;CHINOIN;SEPTACIN;1998-01-01;SEPTACIN GOTAS ORAL 7.50 MG /1ML 30 ML;AMBROXOL;2016-04-01;2016-08-01;BAJA, por demanda
BAJA;R05C  EXPECTORANTES;CHINOIN;SEPTACIN;1998-01-01;SEPTACIN GOTAS ORAL 7.50 MG /1ML 30 ML;AMBROXOL;2017-12-01;2018-04-01;lanzamiento
BAJA;R05C  EXPECTORANTES;CHINOIN;SEPTACIN;1998-01-01;SEPTACIN GOTAS ORAL 7.50 MG /1ML 30 ML;AMBROXOL;2018-04-01;2018-08-01;BAJA, por demanda
BAJA;R05C  EXPECTORANTES;CHINOIN;SEPTACIN;1998-01-01;SEPTACIN GOTAS ORAL 7.50 MG /1ML 30 ML;AMBROXOL;2018-12-01;2019-04-01;lanzamiento
BAJA;R05C  EXPECTORANTES;ITALMEX;GADITAL;2007-03-01;GADITAL CAPS 16;CLORFENAMINA + GUAIFENESINA + PROXIFILINA;2014-12-01;2015-04-01;BAJA, por demanda
ALTA;R05C  EXPECTORANTES;ITALMEX;GADITAL;2007-03-01;GADITAL CAPS 16;CLORFENAMINA + GUAIFENESINA + PROXIFILINA;2015-08-01;2015-12-01;ALTA, por demanda
BAJA;R05C  EXPECTORANTES;ULTRA LABORATORIOS;AMBROXOL G.I ULT;2007-06-01;AMBROXOL G.I ULT SOLN 120 ML;AMBROXOL;2014-08-01;2014-12-01;lanzamiento
BAJA;R05C  EXPECTORANTES;SANFER CORP.;MUCOSOLVAN;1985-03-01;MUCOSOLVAN AMP. 15 MG 10 2 ML;AMBROXOL;2015-04-01;2015-08-01;lanzamiento
ALTA;R05C  EXPECTORANTES;SANFER CORP.;MUCOSOLVAN;1985-03-01;MUCOSOLVAN AMP. 15 MG 10 2 ML;AMBROXOL;2015-12-01;2016-04-01;ALTA, por demanda
BAJA;R05C  EXPECTORANTES;SANFER CORP.;MUCOSOLVAN;1985-03-01;MUCOSOLVAN AMP. 15 MG 10 2 ML;AMBROXOL;2016-12-01;2017-04-01;lanzamiento
BAJA;R05C  EXPECTORANTES;SANFER CORP.;MUCOSOLVAN;1985-03-01;MUCOSOLVAN AMP. 15 MG 10 2 ML;AMBROXOL;2017-12-01;2018-04-01;lanzamiento
BAJA;R05C  EXPECTORANTES;SANFER CORP.;MUCOSOLVAN;1985-03-01;MUCOSOLVAN AMP. 15 MG 10 2 ML;AMBROXOL;2018-04-01;2018-08-01;BAJA, por demanda
BAJA;R05C  EXPECTORANTES;SANFER CORP.;MUCOSOLVAN;1985-03-01;MUCOSOLVAN AMP. 15 MG 10 2 ML;AMBROXOL;2018-12-01;2019-04-01;lanzamiento
ALTA;R05C  EXPECTORANTES;COLLINS;BROSOLAN;2001-11-01;BROSOLAN SOLN 300 MG 120 ML;AMBROXOL;2014-08-01;2014-12-01;ALTA, por demanda
BAJA;R05C  EXPECTORANTES;COLLINS;BROSOLAN;2001-11-01;BROSOLAN SOLN 300 MG 120 ML;AMBROXOL;2014-12-01;2015-04-01;BAJA, por demanda
BAJA;R05C  EXPECTORANTES;COLLINS;BROSOLAN;2001-11-01;BROSOLAN SOLN 300 MG 120 ML;AMBROXOL;2015-04-01;2015-08-01;lanzamiento
BAJA;R05C  EXPECTORANTES;COLLINS;BROSOLAN;2001-11-01;BROSOLAN SOLN 300 MG 120 ML;AMBROXOL;2016-04-01;2016-08-01;lanzamiento
BAJA;R05C  EXPECTORANTES;COLLINS;BROSOLAN;2001-11-01;BROSOLAN SOLN 300 MG 120 ML;AMBROXOL;2016-12-01;2017-04-01;lanzamiento
BAJA;R05C  EXPECTORANTES;BAYER CORP.;CORICIDIN EXPEC;2000-12-01;CORICIDIN EXPEC SOLN S/FENIL 120 ML;AMBROXOL + LORATADINA;2015-04-01;2015-08-01;lanzamiento
BAJA;R05C  EXPECTORANTES;BAYER CORP.;CORICIDIN EXPEC;2000-12-01;CORICIDIN EXPEC SOLN S/FENIL 120 ML;AMBROXOL + LORATADINA;2016-12-01;2017-04-01;lanzamiento
BAJA;R05C  EXPECTORANTES;RAGAR;AMBROXOL G.I RAG;2009-12-01;AMBROXOL G.I RAG CPR 30 MG 20;AMBROXOL;2017-12-01;2018-04-01;lanzamiento
BAJA;R05C  EXPECTORANTES;LOEFFLER;BISINCOF;2005-10-01;BISINCOF JBE C/DOSIF 120 ML;AMBROXOL + LORATADINA;2016-04-01;2016-08-01;lanzamiento
BAJA;R05C  EXPECTORANTES;LOEFFLER;BISINCOF;2005-10-01;BISINCOF JBE C/DOSIF 120 ML;AMBROXOL + LORATADINA;2017-04-01;2017-08-01;BAJA, por demanda
BAJA;R05C  EXPECTORANTES;LOEFFLER;BISINCOF;2005-10-01;BISINCOF JBE C/DOSIF 120 ML;AMBROXOL + LORATADINA;2017-12-01;2018-04-01;lanzamiento
BAJA;R05C  EXPECTORANTES;SANFER CORP.;BISOLVON;2005-02-01;BISOLVON LINCTUS PED. 4MG/ 5M 100M CHAR 12X2;BROMHEXINA;2014-08-01;2014-12-01;lanzamiento
BAJA;R05C  EXPECTORANTES;SANFER CORP.;BISOLVON;2005-02-01;BISOLVON LINCTUS PED. 4MG/ 5M 100M CHAR 12X2;BROMHEXINA;2015-04-01;2015-08-01;lanzamiento
BAJA;R05C  EXPECTORANTES;DEGORTS;BROMHEXINA G.I DEG;2008-09-01;BROMHEXINA G.I DEG SOLN ORAL 160 MG 100 ML;BROMHEXINA;2017-12-01;2018-04-01;lanzamiento
BAJA;R05C  EXPECTORANTES;DEGORTS;BROMHEXINA G.I DEG;2008-09-01;BROMHEXINA G.I DEG SOLN ORAL 160 MG 100 ML;BROMHEXINA;2018-04-01;2018-08-01;BAJA, por demanda
BAJA;R05C  EXPECTORANTES;DEGORTS;BROMHEXINA G.I DEG;2008-09-01;BROMHEXINA G.I DEG SOLN ORAL 160 MG 100 ML;BROMHEXINA;2018-12-01;2019-04-01;lanzamiento
BAJA;R05C  EXPECTORANTES;MAVER;AMBROX/SALBU G.I M;2009-10-01;AMBROX/SALBU G.I M SOLN 120 ML;AMBROXOL + SALBUTAMOL;2014-04-01;2014-08-01;lanzamiento
ALTA;R05C  EXPECTORANTES;MAVER;AMBROX/SALBU G.I M;2009-10-01;AMBROX/SALBU G.I M SOLN 120 ML;AMBROXOL + SALBUTAMOL;2017-04-01;2017-08-01;BAJA, por demanda
BAJA;R05C  EXPECTORANTES;EURODRUG;EXPELIN;2005-09-01;EXPELIN JBE C/DOSIF 9 G 60 ML;CARBOCISTEINA;2014-04-01;2014-08-01;lanzamiento
BAJA;R05C  EXPECTORANTES;IFUSA;BRONCOSERUM;1974-08-01;BRONCOSERUM JBE 225 ML;SULFOGUAYACOL;2014-04-01;2014-08-01;lanzamiento
BAJA;R05C  EXPECTORANTES;IFUSA;BRONCOSERUM;1974-08-01;BRONCOSERUM JBE 225 ML;SULFOGUAYACOL;2014-12-01;2015-04-01;BAJA, por demanda
BAJA;R05C  EXPECTORANTES;IFUSA;BRONCOSERUM;1974-08-01;BRONCOSERUM JBE 225 ML;SULFOGUAYACOL;2016-12-01;2017-04-01;lanzamiento
ALTA;R05C  EXPECTORANTES;PROTEIN-APOTEX;PROSPEC;1994-05-01;PROSPEC TABL 30 MG 20;AMBROXOL;2014-04-01;2014-08-01;BAJA, por demanda
BAJA;R05C  EXPECTORANTES;PROTEIN-APOTEX;PROSPEC;1994-05-01;PROSPEC TABL 30 MG 20;AMBROXOL;2016-12-01;2017-04-01;lanzamiento
BAJA;R05C  EXPECTORANTES;SANFER CORP.;SEKRETOVIT EX;1991-04-01;SEKRETOVIT EX GOTAS 20 ML;AMBROXOL + CLENBUTEROL;2016-04-01;2016-08-01;lanzamiento
BAJA;R05C  EXPECTORANTES;SANFER CORP.;SEKRETOVIT EX;1991-04-01;SEKRETOVIT EX GOTAS 20 ML;AMBROXOL + CLENBUTEROL;2017-04-01;2017-08-01;BAJA, por demanda
BAJA;R05C  EXPECTORANTES;SANFER CORP.;SEKRETOVIT EX;1991-04-01;SEKRETOVIT EX GOTAS 20 ML;AMBROXOL + CLENBUTEROL;2017-12-01;2018-04-01;lanzamiento
BAJA;R05C  EXPECTORANTES;NOVAG INFANCIA, S.A. DE C.V.;MUCIBRON;2003-07-01;MUCIBRON SOLN 15 MG /5ML 120 ML;AMBROXOL;2014-12-01;2015-04-01;BAJA, por demanda
BAJA;R05C  EXPECTORANTES;NOVAG INFANCIA, S.A. DE C.V.;MUCIBRON;2003-07-01;MUCIBRON SOLN 15 MG /5ML 120 ML;AMBROXOL;2015-12-01;2016-04-01;ALTA, por demanda
ALTA;R05C  EXPECTORANTES;NOVAG INFANCIA, S.A. DE C.V.;MUCIBRON;2003-07-01;MUCIBRON SOLN 15 MG /5ML 120 ML;AMBROXOL;2017-04-01;2017-08-01;BAJA, por demanda
BAJA;R05C  EXPECTORANTES;NOVAG INFANCIA, S.A. DE C.V.;MUCIBRON;2003-07-01;MUCIBRON SOLN 15 MG /5ML 120 ML;AMBROXOL;2017-08-01;2017-12-01;BAJA, por demanda
ALTA;R05C  EXPECTORANTES;NOVAG INFANCIA, S.A. DE C.V.;MUCIBRON;2003-07-01;MUCIBRON SOLN 15 MG /5ML 120 ML;AMBROXOL;2017-12-01;2018-04-01;BAJA, por demanda
BAJA;R05C  EXPECTORANTES;MAVER;LORATAD/AMBR G.I M;2009-10-01;LORATAD/AMBR G.I M TABL 5 MG /30 10;AMBROXOL + LORATADINA;2016-12-01;2017-04-01;lanzamiento
BAJA;R05C  EXPECTORANTES;MAVER;LORATAD/AMBR G.I M;2009-10-01;LORATAD/AMBR G.I M TABL 5 MG /30 10;AMBROXOL + LORATADINA;2017-12-01;2018-04-01;lanzamiento
BAJA;R05C  EXPECTORANTES;MAVER;LORATAD/AMBR G.I M;2009-10-01;LORATAD/AMBR G.I M TABL 5 MG /30 10;AMBROXOL + LORATADINA;2018-04-01;2018-08-01;BAJA, por demanda
BAJA;R05C  EXPECTORANTES;SANFER CORP.;MUCOSOLVAN COMPOSI;1988-08-01;MUCOSOLVAN COMPOSI SOLN 120 ML;AMBROXOL + CLENBUTEROL;2014-04-01;2014-08-01;lanzamiento
BAJA;R05C  EXPECTORANTES;SANFER CORP.;MUCOSOLVAN COMPOSI;1988-08-01;MUCOSOLVAN COMPOSI SOLN 120 ML;AMBROXOL + CLENBUTEROL;2016-04-01;2016-08-01;lanzamiento
BAJA;R05C  EXPECTORANTES;SANFER CORP.;MUCOSOLVAN COMPOSI;1988-08-01;MUCOSOLVAN COMPOSI SOLN 120 ML;AMBROXOL + CLENBUTEROL;2017-04-01;2017-08-01;BAJA, por demanda
BAJA;R05C  EXPECTORANTES;SANFER CORP.;MUCOSOLVAN COMPOSI;1988-08-01;MUCOSOLVAN COMPOSI SOLN 120 ML;AMBROXOL + CLENBUTEROL;2017-12-01;2018-04-01;lanzamiento
BAJA;R05C  EXPECTORANTES;SANFER CORP.;MUCOSOLVAN COMPOSI;1988-08-01;MUCOSOLVAN COMPOSI SOLN 120 ML;AMBROXOL + CLENBUTEROL;2018-12-01;2019-04-01;lanzamiento
BAJA;R05C  EXPECTORANTES;SANFER CORP.;SEKRETOVIT EX;1991-03-01;SEKRETOVIT EX SOLN 100 ML;AMBROXOL + CLENBUTEROL;2014-04-01;2014-08-01;lanzamiento
ALTA;R05C  EXPECTORANTES;SANFER CORP.;SEKRETOVIT EX;1991-03-01;SEKRETOVIT EX SOLN 100 ML;AMBROXOL + CLENBUTEROL;2015-12-01;2016-04-01;ALTA, por demanda
BAJA;R05C  EXPECTORANTES;SANFER CORP.;SEKRETOVIT EX;1991-03-01;SEKRETOVIT EX SOLN 100 ML;AMBROXOL + CLENBUTEROL;2018-12-01;2019-04-01;lanzamiento
BAJA;R05C  EXPECTORANTES;LANDSTEINER;AMBROXOL G.I LAN;2010-06-01;AMBROXOL G.I LAN SOLN 120 ML;AMBROXOL;2014-04-01;2014-08-01;lanzamiento
BAJA;R05C  EXPECTORANTES;LANDSTEINER;AMBROXOL G.I LAN;2010-06-01;AMBROXOL G.I LAN SOLN 120 ML;AMBROXOL;2015-04-01;2015-08-01;lanzamiento
BAJA;R05C  EXPECTORANTES;DEGORTS;FLUVICIL;2006-03-01;FLUVICIL SOLN 150 MG /40 120 ML;AMBROXOL + SALBUTAMOL;2016-12-01;2017-04-01;lanzamiento
BAJA;R05C  EXPECTORANTES;DEGORTS;FLUVICIL;2006-03-01;FLUVICIL SOLN 150 MG /40 120 ML;AMBROXOL + SALBUTAMOL;2017-12-01;2018-04-01;lanzamiento
BAJA;R05C  EXPECTORANTES;DEGORTS;FLUVICIL;2006-03-01;FLUVICIL SOLN 150 MG /40 120 ML;AMBROXOL + SALBUTAMOL;2018-12-01;2019-04-01;lanzamiento
BAJA;R05C  EXPECTORANTES;DEGORTS;BROMHEXINA G.I DEG;2009-11-01;BROMHEXINA G.I DEG SOLN INF 80 MG 100 ML;BROMHEXINA;2017-04-01;2017-08-01;BAJA, por demanda
BAJA;R05C  EXPECTORANTES;DEGORTS;BROMHEXINA G.I DEG;2009-11-01;BROMHEXINA G.I DEG SOLN INF 80 MG 100 ML;BROMHEXINA;2018-04-01;2018-08-01;BAJA, por demanda
ALTA;R05C  EXPECTORANTES;VITAE;AMBROXOL/CLENB G.I;2009-01-01;AMBROXOL/CLENB G.I SOLN ORAL 120 ML;AMBROXOL + CLENBUTEROL;2017-12-01;2018-04-01;BAJA, por demanda
BAJA;R05C  EXPECTORANTES;VITAE;AMBROXOL/CLENB G.I;2009-01-01;AMBROXOL/CLENB G.I SOLN ORAL 120 ML;AMBROXOL + CLENBUTEROL;2018-12-01;2019-04-01;lanzamiento
BAJA;R05C  EXPECTORANTES;TAKEDA;ARBISTIN;2003-12-01;ARBISTIN JBE AD 150 ML;CARBOCISTEINA;2014-12-01;2015-04-01;BAJA, por demanda
ALTA;R05C  EXPECTORANTES;TAKEDA;ARBISTIN;2003-12-01;ARBISTIN JBE AD 150 ML;CARBOCISTEINA;2015-12-01;2016-04-01;ALTA, por demanda
BAJA;R05C  EXPECTORANTES;TAKEDA;ARBISTIN;2003-12-01;ARBISTIN JBE AD 150 ML;CARBOCISTEINA;2016-04-01;2016-08-01;lanzamiento
BAJA;R05C  EXPECTORANTES;TAKEDA;ARBISTIN;2003-12-01;ARBISTIN JBE AD 150 ML;CARBOCISTEINA;2017-12-01;2018-04-01;lanzamiento
BAJA;R05C  EXPECTORANTES;TAKEDA;ARBISTIN;2003-12-01;ARBISTIN JBE AD 150 ML;CARBOCISTEINA;2018-12-01;2019-04-01;lanzamiento
ALTA;R05C  EXPECTORANTES;LOEFFLER;BROMICOF;2005-03-01;BROMICOF JBE INF 100 ML;BROMHEXINA;2015-12-01;2016-04-01;ALTA, por demanda
BAJA;R05C  EXPECTORANTES;LOEFFLER;BROMICOF;2005-03-01;BROMICOF JBE INF 100 ML;BROMHEXINA;2016-12-01;2017-04-01;lanzamiento
BAJA;R05C  EXPECTORANTES;GENOMA LAB INT;AMBROXOL GI MMN;2009-08-01;AMBROXOL GI MMN SOLN 300 MG 12 0 ML;AMBROXOL;2015-12-01;2016-04-01;ALTA, por demanda
BAJA;R05C  EXPECTORANTES;MAVER;LARITOL EX;2009-12-01;LARITOL EX SOLN 30 ML;AMBROXOL + LORATADINA;2016-04-01;2016-08-01;lanzamiento
ALTA;R05C  EXPECTORANTES;VICTORY ENTERPRISE;AMBROX/CLENB G.I V;2010-11-01;AMBROX/CLENB G.I V SOLN 20 ML;AMBROXOL + CLENBUTEROL;2016-08-01;2016-12-01;ALTA, por demanda
BAJA;R05C  EXPECTORANTES;VICTORY ENTERPRISE;AMBROX/CLENB G.I V;2010-11-01;AMBROX/CLENB G.I V SOLN 20 ML;AMBROXOL + CLENBUTEROL;2016-12-01;2017-04-01;lanzamiento
ALTA;R05C  EXPECTORANTES;COLLINS;LOVARIN EX;2010-11-01;LOVARIN EX SOLN 120 ML;AMBROXOL + LORATADINA;2014-08-01;2014-12-01;ALTA, por demanda
BAJA;R05C  EXPECTORANTES;COLLINS;LOVARIN EX;2010-11-01;LOVARIN EX SOLN 120 ML;AMBROXOL + LORATADINA;2016-12-01;2017-04-01;lanzamiento
BAJA;R05C  EXPECTORANTES;MAVI;AMBROX/SALB G.I MA;2011-04-01;AMBROX/SALB G.I MA SOLN 7.5 MG /2MG 120 ML;AMBROXOL + SALBUTAMOL;2014-12-01;2015-04-01;BAJA, por demanda
ALTA;R05C  EXPECTORANTES;ARLEX;TADINAR C;2011-03-01;TADINAR C JBE 60 ML;AMBROXOL + LORATADINA;2015-12-01;2016-04-01;ALTA, por demanda
BAJA;R05C  EXPECTORANTES;ARLEX;TADINAR C;2011-03-01;TADINAR C JBE 60 ML;AMBROXOL + LORATADINA;2016-04-01;2016-08-01;lanzamiento
BAJA;R05C  EXPECTORANTES;CORPORATIVO RAYERE;BROGAL;2003-02-01;BROGAL SOL 120 ML;AMBROXOL;2015-04-01;2015-08-01;lanzamiento
BAJA;R05C  EXPECTORANTES;CORPORATIVO RAYERE;BROGAL;2003-02-01;BROGAL SOL 120 ML;AMBROXOL;2016-04-01;2016-08-01;lanzamiento
BAJA;R05C  EXPECTORANTES;CORPORATIVO RAYERE;BROGAL;2003-02-01;BROGAL SOL 120 ML;AMBROXOL;2017-04-01;2017-08-01;BAJA, por demanda
BAJA;R05C  EXPECTORANTES;CORPORATIVO RAYERE;BROGAL;2003-02-01;BROGAL SOL 120 ML;AMBROXOL;2018-04-01;2018-08-01;BAJA, por demanda
BAJA;R05C  EXPECTORANTES;CORPORATIVO RAYERE;BROGAL;2003-02-01;BROGAL SOL 120 ML;AMBROXOL;2018-12-01;2019-04-01;lanzamiento
ALTA;R05C  EXPECTORANTES;I.Q.F.A.;AMBROXOL G.I I.Q.F;2007-09-01;AMBROXOL G.I I.Q.F SOLN 300 MG 100 ML;AMBROXOL;2015-08-01;2015-12-01;ALTA, por demanda
ALTA;R05C  EXPECTORANTES;I.Q.F.A.;AMBROXOL G.I I.Q.F;2007-09-01;AMBROXOL G.I I.Q.F SOLN 300 MG 100 ML;AMBROXOL;2016-12-01;2017-04-01;BAJA, por demanda
BAJA;R05C  EXPECTORANTES;FARCORAL,PROFESIONAL MEDICA;BROXOFAR COMP;2006-09-01;BROXOFAR COMP SOL 300 MG /200 100 ML;AMBROXOL + CLENBUTEROL;2014-08-01;2014-12-01;lanzamiento
ALTA;R05C  EXPECTORANTES;CORPORATIVO RAYERE;AMBROXOL G.I RAY;2005-11-01;AMBROXOL G.I RAY GTS 30 ML;AMBROXOL;2015-08-01;2015-12-01;ALTA, por demanda
BAJA;R05C  EXPECTORANTES;CORPORATIVO RAYERE;AMBROXOL G.I RAY;2005-11-01;AMBROXOL G.I RAY GTS 30 ML;AMBROXOL;2016-04-01;2016-08-01;lanzamiento
ALTA;R05C  EXPECTORANTES;CORPORATIVO RAYERE;AMBROXOL G.I RAY;2005-11-01;AMBROXOL G.I RAY GTS 30 ML;AMBROXOL;2016-08-01;2016-12-01;ALTA, por demanda
ALTA;R05C  EXPECTORANTES;CORPORATIVO RAYERE;AMBROXOL G.I RAY;2005-11-01;AMBROXOL G.I RAY GTS 30 ML;AMBROXOL;2017-04-01;2017-08-01;BAJA, por demanda
BAJA;R05C  EXPECTORANTES;LIOMONT, CORPORATION;MUCOVIBROL;1990-12-01;MUCOVIBROL SOLN 15 MG /5ML 120 ML;AMBROXOL;2014-12-01;2015-04-01;BAJA, por demanda
BAJA;R05C  EXPECTORANTES;LIOMONT, CORPORATION;MUCOVIBROL;1990-12-01;MUCOVIBROL SOLN 15 MG /5ML 120 ML;AMBROXOL;2016-12-01;2017-04-01;lanzamiento
BAJA;R05C  EXPECTORANTES;LIOMONT, CORPORATION;MUCOVIBROL;1990-12-01;MUCOVIBROL SOLN 15 MG /5ML 120 ML;AMBROXOL;2017-12-01;2018-04-01;lanzamiento
BAJA;R05C  EXPECTORANTES;LIOMONT, CORPORATION;MUCOVIBROL;1990-12-01;MUCOVIBROL SOLN 15 MG /5ML 120 ML;AMBROXOL;2018-12-01;2019-04-01;lanzamiento
BAJA;R05C  EXPECTORANTES;MAVER;LORATAD/AMBR G.I M;2012-05-01;LORATAD/AMBR G.I M TABL 5 MG /30 20;AMBROXOL + LORATADINA;2014-08-01;2014-12-01;lanzamiento
ALTA;R05C  EXPECTORANTES;MAVER;LORATAD/AMBR G.I M;2012-05-01;LORATAD/AMBR G.I M TABL 5 MG /30 20;AMBROXOL + LORATADINA;2015-08-01;2015-12-01;ALTA, por demanda
BAJA;R05C  EXPECTORANTES;MAVER;LORATAD/AMBR G.I M;2012-05-01;LORATAD/AMBR G.I M TABL 5 MG /30 20;AMBROXOL + LORATADINA;2016-04-01;2016-08-01;lanzamiento
BAJA;R05C  EXPECTORANTES;MAVER;LORATAD/AMBR G.I M;2012-05-01;LORATAD/AMBR G.I M TABL 5 MG /30 20;AMBROXOL + LORATADINA;2017-12-01;2018-04-01;lanzamiento
BAJA;R05C  EXPECTORANTES;MAVER;LORATAD/AMBR G.I M;2012-05-01;LORATAD/AMBR G.I M TABL 5 MG /30 20;AMBROXOL + LORATADINA;2018-04-01;2018-08-01;BAJA, por demanda
BAJA;R05C  EXPECTORANTES;PROCTER&GAMBLE COR;VICK-44;1998-10-01;VICK-44 JBE EXPT.INF 66.5 MG /5ML 120 ML;DEXTROMETORFANO + GUAIFENESINA;2017-04-01;2017-08-01;BAJA, por demanda
BAJA;R05C  EXPECTORANTES;PROCTER&GAMBLE COR;VICK-44;1998-10-01;VICK-44 JBE EXPT.INF 66.5 MG /5ML 120 ML;DEXTROMETORFANO + GUAIFENESINA;2017-12-01;2018-04-01;lanzamiento
BAJA;R05C  EXPECTORANTES;PROCTER&GAMBLE COR;VICK-44;1998-10-01;VICK-44 JBE EXPT.INF 66.5 MG /5ML 120 ML;DEXTROMETORFANO + GUAIFENESINA;2018-04-01;2018-08-01;BAJA, por demanda
ALTA;R05C  EXPECTORANTES;COLLINS;BROSOFLUX;2012-01-01;BROSOFLUX SOLN 120 ML;AMBROXOL + LORATADINA;2014-08-01;2014-12-01;ALTA, por demanda
BAJA;R05C  EXPECTORANTES;COLLINS;BROSOFLUX;2012-01-01;BROSOFLUX SOLN 120 ML;AMBROXOL + LORATADINA;2014-12-01;2015-04-01;BAJA, por demanda
BAJA;R05C  EXPECTORANTES;COLLINS;BROSOFLUX;2012-01-01;BROSOFLUX SOLN 120 ML;AMBROXOL + LORATADINA;2015-04-01;2015-08-01;lanzamiento
ALTA;R05C  EXPECTORANTES;COLLINS;BROSOFLUX;2012-01-01;BROSOFLUX SOLN 120 ML;AMBROXOL + LORATADINA;2018-12-01;2019-04-01;BAJA, por demanda
BAJA;R05C  EXPECTORANTES;MAVER;FLUXOL;2003-07-01;FLUXOL SOLN 120 ML;AMBROXOL + SALBUTAMOL;2016-04-01;2016-08-01;lanzamiento
BAJA;R05C  EXPECTORANTES;VALDECASAS;AMBROXOL G.I VAL;2012-02-01;AMBROXOL G.I VAL SOLN 300 MG 120 ML;AMBROXOL;2016-04-01;2016-08-01;lanzamiento
ALTA;R05C  EXPECTORANTES;VALDECASAS;AMBROXOL G.I VAL;2012-02-01;AMBROXOL G.I VAL SOLN 300 MG 120 ML;AMBROXOL;2018-08-01;2018-12-01;ALTA, por demanda
BAJA;R05C  EXPECTORANTES;SIEGFRIED-MED;PANOTO-S;2001-11-01;PANOTO-S JBE 100 ML;HEDERA HELIX;2016-04-01;2016-08-01;lanzamiento
BAJA;R05C  EXPECTORANTES;SIEGFRIED-MED;PANOTO-S;2001-11-01;PANOTO-S JBE 100 ML;HEDERA HELIX;2017-12-01;2018-04-01;lanzamiento
BAJA;R05C  EXPECTORANTES;SIEGFRIED-MED;PANOTO-S;2001-11-01;PANOTO-S JBE 100 ML;HEDERA HELIX;2018-04-01;2018-08-01;BAJA, por demanda
BAJA;R05C  EXPECTORANTES;SIEGFRIED-MED;PANOTO-S;2001-11-01;PANOTO-S JBE 100 ML;HEDERA HELIX;2018-12-01;2019-04-01;lanzamiento
ALTA;R05C  EXPECTORANTES;SIEGFRIED-MED;SENSEMOC;2016-09-01;SENSEMOC SOLN 2 GR 100 ML;ACETILCISTEINA;2016-08-01;2016-12-01;ALTA, por demanda
ALTA;R05C  EXPECTORANTES;SIEGFRIED-MED;SENSEMOC;2016-09-01;SENSEMOC SOLN 2 GR 100 ML;ACETILCISTEINA;2016-12-01;2017-04-01;BAJA, por demanda
BAJA;R05C  EXPECTORANTES;SIEGFRIED-MED;SENSEMOC;2016-09-01;SENSEMOC SOLN 2 GR 100 ML;ACETILCISTEINA;2018-12-01;2019-04-01;lanzamiento
BAJA;R05C  EXPECTORANTES;NOVARTIS CORP.;ACC;2004-04-01;ACC TABL EFERV 600 MG 20;ACETILCISTEINA;2015-04-01;2015-08-01;lanzamiento
ALTA;R05C  EXPECTORANTES;NOVARTIS CORP.;ACC;2004-04-01;ACC TABL EFERV 600 MG 20;ACETILCISTEINA;2015-12-01;2016-04-01;ALTA, por demanda
BAJA;R05C  EXPECTORANTES;LIOMONT, CORPORATION;MUCOVIBROL;1990-12-01;MUCOVIBROL TABL 30 MG 20;AMBROXOL;2014-12-01;2015-04-01;BAJA, por demanda
ALTA;R05C  EXPECTORANTES;LIOMONT, CORPORATION;MUCOVIBROL;1990-12-01;MUCOVIBROL TABL 30 MG 20;AMBROXOL;2015-12-01;2016-04-01;ALTA, por demanda
BAJA;R05C  EXPECTORANTES;LIOMONT, CORPORATION;MUCOVIBROL;1990-12-01;MUCOVIBROL TABL 30 MG 20;AMBROXOL;2017-12-01;2018-04-01;lanzamiento
BAJA;R05C  EXPECTORANTES;FARMACOS CONTINENTALES;AMBROXOL G.I FCOS;2006-08-01;AMBROXOL G.I FCOS SOL 120 ML;AMBROXOL;2015-04-01;2015-08-01;lanzamiento
ALTA;R05C  EXPECTORANTES;FARMACOS CONTINENTALES;AMBROXOL G.I FCOS;2006-08-01;AMBROXOL G.I FCOS SOL 120 ML;AMBROXOL;2016-12-01;2017-04-01;BAJA, por demanda
BAJA;R05C  EXPECTORANTES;CARNOT;BROXOL AIR;2005-08-01;BROXOL AIR SOLN 150 MG /40 60 ML;AMBROXOL + SALBUTAMOL;2017-04-01;2017-08-01;BAJA, por demanda
BAJA;R05C  EXPECTORANTES;GLAXO SMITHKLINE CORP.;TESACOF;1996-01-01;TESACOF SOL.EXPEC.AD 160 MG /5ML 100 ML;BROMHEXINA;2016-12-01;2017-04-01;lanzamiento
BAJA;R05C  EXPECTORANTES;GLAXO SMITHKLINE CORP.;TESACOF;1996-01-01;TESACOF SOL.EXPEC.AD 160 MG /5ML 100 ML;BROMHEXINA;2018-04-01;2018-08-01;BAJA, por demanda
ALTA;R05C  EXPECTORANTES;VICTORY ENTERPRISE;CILONAXOL;2005-10-01;CILONAXOL TABL 10;AMBROXOL + LORATADINA;2014-08-01;2014-12-01;ALTA, por demanda
BAJA;R05C  EXPECTORANTES;VICTORY ENTERPRISE;CILONAXOL;2005-10-01;CILONAXOL TABL 10;AMBROXOL + LORATADINA;2015-08-01;2015-12-01;lanzamiento
BAJA;R05C  EXPECTORANTES;VICTORY ENTERPRISE;CILONAXOL;2005-10-01;CILONAXOL TABL 10;AMBROXOL + LORATADINA;2016-12-01;2017-04-01;lanzamiento
ALTA;R05C  EXPECTORANTES;CARNOT;DOSTEIN;1996-05-01;DOSTEIN SUSP 175 MG /5ML 90 ML;ERDOSTEINA;2015-12-01;2016-04-01;ALTA, por demanda
BAJA;R05C  EXPECTORANTES;CARNOT;DOSTEIN;1996-05-01;DOSTEIN SUSP 175 MG /5ML 90 ML;ERDOSTEINA;2016-04-01;2016-08-01;lanzamiento
BAJA;R05C  EXPECTORANTES;CARNOT;DOSTEIN;1996-05-01;DOSTEIN SUSP 175 MG /5ML 90 ML;ERDOSTEINA;2017-12-01;2018-04-01;lanzamiento
BAJA;R05C  EXPECTORANTES;CARNOT;DOSTEIN;1996-05-01;DOSTEIN SUSP 175 MG /5ML 90 ML;ERDOSTEINA;2018-04-01;2018-08-01;BAJA, por demanda
BAJA;R05C  EXPECTORANTES;FARCORAL,PROFESIONAL MEDICA;BROXOFAR;2006-09-01;BROXOFAR SOLN 120 ML;AMBROXOL;2016-12-01;2017-04-01;lanzamiento
ALTA;R05C  EXPECTORANTES;DEGORTS;NORMOFLEX;2005-06-01;NORMOFLEX SOL INF 80 MG 100 ML;BROMHEXINA;2014-04-01;2014-08-01;BAJA, por demanda
BAJA;R05C  EXPECTORANTES;DEGORTS;NORMOFLEX;2005-06-01;NORMOFLEX SOL INF 80 MG 100 ML;BROMHEXINA;2014-12-01;2015-04-01;BAJA, por demanda
BAJA;R05C  EXPECTORANTES;DEGORTS;NORMOFLEX;2005-06-01;NORMOFLEX SOL INF 80 MG 100 ML;BROMHEXINA;2018-04-01;2018-08-01;BAJA, por demanda
ALTA;R05C  EXPECTORANTES;LOEFFLER;BROMHEXINA G.I LOE;2009-10-01;BROMHEXINA G.I LOE SOLN INF 80 MG 100 ML;BROMHEXINA;2014-08-01;2014-12-01;ALTA, por demanda
BAJA;R05C  EXPECTORANTES;LOEFFLER;LORATA/AMBR G.I LO;2011-08-01;LORATA/AMBR G.I LO SOLN 100 MG /300 120 ML;AMBROXOL + LORATADINA;2015-04-01;2015-08-01;lanzamiento
BAJA;R05C  EXPECTORANTES;LOEFFLER;LORATA/AMBR G.I LO;2011-08-01;LORATA/AMBR G.I LO SOLN 100 MG /300 120 ML;AMBROXOL + LORATADINA;2016-04-01;2016-08-01;lanzamiento
BAJA;R05C  EXPECTORANTES;WERMAR PHA.;DORALAN AX;2003-07-01;DORALAN AX TABL 20;AMBROXOL + LORATADINA;2014-04-01;2014-08-01;lanzamiento
ALTA;R05C  EXPECTORANTES;KENER CORP.;TUSIBRON;2011-02-01;TUSIBRON SOLN 120 ML;AMBROXOL;2015-12-01;2016-04-01;ALTA, por demanda
BAJA;R05C  EXPECTORANTES;SANFER CORP.;EUCALIPTINE;1986-06-01;EUCALIPTINE AMP. 10 1 ML;BULNESIA SARMIENTOI;2014-12-01;2015-04-01;BAJA, por demanda
BAJA;R05C  EXPECTORANTES;SANFER CORP.;EUCALIPTINE;1986-06-01;EUCALIPTINE AMP. 10 1 ML;BULNESIA SARMIENTOI;2015-08-01;2015-12-01;lanzamiento
BAJA;R05C  EXPECTORANTES;SANFER CORP.;EUCALIPTINE;1986-06-01;EUCALIPTINE AMP. 10 1 ML;BULNESIA SARMIENTOI;2017-12-01;2018-04-01;lanzamiento
BAJA;R05C  EXPECTORANTES;SANFER CORP.;EUCALIPTINE;1986-06-01;EUCALIPTINE AMP. 10 1 ML;BULNESIA SARMIENTOI;2018-12-01;2019-04-01;lanzamiento
ALTA;R05C  EXPECTORANTES;DEGORTS;AMBROX/CLENB GI DE;2013-10-01;AMBROX/CLENB GI DE SUSP 150 MG /100 120 ML;AMBROXOL + CLENBUTEROL;2015-08-01;2015-12-01;ALTA, por demanda
BAJA;R05C  EXPECTORANTES;DEGORTS;AMBROX/CLENB GI DE;2013-10-01;AMBROX/CLENB GI DE SUSP 150 MG /100 120 ML;AMBROXOL + CLENBUTEROL;2017-12-01;2018-04-01;lanzamiento
BAJA;R05C  EXPECTORANTES;DEGORTS;AMBROX/CLENB GI DE;2013-10-01;AMBROX/CLENB GI DE SUSP 150 MG /100 120 ML;AMBROXOL + CLENBUTEROL;2018-04-01;2018-08-01;BAJA, por demanda
BAJA;R05C  EXPECTORANTES;DEGORTS;AMBROX/CLENB GI DE;2013-10-01;AMBROX/CLENB GI DE SUSP 150 MG /100 120 ML;AMBROXOL + CLENBUTEROL;2018-12-01;2019-04-01;lanzamiento
ALTA;R05C  EXPECTORANTES;SANOFI CORP;MUCOANGIN;2016-05-01;MUCOANGIN PAST MTA DISP 3X 10;AMBROXOL;2016-04-01;2016-08-01;BAJA, por demanda
BAJA;R05C  EXPECTORANTES;SANOFI CORP;MUCOANGIN;2016-05-01;MUCOANGIN PAST MTA DISP 3X 10;AMBROXOL;2016-08-01;2016-12-01;lanzamiento
BAJA;R05C  EXPECTORANTES;SANOFI CORP;MUCOANGIN;2016-05-01;MUCOANGIN PAST MTA DISP 3X 10;AMBROXOL;2017-12-01;2018-04-01;lanzamiento
ALTA;R05C  EXPECTORANTES;PFIZER CORPORATION;DIMACOL;2014-08-01;DIMACOL SOL AD 150ML +ADV IL12 CAP+ CH APST;DEXTROMETORFANO + FENILEFRINA + GUAIFENESINA;2014-08-01;2014-12-01;ALTA, por demanda
BAJA;R05C  EXPECTORANTES;PFIZER CORPORATION;DIMACOL;2014-08-01;DIMACOL SOL AD 150ML +ADV IL12 CAP+ CH APST;DEXTROMETORFANO + FENILEFRINA + GUAIFENESINA;2016-08-01;2016-12-01;lanzamiento
BAJA;R05C  EXPECTORANTES;NATUREX;HEDERA HELIX GI NA;2018-12-01;HEDERA HELIX GI NA JBE 10.8 G /54G 120 ML;HEDERA HELIX;2018-12-01;2019-04-01;lanzamiento
BAJA;R05C  EXPECTORANTES;DEGORTS;AMBROX/CLENB GI DE;2013-10-01;AMBROX/CLENB GI DE SOL GOTAS 30 ML;AMBROXOL + CLENBUTEROL;2014-04-01;2014-08-01;lanzamiento
ALTA;R05C  EXPECTORANTES;DEGORTS;AMBROX/CLENB GI DE;2013-10-01;AMBROX/CLENB GI DE SOL GOTAS 30 ML;AMBROXOL + CLENBUTEROL;2014-12-01;2015-04-01;BAJA, por demanda
BAJA;R05C  EXPECTORANTES;DEGORTS;AMBROX/CLENB GI DE;2013-10-01;AMBROX/CLENB GI DE SOL GOTAS 30 ML;AMBROXOL + CLENBUTEROL;2016-04-01;2016-08-01;lanzamiento
BAJA;R05C  EXPECTORANTES;DEGORTS;AMBROX/CLENB GI DE;2013-10-01;AMBROX/CLENB GI DE SOL GOTAS 30 ML;AMBROXOL + CLENBUTEROL;2017-04-01;2017-08-01;BAJA, por demanda
BAJA;R05C  EXPECTORANTES;DEGORTS;AMBROX/CLENB GI DE;2013-10-01;AMBROX/CLENB GI DE SOL GOTAS 30 ML;AMBROXOL + CLENBUTEROL;2017-08-01;2017-12-01;BAJA, por demanda
BAJA;R05C  EXPECTORANTES;BAYER CORP.;CORICIDIN EXPEC;2000-12-01;CORICIDIN EXPEC SOLN S/FENIL 60 ML;AMBROXOL + LORATADINA;2014-12-01;2015-04-01;BAJA, por demanda
BAJA;R05C  EXPECTORANTES;BAYER CORP.;CORICIDIN EXPEC;2000-12-01;CORICIDIN EXPEC SOLN S/FENIL 60 ML;AMBROXOL + LORATADINA;2016-04-01;2016-08-01;lanzamiento
BAJA;R05C  EXPECTORANTES;BAYER CORP.;CORICIDIN EXPEC;2000-12-01;CORICIDIN EXPEC SOLN S/FENIL 60 ML;AMBROXOL + LORATADINA;2016-12-01;2017-04-01;lanzamiento
BAJA;R05C  EXPECTORANTES;BAYER CORP.;CORICIDIN EXPEC;2000-12-01;CORICIDIN EXPEC SOLN S/FENIL 60 ML;AMBROXOL + LORATADINA;2017-12-01;2018-04-01;lanzamiento
BAJA;R05C  EXPECTORANTES;DEGORTS;AMBROX/LORAT G.I D;2009-09-01;AMBROX/LORAT G.I D SOLN 30 ML;AMBROXOL + LORATADINA;2017-04-01;2017-08-01;BAJA, por demanda
BAJA;R05C  EXPECTORANTES;DEGORTS;AMBROX/LORAT G.I D;2009-09-01;AMBROX/LORAT G.I D SOLN 30 ML;AMBROXOL + LORATADINA;2018-04-01;2018-08-01;BAJA, por demanda
BAJA;R05C  EXPECTORANTES;I.Q.F.A.;LOEXOM;2006-04-01;LOEXOM SOLN 120 ML;AMBROXOL;2016-12-01;2017-04-01;lanzamiento
ALTA;R05C  EXPECTORANTES;IFUSA;PULMOVITAL;1974-09-01;PULMOVITAL JBE 225 ML;BENZOATO DE SODIO + SULFOGUAYACOL;2014-08-01;2014-12-01;ALTA, por demanda
BAJA;R05C  EXPECTORANTES;IFUSA;PULMOVITAL;1974-09-01;PULMOVITAL JBE 225 ML;BENZOATO DE SODIO + SULFOGUAYACOL;2015-04-01;2015-08-01;lanzamiento
BAJA;R05C  EXPECTORANTES;IFUSA;PULMOVITAL;1974-09-01;PULMOVITAL JBE 225 ML;BENZOATO DE SODIO + SULFOGUAYACOL;2015-12-01;2016-04-01;ALTA, por demanda
BAJA;R05C  EXPECTORANTES;LOEFFLER;AMBROXOL G.I LOE;2008-10-01;AMBROXOL G.I LOE SOLN 300 MG /100 ML 120 ML;AMBROXOL;2017-12-01;2018-04-01;lanzamiento
BAJA;R05C  EXPECTORANTES;QUIFA PERRIGO;MUBATLAN;2010-04-01;MUBATLAN SOLN 7.5 MG /2MG 120 ML;AMBROXOL + SALBUTAMOL;2015-12-01;2016-04-01;ALTA, por demanda
BAJA;R05C  EXPECTORANTES;BAYER CORP.;AXOL;2009-11-01;AXOL SOL GTS PED 30 ML;AMBROXOL;2016-04-01;2016-08-01;lanzamiento
BAJA;R05C  EXPECTORANTES;BAYER CORP.;AXOL;2009-11-01;AXOL SOL GTS PED 30 ML;AMBROXOL;2017-04-01;2017-08-01;BAJA, por demanda
BAJA;R05C  EXPECTORANTES;BAYER CORP.;AXOL;2009-11-01;AXOL SOL GTS PED 30 ML;AMBROXOL;2018-04-01;2018-08-01;BAJA, por demanda
BAJA;R05C  EXPECTORANTES;ULTRA LABORATORIOS;AMBROX/SALBU G.I U;2008-07-01;AMBROX/SALBU G.I U SOLN 120 ML;AMBROXOL + SALBUTAMOL;2014-12-01;2015-04-01;BAJA, por demanda
BAJA;R05C  EXPECTORANTES;ULTRA LABORATORIOS;AMBROX/SALBU G.I U;2008-07-01;AMBROX/SALBU G.I U SOLN 120 ML;AMBROXOL + SALBUTAMOL;2015-04-01;2015-08-01;lanzamiento
BAJA;R05C  EXPECTORANTES;SANOFI CORP;MUCOLIN;1977-08-01;MUCOLIN GOTAS INF 30 ML;CARBOCISTEINA;2014-08-01;2014-12-01;lanzamiento
BAJA;R05C  EXPECTORANTES;SANOFI CORP;MUCOLIN;1977-08-01;MUCOLIN GOTAS INF 30 ML;CARBOCISTEINA;2016-04-01;2016-08-01;lanzamiento
BAJA;R05C  EXPECTORANTES;TEVA CORPORACION;AMBROXOL G.I TEV;1999-06-01;AMBROXOL G.I TEV JBE 15 MG /5ML 120 ML;AMBROXOL;2014-04-01;2014-08-01;lanzamiento
ALTA;R05C  EXPECTORANTES;TEVA CORPORACION;AMBROXOL G.I TEV;1999-06-01;AMBROXOL G.I TEV JBE 15 MG /5ML 120 ML;AMBROXOL;2017-04-01;2017-08-01;BAJA, por demanda
BAJA;R05C  EXPECTORANTES;TEVA CORPORACION;AMBROXOL G.I TEV;1999-06-01;AMBROXOL G.I TEV JBE 15 MG /5ML 120 ML;AMBROXOL;2017-12-01;2018-04-01;lanzamiento
ALTA;R05C  EXPECTORANTES;TEVA CORPORACION;AMBROXOL G.I TEV;1999-06-01;AMBROXOL G.I TEV JBE 15 MG /5ML 120 ML;AMBROXOL;2018-04-01;2018-08-01;BAJA, por demanda
BAJA;R05C  EXPECTORANTES;DEGORTS;BRONAR;2004-09-01;BRONAR SOL 120 ML;AMBROXOL + LORATADINA;2015-04-01;2015-08-01;lanzamiento
BAJA;R05C  EXPECTORANTES;DEGORTS;BRONAR;2004-09-01;BRONAR SOL 120 ML;AMBROXOL + LORATADINA;2017-12-01;2018-04-01;lanzamiento
ALTA;R05C  EXPECTORANTES;BIOMEP S.A. DE C.V.;AMBROXOL G.I BIOM;2010-06-01;AMBROXOL G.I BIOM SOLN 300 MG 100 ML;AMBROXOL;2016-04-01;2016-08-01;BAJA, por demanda
ALTA;R05C  EXPECTORANTES;BIOMEP S.A. DE C.V.;AMBROXOL G.I BIOM;2010-06-01;AMBROXOL G.I BIOM SOLN 300 MG 100 ML;AMBROXOL;2017-04-01;2017-08-01;BAJA, por demanda
ALTA;R05C  EXPECTORANTES;LIFERPAL;REMOVIL;2007-06-01;REMOVIL SOLN 120 ML;AMBROXOL + SALBUTAMOL;2014-08-01;2014-12-01;ALTA, por demanda
BAJA;R05C  EXPECTORANTES;BRULUART;OXOLVAN;2003-10-01;OXOLVAN C GTS 750 /.5M 20 ML;AMBROXOL + CLENBUTEROL;2014-12-01;2015-04-01;BAJA, por demanda
BAJA;R05C  EXPECTORANTES;BRULUART;OXOLVAN;2003-10-01;OXOLVAN C GTS 750 /.5M 20 ML;AMBROXOL + CLENBUTEROL;2017-12-01;2018-04-01;lanzamiento
ALTA;R05C  EXPECTORANTES;ITALMEX;GADITAL;2006-12-01;GADITAL AMP PED 3 1 ML;CLORFENAMINA + GUAIFENESINA + PROXIFILINA;2015-08-01;2015-12-01;ALTA, por demanda
ALTA;R05C  EXPECTORANTES;ITALMEX;GADITAL;2006-12-01;GADITAL AMP PED 3 1 ML;CLORFENAMINA + GUAIFENESINA + PROXIFILINA;2015-12-01;2016-04-01;ALTA, por demanda
BAJA;R05C  EXPECTORANTES;ITALMEX;GADITAL;2006-12-01;GADITAL AMP PED 3 1 ML;CLORFENAMINA + GUAIFENESINA + PROXIFILINA;2016-04-01;2016-08-01;lanzamiento
ALTA;R05C  EXPECTORANTES;CARBEL;AMBROXOL G.I CAR;2008-03-01;AMBROXOL G.I CAR CPR 30 MG 20;AMBROXOL;2015-08-01;2015-12-01;ALTA, por demanda
BAJA;R05C  EXPECTORANTES;CARBEL;AMBROXOL G.I CAR;2008-03-01;AMBROXOL G.I CAR CPR 30 MG 20;AMBROXOL;2015-12-01;2016-04-01;ALTA, por demanda
BAJA;R05C  EXPECTORANTES;SANFER CORP.;BISOLVON;2009-10-01;BISOLVON LINCTUS PED. 4 MG /5ML 100ML +20% GTIS;BROMHEXINA;2014-04-01;2014-08-01;lanzamiento
BAJA;R05C  EXPECTORANTES;DEGORTS;EBROMIN-P;2005-12-01;EBROMIN-P GOTAS 30 ML;AMBROXOL + CLENBUTEROL;2014-04-01;2014-08-01;lanzamiento
BAJA;R05C  EXPECTORANTES;DEGORTS;EBROMIN-P;2005-12-01;EBROMIN-P GOTAS 30 ML;AMBROXOL + CLENBUTEROL;2015-12-01;2016-04-01;ALTA, por demanda
BAJA;R05C  EXPECTORANTES;DEGORTS;EBROMIN-P;2005-12-01;EBROMIN-P GOTAS 30 ML;AMBROXOL + CLENBUTEROL;2016-12-01;2017-04-01;lanzamiento
ALTA;R05C  EXPECTORANTES;FARMACOS CONTINENTALES;MUSALTEN;2015-08-01;MUSALTEN GTS 750 MG /100 30 ML;AMBROXOL;2016-08-01;2016-12-01;ALTA, por demanda
BAJA;R05C  EXPECTORANTES;ULTRA LABORATORIOS;AMBROXOL G.I ULT;2007-10-01;AMBROXOL G.I ULT GTS 7.5 MG 30 ML;AMBROXOL;2014-08-01;2014-12-01;lanzamiento
BAJA;R05C  EXPECTORANTES;ULTRA LABORATORIOS;AMBROXOL G.I ULT;2007-10-01;AMBROXOL G.I ULT GTS 7.5 MG 30 ML;AMBROXOL;2017-04-01;2017-08-01;BAJA, por demanda
ALTA;R05C  EXPECTORANTES;CORPORATIVO RAYERE;BROGAL COMPOSITUM;2003-02-01;BROGAL COMPOSITUM TABL 20;AMBROXOL + CLENBUTEROL;2016-12-01;2017-04-01;BAJA, por demanda
ALTA;R05C  EXPECTORANTES;CORPORATIVO RAYERE;BROGAL COMPOSITUM;2003-02-01;BROGAL COMPOSITUM TABL 20;AMBROXOL + CLENBUTEROL;2017-04-01;2017-08-01;BAJA, por demanda
BAJA;R05C  EXPECTORANTES;CORPORATIVO RAYERE;BROGAL COMPOSITUM;2003-02-01;BROGAL COMPOSITUM TABL 20;AMBROXOL + CLENBUTEROL;2017-12-01;2018-04-01;lanzamiento
ALTA;R05C  EXPECTORANTES;BRULUART;AMBROX/CLENB G.I B;2009-02-01;AMBROX/CLENB G.I B SOLN 120 ML;AMBROXOL + CLENBUTEROL;2018-04-01;2018-08-01;BAJA, por demanda
BAJA;R05C  EXPECTORANTES;QUIMICA SON S;BRONOLBAN;2004-09-01;BRONOLBAN SOLN 120 ML;AMBROXOL;2014-12-01;2015-04-01;BAJA, por demanda
BAJA;R05C  EXPECTORANTES;QUIMICA SON S;BRONOLBAN;2004-09-01;BRONOLBAN SOLN 120 ML;AMBROXOL;2015-04-01;2015-08-01;lanzamiento
BAJA;R05C  EXPECTORANTES;BIOMEP S.A. DE C.V.;AMBROXOL G.I BIOM;2007-06-01;AMBROXOL G.I BIOM TABL 30 MG 20;AMBROXOL;2016-12-01;2017-04-01;lanzamiento
BAJA;R05C  EXPECTORANTES;BIOMEP S.A. DE C.V.;AMBROXOL G.I BIOM;2007-06-01;AMBROXOL G.I BIOM TABL 30 MG 20;AMBROXOL;2017-08-01;2017-12-01;BAJA, por demanda
BAJA;R05C  EXPECTORANTES;BIOMEP S.A. DE C.V.;AMBROXOL G.I BIOM;2007-06-01;AMBROXOL G.I BIOM TABL 30 MG 20;AMBROXOL;2017-12-01;2018-04-01;lanzamiento
ALTA;R05C  EXPECTORANTES;MAVER;AMBROXOL G.I MAV;2011-08-01;AMBROXOL G.I MAV SOLN 120 ML;AMBROXOL;2017-12-01;2018-04-01;BAJA, por demanda
ALTA;R05C  EXPECTORANTES;COLLINS;BROSOFLUX;2014-10-01;BROSOFLUX SOLN PACK 120M L+LO VARI EX 120M;AMBROXOL + LORATADINA;2014-08-01;2014-12-01;ALTA, por demanda
BAJA;R05C  EXPECTORANTES;EUROMEX,LABS.;FLUXIBIT;2005-11-01;FLUXIBIT SOLN 120 ML;AMBROXOL + LORATADINA;2014-04-01;2014-08-01;lanzamiento
BAJA;R05C  EXPECTORANTES;SANFER CORP.;MUCOSOLVAN;1986-10-01;MUCOSOLVAN GOTAS 15 MG /2ML 30 ML;AMBROXOL;2014-04-01;2014-08-01;lanzamiento
BAJA;R05C  EXPECTORANTES;SANFER CORP.;MUCOSOLVAN;1986-10-01;MUCOSOLVAN GOTAS 15 MG /2ML 30 ML;AMBROXOL;2016-04-01;2016-08-01;lanzamiento
BAJA;R05C  EXPECTORANTES;LIOMONT, CORPORATION;SENSIBIT XP;2009-02-01;SENSIBIT XP TABL 5 MG /30 20;AMBROXOL + LORATADINA;2014-12-01;2015-04-01;BAJA, por demanda
BAJA;R05C  EXPECTORANTES;LIOMONT, CORPORATION;SENSIBIT XP;2009-02-01;SENSIBIT XP TABL 5 MG /30 20;AMBROXOL + LORATADINA;2017-12-01;2018-04-01;lanzamiento
BAJA;R05C  EXPECTORANTES;LIOMONT, CORPORATION;SENSIBIT XP;2009-02-01;SENSIBIT XP TABL 5 MG /30 20;AMBROXOL + LORATADINA;2018-12-01;2019-04-01;lanzamiento
ALTA;R05C  EXPECTORANTES;MAVER;VIAXOL;2003-01-01;VIAXOL GOTAS 7.50 MG 30 ML;AMBROXOL;2015-08-01;2015-12-01;ALTA, por demanda
ALTA;R05C  EXPECTORANTES;MAVER;VIAXOL;2003-01-01;VIAXOL GOTAS 7.50 MG 30 ML;AMBROXOL;2017-08-01;2017-12-01;BAJA, por demanda
BAJA;R05C  EXPECTORANTES;MAVER;VIAXOL;2003-01-01;VIAXOL GOTAS 7.50 MG 30 ML;AMBROXOL;2018-12-01;2019-04-01;lanzamiento
BAJA;R05C  EXPECTORANTES;MAVER;VIAXOL;2003-01-01;VIAXOL SOL 300 MG 120 ML;AMBROXOL;2015-04-01;2015-08-01;lanzamiento
BAJA;R05C  EXPECTORANTES;MAVER;VIAXOL;2003-01-01;VIAXOL SOL 300 MG 120 ML;AMBROXOL;2016-04-01;2016-08-01;lanzamiento
BAJA;R05C  EXPECTORANTES;MAVER;VIAXOL;2003-01-01;VIAXOL SOL 300 MG 120 ML;AMBROXOL;2018-08-01;2018-12-01;lanzamiento
BAJA;R05C  EXPECTORANTES;CARNOT;BROXOL AIR;2005-08-01;BROXOL AIR SOLN 150 MG /40 120 ML;AMBROXOL + SALBUTAMOL;2016-04-01;2016-08-01;lanzamiento
BAJA;R05C  EXPECTORANTES;CARNOT;BROXOL AIR;2005-08-01;BROXOL AIR SOLN 150 MG /40 120 ML;AMBROXOL + SALBUTAMOL;2017-04-01;2017-08-01;BAJA, por demanda
BAJA;R05C  EXPECTORANTES;CARNOT;BROXOL AIR;2005-08-01;BROXOL AIR SOLN 150 MG /40 120 ML;AMBROXOL + SALBUTAMOL;2018-04-01;2018-08-01;BAJA, por demanda
BAJA;R05C  EXPECTORANTES;CARNOT;BROXOL AIR;2005-08-01;BROXOL AIR SOLN 150 MG /40 120 ML;AMBROXOL + SALBUTAMOL;2018-12-01;2019-04-01;lanzamiento
ALTA;R05C  EXPECTORANTES;CARNOT;DOSTEIN;1997-09-01;DOSTEIN TABL.DISPERS 300 MG 18;ERDOSTEINA;2015-04-01;2015-08-01;BAJA, por demanda
ALTA;R05C  EXPECTORANTES;CARNOT;DOSTEIN;1997-09-01;DOSTEIN TABL.DISPERS 300 MG 18;ERDOSTEINA;2016-12-01;2017-04-01;BAJA, por demanda
BAJA;R05C  EXPECTORANTES;QUIFA PERRIGO;AMBROXOL G.I QYF;2011-01-01;AMBROXOL G.I QYF SOLN 2X 120 ML;AMBROXOL;2018-12-01;2019-04-01;lanzamiento
BAJA;R05C  EXPECTORANTES;MAVER;LORATAD/AMBR G.I M;2009-10-01;LORATAD/AMBR G.I M SOLN 100 MG /600 120 ML;AMBROXOL + LORATADINA;2015-04-01;2015-08-01;lanzamiento
ALTA;R05C  EXPECTORANTES;MAVER;LORATAD/AMBR G.I M;2009-10-01;LORATAD/AMBR G.I M SOLN 100 MG /600 120 ML;AMBROXOL + LORATADINA;2018-12-01;2019-04-01;BAJA, por demanda
BAJA;R05C  EXPECTORANTES;PFIZER CORPORATION;ROBITUSSIN;1995-03-01;ROBITUSSIN JBE 100 MG /5ML 150 ML;GUAIFENESINA;2014-08-01;2014-12-01;lanzamiento
ALTA;R05C  EXPECTORANTES;MAVER;LARITOL EX;2005-11-01;LARITOL EX TABL 5 MG /30 10;AMBROXOL + LORATADINA;2014-08-01;2014-12-01;ALTA, por demanda
ALTA;R05C  EXPECTORANTES;MAVER;LARITOL EX;2005-11-01;LARITOL EX TABL 5 MG /30 10;AMBROXOL + LORATADINA;2015-08-01;2015-12-01;ALTA, por demanda
BAJA;R05C  EXPECTORANTES;MAVER;LARITOL EX;2005-11-01;LARITOL EX TABL 5 MG /30 10;AMBROXOL + LORATADINA;2017-12-01;2018-04-01;lanzamiento
BAJA;R05C  EXPECTORANTES;MAVER;LARITOL EX;2005-11-01;LARITOL EX TABL 5 MG /30 10;AMBROXOL + LORATADINA;2018-04-01;2018-08-01;BAJA, por demanda
BAJA;R05C  EXPECTORANTES;MAVER;LARITOL EX;2005-11-01;LARITOL EX TABL 5 MG /30 10;AMBROXOL + LORATADINA;2018-12-01;2019-04-01;lanzamiento
ALTA;R05C  EXPECTORANTES;CARNOT;BROXOL;2016-12-01;BROXOL JBE 15 MG /5ML 120 ML+ CA LCET;AMBROXOL;2018-08-01;2018-12-01;ALTA, por demanda
BAJA;R05C  EXPECTORANTES;CARNOT;BROXOL;2016-12-01;BROXOL JBE 15 MG /5ML 120 ML+ CA LCET;AMBROXOL;2018-12-01;2019-04-01;lanzamiento
ALTA;R05C  EXPECTORANTES;PROCTER&GAMBLE COR;VICK-44;2004-09-01;VICK-44 JBE AD/INF T/SE FLEM CZA 240 ML;DEXTROMETORFANO + GUAIFENESINA;2014-08-01;2014-12-01;ALTA, por demanda
ALTA;R05C  EXPECTORANTES;PROCTER&GAMBLE COR;VICK-44;2004-09-01;VICK-44 JBE AD/INF T/SE FLEM CZA 240 ML;DEXTROMETORFANO + GUAIFENESINA;2015-08-01;2015-12-01;ALTA, por demanda
BAJA;R05C  EXPECTORANTES;PROCTER&GAMBLE COR;VICK-44;2004-09-01;VICK-44 JBE AD/INF T/SE FLEM CZA 240 ML;DEXTROMETORFANO + GUAIFENESINA;2017-12-01;2018-04-01;lanzamiento
ALTA;R05C  EXPECTORANTES;PROCTER&GAMBLE COR;VICK-44;1998-10-01;VICK-44 JBE NI/AD. 200 MG /15 120 ML;DEXTROMETORFANO + GUAIFENESINA;2014-08-01;2014-12-01;ALTA, por demanda
ALTA;R05C  EXPECTORANTES;PROCTER&GAMBLE COR;VICK-44;1998-10-01;VICK-44 JBE NI/AD. 200 MG /15 120 ML;DEXTROMETORFANO + GUAIFENESINA;2015-08-01;2015-12-01;ALTA, por demanda
BAJA;R05C  EXPECTORANTES;PROCTER&GAMBLE COR;VICK-44;1998-10-01;VICK-44 JBE NI/AD. 200 MG /15 120 ML;DEXTROMETORFANO + GUAIFENESINA;2016-12-01;2017-04-01;lanzamiento
BAJA;R05C  EXPECTORANTES;PROCTER&GAMBLE COR;VICK-44;1998-10-01;VICK-44 JBE NI/AD. 200 MG /15 120 ML;DEXTROMETORFANO + GUAIFENESINA;2017-12-01;2018-04-01;lanzamiento
ALTA;R05C  EXPECTORANTES;BIOMEP S.A. DE C.V.;CLOXAN;2010-04-01;CLOXAN SOLN 300 MG 120 ML;AMBROXOL;2014-08-01;2014-12-01;ALTA, por demanda
ALTA;R05C  EXPECTORANTES;BIOMEP S.A. DE C.V.;CLOXAN;2010-04-01;CLOXAN SOLN 300 MG 120 ML;AMBROXOL;2015-12-01;2016-04-01;ALTA, por demanda
BAJA;R05C  EXPECTORANTES;BIOMEP S.A. DE C.V.;CLOXAN;2010-04-01;CLOXAN SOLN 300 MG 120 ML;AMBROXOL;2018-04-01;2018-08-01;BAJA, por demanda
ALTA;R05C  EXPECTORANTES;SIEGFRIED-MED;AMINOEFEDRISON;1993-01-01;AMINOEFEDRISON JBE 150 ML;AMBROXOL + TEOFILINA;2015-04-01;2015-08-01;BAJA, por demanda
ALTA;R05C  EXPECTORANTES;CORPORATIVO RAYERE;BROGAL;2003-02-01;BROGAL GTS PED 30 ML;AMBROXOL;2014-08-01;2014-12-01;ALTA, por demanda
BAJA;R05C  EXPECTORANTES;CORPORATIVO RAYERE;BROGAL;2003-02-01;BROGAL GTS PED 30 ML;AMBROXOL;2014-12-01;2015-04-01;BAJA, por demanda
ALTA;R05C  EXPECTORANTES;CORPORATIVO RAYERE;BROGAL;2003-02-01;BROGAL GTS PED 30 ML;AMBROXOL;2015-08-01;2015-12-01;ALTA, por demanda
BAJA;R05C  EXPECTORANTES;CARNOT;ESTECLIN;1996-04-01;ESTECLIN SUSP 175 MG /5ML 90 ML;ERDOSTEINA;2016-04-01;2016-08-01;lanzamiento
BAJA;R05C  EXPECTORANTES;CARNOT;ESTECLIN;1996-04-01;ESTECLIN SUSP 175 MG /5ML 90 ML;ERDOSTEINA;2017-04-01;2017-08-01;BAJA, por demanda
BAJA;R05C  EXPECTORANTES;CARNOT;ESTECLIN;1996-04-01;ESTECLIN SUSP 175 MG /5ML 90 ML;ERDOSTEINA;2017-12-01;2018-04-01;lanzamiento
BAJA;R05C  EXPECTORANTES;NOVARTIS CORP.;ACC;2002-07-01;ACC TABL EFERV 200 MG 20;ACETILCISTEINA;2014-12-01;2015-04-01;BAJA, por demanda
ALTA;R05C  EXPECTORANTES;ARLEX;AMBROXOL G.I ARL;2005-03-01;AMBROXOL G.I ARL SOL 120 ML;AMBROXOL;2014-08-01;2014-12-01;ALTA, por demanda
ALTA;R05C  EXPECTORANTES;ARLEX;AMBROXOL G.I ARL;2005-03-01;AMBROXOL G.I ARL SOL 120 ML;AMBROXOL;2016-08-01;2016-12-01;ALTA, por demanda
BAJA;R05C  EXPECTORANTES;PROCTER&GAMBLE COR;VICK-44;2003-08-01;VICK-44 JBE MIEL 240 ML;DEXTROMETORFANO + GUAIFENESINA;2014-12-01;2015-04-01;BAJA, por demanda
BAJA;R05C  EXPECTORANTES;PROCTER&GAMBLE COR;VICK-44;2003-08-01;VICK-44 JBE MIEL 240 ML;DEXTROMETORFANO + GUAIFENESINA;2017-12-01;2018-04-01;lanzamiento
ALTA;R05C  EXPECTORANTES;SANFER CORP.;BISOLVON;2011-02-01;BISOLVON LINCTUS 8 MG /5ML DUO 100+ 20 % GT;BROMHEXINA;2015-08-01;2015-12-01;ALTA, por demanda
ALTA;R05C  EXPECTORANTES;SANFER CORP.;BISOLVON;2011-02-01;BISOLVON LINCTUS 8 MG /5ML DUO 100+ 20 % GT;BROMHEXINA;2016-08-01;2016-12-01;ALTA, por demanda
BAJA;R05C  EXPECTORANTES;SANFER CORP.;BISOLVON;2011-02-01;BISOLVON LINCTUS 8 MG /5ML DUO 100+ 20 % GT;BROMHEXINA;2016-12-01;2017-04-01;lanzamiento
BAJA;R05C  EXPECTORANTES;QUIFA PERRIGO;HEDERA HELIX G.I Q;2018-01-01;HEDERA HELIX G.I Q JBE .7 G 100 ML;HEDERA HELIX;2018-12-01;2019-04-01;lanzamiento
BAJA;R05C  EXPECTORANTES;CARNOT;BROXOL;1987-11-01;BROXOL TABL 30 MG 20;AMBROXOL;2014-12-01;2015-04-01;BAJA, por demanda
BAJA;R05C  EXPECTORANTES;CARNOT;BROXOL;1987-11-01;BROXOL TABL 30 MG 20;AMBROXOL;2017-12-01;2018-04-01;lanzamiento
BAJA;R05C  EXPECTORANTES;CARNOT;BROXOL;1987-11-01;BROXOL TABL 30 MG 20;AMBROXOL;2018-12-01;2019-04-01;lanzamiento
BAJA;R05C  EXPECTORANTES;DEGORTS;AMBROXOL G.I DEGOR;2018-12-01;AMBROXOL G.I DEGOR SOLN 120 ML;AMBROXOL;2018-12-01;2019-04-01;lanzamiento
ALTA;R05C  EXPECTORANTES;CARNOT;BROXOL;1987-12-01;BROXOL AMP. 15 MG 10 2 ML;AMBROXOL;2014-04-01;2014-08-01;BAJA, por demanda
ALTA;R05C  EXPECTORANTES;CARNOT;BROXOL;1987-12-01;BROXOL AMP. 15 MG 10 2 ML;AMBROXOL;2015-12-01;2016-04-01;ALTA, por demanda
BAJA;R05C  EXPECTORANTES;BRULUART;AMBROXOL G.I BRU;2008-01-01;AMBROXOL G.I BRU SOLN 120 ML;AMBROXOL;2017-12-01;2018-04-01;lanzamiento
BAJA;R05C  EXPECTORANTES;BRULUART;AMBROXOL G.I BRU;2008-01-01;AMBROXOL G.I BRU SOLN 120 ML;AMBROXOL;2018-12-01;2019-04-01;lanzamiento
ALTA;R05C  EXPECTORANTES;BAYER CORP.;AXOL DUO;2010-03-01;AXOL DUO SOLN 150 MG /40 120 ML;AMBROXOL + SALBUTAMOL;2015-12-01;2016-04-01;ALTA, por demanda
BAJA;R05C  EXPECTORANTES;BAYER CORP.;AXOL DUO;2010-03-01;AXOL DUO SOLN 150 MG /40 120 ML;AMBROXOL + SALBUTAMOL;2016-04-01;2016-08-01;lanzamiento
BAJA;R05C  EXPECTORANTES;BAYER CORP.;AXOL DUO;2010-03-01;AXOL DUO SOLN 150 MG /40 120 ML;AMBROXOL + SALBUTAMOL;2017-12-01;2018-04-01;lanzamiento
BAJA;R05C  EXPECTORANTES;BAYER CORP.;AXOL DUO;2010-03-01;AXOL DUO SOLN 150 MG /40 120 ML;AMBROXOL + SALBUTAMOL;2018-04-01;2018-08-01;BAJA, por demanda
BAJA;R05C  EXPECTORANTES;BAYER CORP.;AXOL DUO;2010-03-01;AXOL DUO SOLN 150 MG /40 120 ML;AMBROXOL + SALBUTAMOL;2018-12-01;2019-04-01;lanzamiento
BAJA;R05C  EXPECTORANTES;CARNOT;BROXOL;2015-12-01;BROXOL JBE+BUFANDA 15 MG /5ML 120 ML;AMBROXOL;2016-12-01;2017-04-01;lanzamiento
BAJA;R05C  EXPECTORANTES;I.Q.F.A.;AMBROXOL G.I I.Q.F;2007-09-01;AMBROXOL G.I I.Q.F SOLN 120 ML;AMBROXOL;2014-08-01;2014-12-01;lanzamiento
ALTA;R05C  EXPECTORANTES;I.Q.F.A.;AMBROXOL G.I I.Q.F;2007-09-01;AMBROXOL G.I I.Q.F SOLN 120 ML;AMBROXOL;2016-12-01;2017-04-01;BAJA, por demanda
ALTA;R05C  EXPECTORANTES;CORPORATIVO RAYERE;BROGAL COMPOSITUM;2003-01-01;BROGAL COMPOSITUM SOL 120 ML;AMBROXOL + CLENBUTEROL;2014-08-01;2014-12-01;ALTA, por demanda
BAJA;R05C  EXPECTORANTES;CORPORATIVO RAYERE;BROGAL COMPOSITUM;2003-01-01;BROGAL COMPOSITUM SOL 120 ML;AMBROXOL + CLENBUTEROL;2016-04-01;2016-08-01;lanzamiento
BAJA;R05C  EXPECTORANTES;CORPORATIVO RAYERE;BROGAL COMPOSITUM;2003-01-01;BROGAL COMPOSITUM SOL 120 ML;AMBROXOL + CLENBUTEROL;2017-12-01;2018-04-01;lanzamiento
BAJA;R05C  EXPECTORANTES;CORPORATIVO RAYERE;BROGAL COMPOSITUM;2003-01-01;BROGAL COMPOSITUM SOL 120 ML;AMBROXOL + CLENBUTEROL;2018-04-01;2018-08-01;BAJA, por demanda
BAJA;R05C  EXPECTORANTES;CORPORATIVO RAYERE;BROGAL COMPOSITUM;2003-01-01;BROGAL COMPOSITUM SOL 120 ML;AMBROXOL + CLENBUTEROL;2018-12-01;2019-04-01;lanzamiento
ALTA;R05C  EXPECTORANTES;DEGORTS;AMBROX/LORAT G.I D;2009-10-01;AMBROX/LORAT G.I D SOLN 120 ML;AMBROXOL + LORATADINA;2014-08-01;2014-12-01;ALTA, por demanda
BAJA;R05C  EXPECTORANTES;DEGORTS;AMBROX/LORAT G.I D;2009-10-01;AMBROX/LORAT G.I D SOLN 120 ML;AMBROXOL + LORATADINA;2017-12-01;2018-04-01;lanzamiento
BAJA;R05C  EXPECTORANTES;DEGORTS;AMBROX/LORAT G.I D;2009-10-01;AMBROX/LORAT G.I D SOLN 120 ML;AMBROXOL + LORATADINA;2018-04-01;2018-08-01;BAJA, por demanda
BAJA;R05C  EXPECTORANTES;ASTRAZENECA CORP.;BRICANYL EX;1987-12-01;BRICANYL EX JBE 200 ML;GUAIFENESINA + TERBUTALINA;2015-04-01;2015-08-01;lanzamiento
BAJA;R05C  EXPECTORANTES;ASTRAZENECA CORP.;BRICANYL EX;1987-12-01;BRICANYL EX JBE 200 ML;GUAIFENESINA + TERBUTALINA;2016-04-01;2016-08-01;lanzamiento
ALTA;R05C  EXPECTORANTES;SANFER CORP.;MUCOSOLVAN;2012-08-01;MUCOSOLVAN JBE 15 MG /5ML 100 ML;AMBROXOL;2014-08-01;2014-12-01;ALTA, por demanda
ALTA;R05C  EXPECTORANTES;SANFER CORP.;MUCOSOLVAN;2012-08-01;MUCOSOLVAN JBE 15 MG /5ML 100 ML;AMBROXOL;2015-08-01;2015-12-01;ALTA, por demanda
