BAJA;R05D  ANTITUSIGENOS;MAVER;OXELAD/AMBROX GI M;2015-08-01;OXELAD/AMBRO GI MA JBE INF 120 ML;AMBROXOL + OXELADINA;2016-04-01;2016-08-01;lanzamiento
BAJA;R05D  ANTITUSIGENOS;MAVER;OXELAD/AMBROX GI M;2015-08-01;OXELAD/AMBRO GI MA JBE INF 120 ML;AMBROXOL + OXELADINA;2016-12-01;2017-04-01;BAJA, por demanda
BAJA;R05D  ANTITUSIGENOS;MAVER;OXELAD/AMBROX GI M;2015-08-01;OXELAD/AMBRO GI MA JBE INF 120 ML;AMBROXOL + OXELADINA;2017-04-01;2017-08-01;lanzamiento
BAJA;R05D  ANTITUSIGENOS;MAVER;OXELAD/AMBROX GI M;2015-08-01;OXELAD/AMBRO GI MA JBE INF 120 ML;AMBROXOL + OXELADINA;2017-12-01;2018-04-01;lanzamiento
BAJA;R05D  ANTITUSIGENOS;MAVER;OXELAD/AMBROX GI M;2015-08-01;OXELAD/AMBRO GI MA JBE INF 120 ML;AMBROXOL + OXELADINA;2018-12-01;2019-04-01;BAJA, por demanda
BAJA;R05D  ANTITUSIGENOS;PROCTER&GAMBLE COR;VICK VAPORUB;1992-10-01;VICK VAPORUB JBE TOS SECA .20 % ADLT 120 ML;ACEITE DE EUCALIPTO + ALCANFOR + MENTOL;2014-12-01;2015-04-01;lanzamiento
BAJA;R05D  ANTITUSIGENOS;PROCTER&GAMBLE COR;VICK VAPORUB;1992-10-01;VICK VAPORUB JBE TOS SECA .20 % ADLT 120 ML;ACEITE DE EUCALIPTO + ALCANFOR + MENTOL;2017-12-01;2018-04-01;lanzamiento
ALTA;R05D  ANTITUSIGENOS;ALLEN;OXOTUSIN;1976-11-01;OXOTUSIN JBE 118 ML;OXOLAMINA;2015-08-01;2015-12-01;ALTA, por demanda
BAJA;R05D  ANTITUSIGENOS;ALLEN;OXOTUSIN;1976-11-01;OXOTUSIN JBE 118 ML;OXOLAMINA;2017-12-01;2018-04-01;lanzamiento
ALTA;R05D  ANTITUSIGENOS;CARNOT;FLUXEDAN;1972-09-01;FLUXEDAN JBE 225 ML;BROMHEXINA + OXELADINA;2015-08-01;2015-12-01;ALTA, por demanda
ALTA;R05D  ANTITUSIGENOS;CARNOT;FLUXEDAN;1972-09-01;FLUXEDAN JBE 225 ML;BROMHEXINA + OXELADINA;2015-12-01;2016-04-01;ALTA, por demanda
BAJA;R05D  ANTITUSIGENOS;CARNOT;FLUXEDAN;1972-09-01;FLUXEDAN JBE 225 ML;BROMHEXINA + OXELADINA;2016-04-01;2016-08-01;lanzamiento
BAJA;R05D  ANTITUSIGENOS;CARNOT;FLUXEDAN;1972-09-01;FLUXEDAN JBE 225 ML;BROMHEXINA + OXELADINA;2017-12-01;2018-04-01;lanzamiento
BAJA;R05D  ANTITUSIGENOS;CARNOT;FLUXEDAN;1972-09-01;FLUXEDAN JBE 225 ML;BROMHEXINA + OXELADINA;2018-12-01;2019-04-01;BAJA, por demanda
BAJA;R05D  ANTITUSIGENOS;PROTEIN-APOTEX;DEXTROMETORF G.I P;1998-12-01;DEXTROMETORF G.I P JBE 15 MG /5ML 60 ML;DEXTROMETORFANO;2014-12-01;2015-04-01;lanzamiento
ALTA;R05D  ANTITUSIGENOS;PROTEIN-APOTEX;DEXTROMETORF G.I P;1998-12-01;DEXTROMETORF G.I P JBE 15 MG /5ML 60 ML;DEXTROMETORFANO;2015-12-01;2016-04-01;ALTA, por demanda
BAJA;R05D  ANTITUSIGENOS;PROTEIN-APOTEX;DEXTROMETORF G.I P;1998-12-01;DEXTROMETORF G.I P JBE 15 MG /5ML 60 ML;DEXTROMETORFANO;2017-12-01;2018-04-01;lanzamiento
BAJA;R05D  ANTITUSIGENOS;PFIZER CORPORATION;DIMACOL;1994-09-01;DIMACOL SUSP INF 150 ML;DEXTROMETORFANO + FENILEFRINA + GUAIFENESINA;2016-04-01;2016-08-01;lanzamiento
BAJA;R05D  ANTITUSIGENOS;PFIZER CORPORATION;DIMACOL;1994-09-01;DIMACOL SUSP INF 150 ML;DEXTROMETORFANO + FENILEFRINA + GUAIFENESINA;2018-04-01;2018-08-01;lanzamiento
BAJA;R05D  ANTITUSIGENOS;QUIFA PERRIGO;DEXTRO+GUIAF G.I Q;2006-10-01;DEXTRO+GUAIF G.I Q JBE 120 ML;DEXTROMETORFANO + GUAIFENESINA;2016-12-01;2017-04-01;BAJA, por demanda
BAJA;R05D  ANTITUSIGENOS;FARMACOS CONTINENTALES;EXIADOL;2006-12-01;EXIADOL SOLN AD 100 ML;DEXTROMETORFANO + GUAIFENESINA;2014-12-01;2015-04-01;lanzamiento
BAJA;R05D  ANTITUSIGENOS;FARMACOS CONTINENTALES;EXIADOL;2006-12-01;EXIADOL SOLN AD 100 ML;DEXTROMETORFANO + GUAIFENESINA;2016-12-01;2017-04-01;BAJA, por demanda
BAJA;R05D  ANTITUSIGENOS;SANFER CORP.;EUCALIPTINE;1976-04-01;EUCALIPTINE JBE 140 ML;DEXTROMETORFANO + SULFOGUAYACOL;2016-12-01;2017-04-01;BAJA, por demanda
BAJA;R05D  ANTITUSIGENOS;SANFER CORP.;EUCALIPTINE;1976-04-01;EUCALIPTINE JBE 140 ML;DEXTROMETORFANO + SULFOGUAYACOL;2017-12-01;2018-04-01;lanzamiento
BAJA;R05D  ANTITUSIGENOS;SANFER CORP.;EUCALIPTINE;1976-04-01;EUCALIPTINE JBE 140 ML;DEXTROMETORFANO + SULFOGUAYACOL;2018-12-01;2019-04-01;BAJA, por demanda
ALTA;R05D  ANTITUSIGENOS;LOEFFLER;SUPRACOF;2003-08-01;SUPRACOF SUP INF 50 MG 6;BENZONATATO;2016-08-01;2016-12-01;ALTA, por demanda
BAJA;R05D  ANTITUSIGENOS;GLAXO SMITHKLINE CORP.;TESALON;2009-09-01;TESALON JBE INF MI/ FSA 200 ML;BENZONATATO;2014-12-01;2015-04-01;lanzamiento
BAJA;R05D  ANTITUSIGENOS;GLAXO SMITHKLINE CORP.;TESALON;2009-09-01;TESALON JBE INF MI/ FSA 200 ML;BENZONATATO;2015-04-01;2015-08-01;lanzamiento
ALTA;R05D  ANTITUSIGENOS;QUIMICA SON S;TUKSON;2003-01-01;TUKSON JBE 10 MG /1ML 100 ML;OXOLAMINA;2015-08-01;2015-12-01;ALTA, por demanda
ALTA;R05D  ANTITUSIGENOS;QUIMICA SON S;TUKSON;2003-01-01;TUKSON JBE 10 MG /1ML 100 ML;OXOLAMINA;2015-12-01;2016-04-01;ALTA, por demanda
BAJA;R05D  ANTITUSIGENOS;QUIMICA SON S;TUKSON;2003-01-01;TUKSON JBE 10 MG /1ML 100 ML;OXOLAMINA;2016-04-01;2016-08-01;lanzamiento
BAJA;R05D  ANTITUSIGENOS;QUIMICA SON S;TUKSON;2003-01-01;TUKSON JBE 10 MG /1ML 100 ML;OXOLAMINA;2017-12-01;2018-04-01;lanzamiento
ALTA;R05D  ANTITUSIGENOS;NOVAG INFANCIA, S.A. DE C.V.;BENCIEFEDRIL;2005-11-01;BENCIEFEDRIL SUSP 120 ML;DEXTROMETORFANO + GUAIFENESINA;2014-04-01;2014-08-01;BAJA, por demanda
BAJA;R05D  ANTITUSIGENOS;NOVAG INFANCIA, S.A. DE C.V.;BENCIEFEDRIL;2005-11-01;BENCIEFEDRIL SUSP 120 ML;DEXTROMETORFANO + GUAIFENESINA;2014-08-01;2014-12-01;lanzamiento
ALTA;R05D  ANTITUSIGENOS;GLAXO SMITHKLINE CORP.;TESALON;2007-10-01;TESALON PERLAS 100 MG 10;BENZONATATO;2014-08-01;2014-12-01;ALTA, por demanda
ALTA;R05D  ANTITUSIGENOS;GLAXO SMITHKLINE CORP.;TESALON;2007-10-01;TESALON PERLAS 100 MG 10;BENZONATATO;2015-08-01;2015-12-01;ALTA, por demanda
BAJA;R05D  ANTITUSIGENOS;GLAXO SMITHKLINE CORP.;TESALON;2007-10-01;TESALON PERLAS 100 MG 10;BENZONATATO;2016-04-01;2016-08-01;lanzamiento
ALTA;R05D  ANTITUSIGENOS;GLAXO SMITHKLINE CORP.;TESALON;2007-10-01;TESALON PERLAS 100 MG 10;BENZONATATO;2018-08-01;2018-12-01;ALTA, por demanda
BAJA;R05D  ANTITUSIGENOS;GLAXO SMITHKLINE CORP.;TESALON;2007-10-01;TESALON PERLAS 100 MG 10;BENZONATATO;2018-12-01;2019-04-01;BAJA, por demanda
ALTA;R05D  ANTITUSIGENOS;DEGORTS;DEBEQUIN;2007-05-01;DEBEQUIN JBE SIMPLE 120 ML;DEXTROMETORFANO;2016-12-01;2017-04-01;BAJA, por demanda
ALTA;R05D  ANTITUSIGENOS;ULTRA LABORATORIOS;DEXOLTRYN;2007-10-01;DEXOLTRYN JBE INF 120 ML;AMBROXOL + DEXTROMETORFANO;2015-12-01;2016-04-01;ALTA, por demanda
BAJA;R05D  ANTITUSIGENOS;ULTRA LABORATORIOS;DEXOLTRYN;2007-10-01;DEXOLTRYN JBE INF 120 ML;AMBROXOL + DEXTROMETORFANO;2016-12-01;2017-04-01;BAJA, por demanda
ALTA;R05D  ANTITUSIGENOS;QUIFA PERRIGO;CAPSIFLU;1997-06-01;CAPSIFLU CAPS 12;DEXTROMETORFANO + FENILEFRINA + GUAIFENESINA;2015-08-01;2015-12-01;ALTA, por demanda
BAJA;R05D  ANTITUSIGENOS;QUIFA PERRIGO;CAPSIFLU;1997-06-01;CAPSIFLU CAPS 12;DEXTROMETORFANO + FENILEFRINA + GUAIFENESINA;2015-12-01;2016-04-01;lanzamiento
BAJA;R05D  ANTITUSIGENOS;QUIFA PERRIGO;CAPSIFLU;1997-06-01;CAPSIFLU CAPS 12;DEXTROMETORFANO + FENILEFRINA + GUAIFENESINA;2017-08-01;2017-12-01;lanzamiento
BAJA;R05D  ANTITUSIGENOS;LANDSTEINER;DEXTRO/GUAI G.I LA;2010-06-01;DEXTRO/GUAI G.I LA JBE 100 ML;DEXTROMETORFANO + GUAIFENESINA;2014-12-01;2015-04-01;lanzamiento
BAJA;R05D  ANTITUSIGENOS;LANDSTEINER;DEXTRO/GUAI G.I LA;2010-06-01;DEXTRO/GUAI G.I LA JBE 100 ML;DEXTROMETORFANO + GUAIFENESINA;2015-04-01;2015-08-01;lanzamiento
BAJA;R05D  ANTITUSIGENOS;LANDSTEINER;DEXTRO/GUAI G.I LA;2010-06-01;DEXTRO/GUAI G.I LA JBE 100 ML;DEXTROMETORFANO + GUAIFENESINA;2015-12-01;2016-04-01;lanzamiento
ALTA;R05D  ANTITUSIGENOS;GLAXO SMITHKLINE CORP.;TESALON;2009-09-01;TESALON PERLAS 100 MG 20+ MEBOC TAB 6;BENZONATATO;2015-08-01;2015-12-01;ALTA, por demanda
ALTA;R05D  ANTITUSIGENOS;EURODRUG;KASTOVIN;2008-06-01;KASTOVIN JBE 600 MG 120 ML;LEVODROPROPIZINA;2016-12-01;2017-04-01;BAJA, por demanda
BAJA;R05D  ANTITUSIGENOS;AMERICAN CARE S.A. DE C.V.;DEXTROMETORF G.I A;2006-07-01;DEXTROMETORF G.I A JBE 120 ML;DEXTROMETORFANO;2016-12-01;2017-04-01;BAJA, por demanda
BAJA;R05D  ANTITUSIGENOS;AMERICAN CARE S.A. DE C.V.;DEXTROMETORF G.I A;2006-07-01;DEXTROMETORF G.I A JBE 120 ML;DEXTROMETORFANO;2018-04-01;2018-08-01;lanzamiento
BAJA;R05D  ANTITUSIGENOS;AMERICAN CARE S.A. DE C.V.;DEXTROMETORF G.I A;2006-07-01;DEXTROMETORF G.I A JBE 120 ML;DEXTROMETORFANO;2018-12-01;2019-04-01;BAJA, por demanda
BAJA;R05D  ANTITUSIGENOS;CORPORATIVO RAYERE;DIZOLVIN FLUX;2007-09-01;DIZOLVIN FLUX SOLN 120 ML;AMBROXOL + LEVODROPROPIZINA;2016-04-01;2016-08-01;lanzamiento
BAJA;R05D  ANTITUSIGENOS;CORPORATIVO RAYERE;DIZOLVIN FLUX;2007-09-01;DIZOLVIN FLUX SOLN 120 ML;AMBROXOL + LEVODROPROPIZINA;2018-04-01;2018-08-01;lanzamiento
BAJA;R05D  ANTITUSIGENOS;SENOSIAIN;PLEXUS;2003-11-01;PLEXUS JBE AD C/DOS 150 ML;AMBROXOL + DEXTROMETORFANO;2016-12-01;2017-04-01;BAJA, por demanda
BAJA;R05D  ANTITUSIGENOS;SENOSIAIN;PLEXUS;2003-11-01;PLEXUS JBE AD C/DOS 150 ML;AMBROXOL + DEXTROMETORFANO;2017-12-01;2018-04-01;lanzamiento
BAJA;R05D  ANTITUSIGENOS;ARLEX;OTOFEN;2010-04-01;OTOFEN JBE 100 ML;GUAIFENESINA + OXOLAMINA;2016-04-01;2016-08-01;lanzamiento
BAJA;R05D  ANTITUSIGENOS;ARLEX;OTOFEN;2010-04-01;OTOFEN JBE 100 ML;GUAIFENESINA + OXOLAMINA;2017-04-01;2017-08-01;lanzamiento
BAJA;R05D  ANTITUSIGENOS;QUIFA PERRIGO;PALMOXAN;1997-02-01;PALMOXAN CAPS 12;DEXTROMETORFANO + GUAIFENESINA;2017-12-01;2018-04-01;lanzamiento
ALTA;R05D  ANTITUSIGENOS;SANOFI CORP;HISTIACIL G;1995-11-01;HISTIACIL G JBE AD 150 ML;DEXTROMETORFANO + GUAIFENESINA;2015-12-01;2016-04-01;ALTA, por demanda
ALTA;R05D  ANTITUSIGENOS;SANOFI CORP;HISTIACIL G;1995-11-01;HISTIACIL G JBE AD 150 ML;DEXTROMETORFANO + GUAIFENESINA;2016-08-01;2016-12-01;ALTA, por demanda
BAJA;R05D  ANTITUSIGENOS;SANOFI CORP;HISTIACIL G;1995-11-01;HISTIACIL G JBE AD 150 ML;DEXTROMETORFANO + GUAIFENESINA;2017-12-01;2018-04-01;lanzamiento
BAJA;R05D  ANTITUSIGENOS;QUIMICA SON S;BROMINOL-C;2003-09-01;BROMINOL-C JBE AD 120 ML;AMBROXOL + DEXTROMETORFANO;2018-04-01;2018-08-01;lanzamiento
BAJA;R05D  ANTITUSIGENOS;FARCORAL,PROFESIONAL MEDICA;ALEXING;2007-04-01;ALEXING SOLN ADT 120 ML;AMBROXOL + DEXTROMETORFANO;2014-12-01;2015-04-01;lanzamiento
ALTA;R05D  ANTITUSIGENOS;FARCORAL,PROFESIONAL MEDICA;ALEXING;2007-04-01;ALEXING SOLN ADT 120 ML;AMBROXOL + DEXTROMETORFANO;2015-12-01;2016-04-01;ALTA, por demanda
BAJA;R05D  ANTITUSIGENOS;FARCORAL,PROFESIONAL MEDICA;ALEXING;2007-04-01;ALEXING SOLN ADT 120 ML;AMBROXOL + DEXTROMETORFANO;2016-04-01;2016-08-01;lanzamiento
BAJA;R05D  ANTITUSIGENOS;FARCORAL,PROFESIONAL MEDICA;ALEXING;2007-04-01;ALEXING SOLN ADT 120 ML;AMBROXOL + DEXTROMETORFANO;2017-04-01;2017-08-01;lanzamiento
BAJA;R05D  ANTITUSIGENOS;MAVER;COBADEX;2005-10-01;COBADEX SOL INF 120 ML;AMBROXOL + DEXTROMETORFANO;2016-04-01;2016-08-01;lanzamiento
BAJA;R05D  ANTITUSIGENOS;CORPORATIVO RAYERE;LEVODROPROP GI RAY;2013-02-01;LEVODROPROP GI RAY SOLN 600 MG 120 ML;LEVODROPROPIZINA;2014-12-01;2015-04-01;lanzamiento
BAJA;R05D  ANTITUSIGENOS;CORPORATIVO RAYERE;LEVODROPROP GI RAY;2013-02-01;LEVODROPROP GI RAY SOLN 600 MG 120 ML;LEVODROPROPIZINA;2016-04-01;2016-08-01;lanzamiento
BAJA;R05D  ANTITUSIGENOS;JOHNSON+JOHNSON CO;BENADREX N/F;1994-10-01;BENADREX N/F JBE 150 ML;DEXTROMETORFANO + DIFENHIDRAMINA;2016-04-01;2016-08-01;lanzamiento
BAJA;R05D  ANTITUSIGENOS;JOHNSON+JOHNSON CO;BENADREX N/F;1994-10-01;BENADREX N/F JBE 150 ML;DEXTROMETORFANO + DIFENHIDRAMINA;2016-12-01;2017-04-01;BAJA, por demanda
BAJA;R05D  ANTITUSIGENOS;JOHNSON+JOHNSON CO;BENADREX N/F;1994-10-01;BENADREX N/F JBE 150 ML;DEXTROMETORFANO + DIFENHIDRAMINA;2017-12-01;2018-04-01;lanzamiento
BAJA;R05D  ANTITUSIGENOS;JOHNSON+JOHNSON CO;BENADREX N/F;1994-10-01;BENADREX N/F JBE 150 ML;DEXTROMETORFANO + DIFENHIDRAMINA;2018-12-01;2019-04-01;BAJA, por demanda
BAJA;R05D  ANTITUSIGENOS;PFIZER CORPORATION;DIMACOL;2006-10-01;DIMACOL SOL PED S/PS 60 ML;DEXTROMETORFANO + FENILEFRINA + GUAIFENESINA;2016-04-01;2016-08-01;lanzamiento
BAJA;R05D  ANTITUSIGENOS;PFIZER CORPORATION;DIMACOL;2006-10-01;DIMACOL SOL PED S/PS 60 ML;DEXTROMETORFANO + FENILEFRINA + GUAIFENESINA;2017-04-01;2017-08-01;lanzamiento
BAJA;R05D  ANTITUSIGENOS;ALLEN;TUSILEN;1900-12-01;TUSILEN JBE INF 118 ML;DEXTROMETORFANO + GUAIFENESINA + PARACETAMOL;2016-04-01;2016-08-01;lanzamiento
BAJA;R05D  ANTITUSIGENOS;ALLEN;TUSILEN;1900-12-01;TUSILEN JBE INF 118 ML;DEXTROMETORFANO + GUAIFENESINA + PARACETAMOL;2017-04-01;2017-08-01;lanzamiento
BAJA;R05D  ANTITUSIGENOS;QUIMICA SON S;RIDIN;2003-09-01;RIDIN JBE AD 120 ML;CLORFENAMINA + DEXTROMETORFANO + GUAIFENESINA;2014-12-01;2015-04-01;lanzamiento
BAJA;R05D  ANTITUSIGENOS;QUIMICA SON S;OXIN;2004-09-01;OXIN JBE AD 120 ML;DEXTROMETORFANO + SULFOGUAYACOL;2016-04-01;2016-08-01;lanzamiento
BAJA;R05D  ANTITUSIGENOS;QUIMICA SON S;OXIN;2004-09-01;OXIN JBE AD 120 ML;DEXTROMETORFANO + SULFOGUAYACOL;2017-12-01;2018-04-01;lanzamiento
BAJA;R05D  ANTITUSIGENOS;QUIMICA SON S;OXIN;2004-09-01;OXIN JBE AD 120 ML;DEXTROMETORFANO + SULFOGUAYACOL;2018-12-01;2019-04-01;BAJA, por demanda
BAJA;R05D  ANTITUSIGENOS;ARMSTRONG;ZYPLO;1998-02-01;ZYPLO JBE 30 MG /5ML 120 ML;LEVODROPROPIZINA;2016-04-01;2016-08-01;lanzamiento
BAJA;R05D  ANTITUSIGENOS;ARMSTRONG;ZYPLO;1998-02-01;ZYPLO JBE 30 MG /5ML 120 ML;LEVODROPROPIZINA;2017-12-01;2018-04-01;lanzamiento
BAJA;R05D  ANTITUSIGENOS;ARMSTRONG;ZYPLO;1998-02-01;ZYPLO JBE 30 MG /5ML 120 ML;LEVODROPROPIZINA;2018-12-01;2019-04-01;BAJA, por demanda
ALTA;R05D  ANTITUSIGENOS;CORPORATIVO RAYERE;AMBROXO/DEXT G.I R;2010-04-01;AMBROXO/DEXT G.I R JBE AD 120 ML;AMBROXOL + DEXTROMETORFANO;2018-04-01;2018-08-01;BAJA, por demanda
BAJA;R05D  ANTITUSIGENOS;BAUSCH HEALTH;BREACOL;1993-10-01;BREACOL JBE INF 120 ML;DEXTROMETORFANO + GUAIFENESINA;2018-04-01;2018-08-01;lanzamiento
BAJA;R05D  ANTITUSIGENOS;BAUSCH HEALTH;BREACOL;1993-10-01;BREACOL JBE INF 120 ML;DEXTROMETORFANO + GUAIFENESINA;2018-12-01;2019-04-01;BAJA, por demanda
BAJA;R05D  ANTITUSIGENOS;LABORATORIOS PROPHARMA SA CV;SURIL;2011-02-01;SURIL TABL 10;AMBROXOL + DEXTROMETORFANO + LORATADINA;2014-08-01;2014-12-01;lanzamiento
ALTA;R05D  ANTITUSIGENOS;LABORATORIOS PROPHARMA SA CV;SURIL;2011-02-01;SURIL TABL 10;AMBROXOL + DEXTROMETORFANO + LORATADINA;2014-12-01;2015-04-01;BAJA, por demanda
BAJA;R05D  ANTITUSIGENOS;LABORATORIOS PROPHARMA SA CV;SURIL;2011-02-01;SURIL TABL 10;AMBROXOL + DEXTROMETORFANO + LORATADINA;2016-12-01;2017-04-01;BAJA, por demanda
BAJA;R05D  ANTITUSIGENOS;LABORATORIOS PROPHARMA SA CV;SURIL;2011-02-01;SURIL TABL 10;AMBROXOL + DEXTROMETORFANO + LORATADINA;2017-04-01;2017-08-01;lanzamiento
ALTA;R05D  ANTITUSIGENOS;LABORATORIOS PROPHARMA SA CV;SURIL;2011-02-01;SURIL TABL 10;AMBROXOL + DEXTROMETORFANO + LORATADINA;2018-08-01;2018-12-01;ALTA, por demanda
ALTA;R05D  ANTITUSIGENOS;LABORATORIOS PROPHARMA SA CV;SURIL;2011-02-01;SURIL TABL 10;AMBROXOL + DEXTROMETORFANO + LORATADINA;2018-12-01;2019-04-01;BAJA, por demanda
ALTA;R05D  ANTITUSIGENOS;SANFER CORP.;BISOLVON;2011-07-01;BISOLVON SOL BISOLSEK 120 ML+MA NTA;DEXTROMETORFANO;2014-12-01;2015-04-01;BAJA, por demanda
ALTA;R05D  ANTITUSIGENOS;ULTRA LABORATORIOS;DEXOLTRYN;2007-05-01;DEXOLTRYN SOLN ADT 120 ML;AMBROXOL + DEXTROMETORFANO;2015-08-01;2015-12-01;ALTA, por demanda
ALTA;R05D  ANTITUSIGENOS;ULTRA LABORATORIOS;DEXOLTRYN;2007-05-01;DEXOLTRYN SOLN ADT 120 ML;AMBROXOL + DEXTROMETORFANO;2015-12-01;2016-04-01;ALTA, por demanda
ALTA;R05D  ANTITUSIGENOS;ULTRA LABORATORIOS;DEXOLTRYN;2007-05-01;DEXOLTRYN SOLN ADT 120 ML;AMBROXOL + DEXTROMETORFANO;2017-08-01;2017-12-01;ALTA, por demanda
ALTA;R05D  ANTITUSIGENOS;ULTRA LABORATORIOS;DEXOLTRYN;2007-05-01;DEXOLTRYN SOLN ADT 120 ML;AMBROXOL + DEXTROMETORFANO;2018-12-01;2019-04-01;BAJA, por demanda
ALTA;R05D  ANTITUSIGENOS;MAVER;GUAI/FEN/DEX G.I M;2010-07-01;GUAI/FEN/DEX G.I M JBE 120 ML;DEXTROMETORFANO + FENILEFRINA + GUAIFENESINA;2014-08-01;2014-12-01;ALTA, por demanda
BAJA;R05D  ANTITUSIGENOS;MAVER;GUAI/FEN/DEX G.I M;2010-07-01;GUAI/FEN/DEX G.I M JBE 120 ML;DEXTROMETORFANO + FENILEFRINA + GUAIFENESINA;2015-04-01;2015-08-01;lanzamiento
BAJA;R05D  ANTITUSIGENOS;MAVER;GUAI/FEN/DEX G.I M;2010-07-01;GUAI/FEN/DEX G.I M JBE 120 ML;DEXTROMETORFANO + FENILEFRINA + GUAIFENESINA;2017-12-01;2018-04-01;lanzamiento
BAJA;R05D  ANTITUSIGENOS;MAVER;GUAI/FEN/DEX G.I M;2010-07-01;GUAI/FEN/DEX G.I M JBE 120 ML;DEXTROMETORFANO + FENILEFRINA + GUAIFENESINA;2018-04-01;2018-08-01;lanzamiento
BAJA;R05D  ANTITUSIGENOS;MAVER;GUAI/FEN/DEX G.I M;2010-07-01;GUAI/FEN/DEX G.I M JBE 120 ML;DEXTROMETORFANO + FENILEFRINA + GUAIFENESINA;2018-12-01;2019-04-01;BAJA, por demanda
BAJA;R05D  ANTITUSIGENOS;SANOFI CORP;HISTIACIL N F;2001-10-01;HISTIACIL N F GTS PED UVA 30 ML;AMBROXOL + DEXTROMETORFANO;2015-04-01;2015-08-01;lanzamiento
ALTA;R05D  ANTITUSIGENOS;LIOMONT, CORPORATION;BRONCOMED;1900-12-01;BRONCOMED JBE 120 ML;DEXTROMETORFANO + GUAIFENESINA;2015-08-01;2015-12-01;ALTA, por demanda
BAJA;R05D  ANTITUSIGENOS;LIOMONT, CORPORATION;BRONCOMED;1900-12-01;BRONCOMED JBE 120 ML;DEXTROMETORFANO + GUAIFENESINA;2016-04-01;2016-08-01;lanzamiento
BAJA;R05D  ANTITUSIGENOS;LIOMONT, CORPORATION;BRONCOMED;1900-12-01;BRONCOMED JBE 120 ML;DEXTROMETORFANO + GUAIFENESINA;2018-12-01;2019-04-01;BAJA, por demanda
BAJA;R05D  ANTITUSIGENOS;MEDIX CORP.;ATHOS;1971-08-01;ATHOS CAPS 30 MG 20;DEXTROMETORFANO;2014-12-01;2015-04-01;lanzamiento
BAJA;R05D  ANTITUSIGENOS;MEDIX CORP.;ATHOS;1971-08-01;ATHOS CAPS 30 MG 20;DEXTROMETORFANO;2017-12-01;2018-04-01;lanzamiento
BAJA;R05D  ANTITUSIGENOS;MEDIX CORP.;ATHOS;1971-08-01;ATHOS CAPS 30 MG 20;DEXTROMETORFANO;2018-12-01;2019-04-01;BAJA, por demanda
BAJA;R05D  ANTITUSIGENOS;QUIMPHARMA, S.A. DE C.V.;GUAXOQUIM;2007-11-01;GUAXOQUIM JBE 2 G /1G 140 ML;GUAIFENESINA + OXOLAMINA;2016-04-01;2016-08-01;lanzamiento
BAJA;R05D  ANTITUSIGENOS;QUIMPHARMA, S.A. DE C.V.;GUAXOQUIM;2007-11-01;GUAXOQUIM JBE 2 G /1G 140 ML;GUAIFENESINA + OXOLAMINA;2017-12-01;2018-04-01;lanzamiento
BAJA;R05D  ANTITUSIGENOS;TEVA CORPORACION;DEXTROMETORF GI IN;2012-11-01;DEXTROMETORF GI IN JBE 15 MG 60 ML;DEXTROMETORFANO;2014-12-01;2015-04-01;lanzamiento
BAJA;R05D  ANTITUSIGENOS;ANDROMACO;DEXOL;2013-10-01;DEXOL SOLN AD DUO PACK 120 ML;AMBROXOL + DEXTROMETORFANO;2014-12-01;2015-04-01;lanzamiento
BAJA;R05D  ANTITUSIGENOS;I.Q.F.A.;BALSEDRINA;1978-03-01;BALSEDRINA ELIXIR 120 ML;DEXTROMETORFANO;2015-12-01;2016-04-01;lanzamiento
BAJA;R05D  ANTITUSIGENOS;GENOMA LAB INT;DEXTR/AMBROX GIMMN;2009-08-01;DEXTR/AMBROX GIMMN SOL 225MG  120 ML;AMBROXOL + DEXTROMETORFANO;2014-12-01;2015-04-01;lanzamiento
BAJA;R05D  ANTITUSIGENOS;GENOMA LAB INT;DEXTR/AMBROX GIMMN;2009-08-01;DEXTR/AMBROX GIMMN SOL 225MG  120 ML;AMBROXOL + DEXTROMETORFANO;2016-08-01;2016-12-01;lanzamiento
ALTA;R05D  ANTITUSIGENOS;GLAXO SMITHKLINE CORP.;THERAFLU EX;2013-01-01;THERAFLU EX SB EXTHEGRA LIMO ECONO PACK 10;DEXTROMETORFANO + FENILEFRINA + FENIRAMINA;2015-08-01;2015-12-01;ALTA, por demanda
BAJA;R05D  ANTITUSIGENOS;GLAXO SMITHKLINE CORP.;THERAFLU TENALIF;2001-09-01;THERAFLU TENALIF JBE AD MIE/L 200 ML;AMBROXOL + OXELADINA;2014-12-01;2015-04-01;lanzamiento
ALTA;R05D  ANTITUSIGENOS;MAVER;DROPROPIZINA GI MA;2015-09-01;DROPROPIZINA GI MA JBE 300 MG 120 ML;DROPROPIZINA;2015-08-01;2015-12-01;ALTA, por demanda
BAJA;R05D  ANTITUSIGENOS;MAVER;DROPROPIZINA GI MA;2015-09-01;DROPROPIZINA GI MA JBE 300 MG 120 ML;DROPROPIZINA;2016-04-01;2016-08-01;lanzamiento
BAJA;R05D  ANTITUSIGENOS;MAVER;DROPROPIZINA GI MA;2015-09-01;DROPROPIZINA GI MA JBE 300 MG 120 ML;DROPROPIZINA;2018-12-01;2019-04-01;BAJA, por demanda
ALTA;R05D  ANTITUSIGENOS;SANFER CORP.;DEXTR/AMBRO GI SAN;2016-02-01;DEXTR/AMBRO GI SAN JBE ADTO 150 ML;AMBROXOL + DEXTROMETORFANO;2016-12-01;2017-04-01;BAJA, por demanda
ALTA;R05D  ANTITUSIGENOS;SANFER CORP.;DEXTR/AMBRO GI SAN;2016-02-01;DEXTR/AMBRO GI SAN JBE ADTO 150 ML;AMBROXOL + DEXTROMETORFANO;2017-08-01;2017-12-01;ALTA, por demanda
BAJA;R05D  ANTITUSIGENOS;SANFER CORP.;DEXTR/AMBRO GI SAN;2016-02-01;DEXTR/AMBRO GI SAN JBE ADTO 150 ML;AMBROXOL + DEXTROMETORFANO;2017-12-01;2018-04-01;lanzamiento
ALTA;R05D  ANTITUSIGENOS;SANFER CORP.;DEXTR/AMBRO GI SAN;2016-02-01;DEXTR/AMBRO GI SAN JBE ADTO 150 ML;AMBROXOL + DEXTROMETORFANO;2018-08-01;2018-12-01;ALTA, por demanda
ALTA;R05D  ANTITUSIGENOS;SANFER CORP.;DEXTR/AMBRO GI SAN;2016-02-01;DEXTR/AMBRO GI SAN JBE ADTO 150 ML;AMBROXOL + DEXTROMETORFANO;2018-12-01;2019-04-01;BAJA, por demanda
BAJA;R05D  ANTITUSIGENOS;BAUSCH HEALTH;BREACOL;1993-10-01;BREACOL JBE ADLT 120 ML;DEXTROMETORFANO + GUAIFENESINA;2014-12-01;2015-04-01;lanzamiento
ALTA;R05D  ANTITUSIGENOS;BAUSCH HEALTH;BREACOL;1993-10-01;BREACOL JBE ADLT 120 ML;DEXTROMETORFANO + GUAIFENESINA;2016-08-01;2016-12-01;ALTA, por demanda
BAJA;R05D  ANTITUSIGENOS;BAUSCH HEALTH;BREACOL;1993-10-01;BREACOL JBE ADLT 120 ML;DEXTROMETORFANO + GUAIFENESINA;2018-12-01;2019-04-01;BAJA, por demanda
BAJA;R05D  ANTITUSIGENOS;GENOMA LAB INT;TUKOL EX;2009-11-01;TUKOL EX CAPS 22.5 MG /22. 10;AMBROXOL + DEXTROMETORFANO;2015-12-01;2016-04-01;lanzamiento
BAJA;R05D  ANTITUSIGENOS;GENOMA LAB INT;TUKOL EX;2009-11-01;TUKOL EX CAPS 22.5 MG /22. 10;AMBROXOL + DEXTROMETORFANO;2018-08-01;2018-12-01;lanzamiento
BAJA;R05D  ANTITUSIGENOS;PROTEIN-APOTEX;D-TATO;1995-03-01;D-TATO PERLAS 100 MG 20;BENZONATATO;2016-12-01;2017-04-01;BAJA, por demanda
BAJA;R05D  ANTITUSIGENOS;PROTEIN-APOTEX;D-TATO;1995-03-01;D-TATO PERLAS 100 MG 20;BENZONATATO;2017-12-01;2018-04-01;lanzamiento
BAJA;R05D  ANTITUSIGENOS;PROTEIN-APOTEX;D-TATO;1995-03-01;D-TATO PERLAS 100 MG 20;BENZONATATO;2018-12-01;2019-04-01;BAJA, por demanda
BAJA;R05D  ANTITUSIGENOS;SIEGFRIED-MED;DALVEAR;2014-10-01;DALVEAR JBE INF FSA 200 ML;BROMHEXINA + DROPROPIZINA;2017-12-01;2018-04-01;lanzamiento
BAJA;R05D  ANTITUSIGENOS;SIEGFRIED-MED;DALVEAR;2014-10-01;DALVEAR JBE INF FSA 200 ML;BROMHEXINA + DROPROPIZINA;2018-04-01;2018-08-01;lanzamiento
ALTA;R05D  ANTITUSIGENOS;BIOMEP S.A. DE C.V.;TROMEFEN;2013-11-01;TROMEFEN JBE INF 120 ML;DEXTROMETORFANO + GUAIFENESINA;2016-08-01;2016-12-01;ALTA, por demanda
BAJA;R05D  ANTITUSIGENOS;BIOMEP S.A. DE C.V.;TROMEFEN;2013-11-01;TROMEFEN JBE INF 120 ML;DEXTROMETORFANO + GUAIFENESINA;2016-12-01;2017-04-01;BAJA, por demanda
BAJA;R05D  ANTITUSIGENOS;BIOMEP S.A. DE C.V.;TROMEFEN;2013-11-01;TROMEFEN JBE INF 120 ML;DEXTROMETORFANO + GUAIFENESINA;2018-12-01;2019-04-01;BAJA, por demanda
BAJA;R05D  ANTITUSIGENOS;BRULUART;OXOLBRUL;2003-11-01;OXOLBRUL SOLN INF 120 ML;AMBROXOL + DEXTROMETORFANO;2014-04-01;2014-08-01;BAJA, por demanda
BAJA;R05D  ANTITUSIGENOS;BRULUART;OXOLBRUL;2003-11-01;OXOLBRUL SOLN INF 120 ML;AMBROXOL + DEXTROMETORFANO;2014-12-01;2015-04-01;lanzamiento
BAJA;R05D  ANTITUSIGENOS;BRULUART;OXOLBRUL;2003-11-01;OXOLBRUL SOLN INF 120 ML;AMBROXOL + DEXTROMETORFANO;2015-12-01;2016-04-01;lanzamiento
BAJA;R05D  ANTITUSIGENOS;BRULUART;OXOLBRUL;2003-11-01;OXOLBRUL SOLN INF 120 ML;AMBROXOL + DEXTROMETORFANO;2017-12-01;2018-04-01;lanzamiento
BAJA;R05D  ANTITUSIGENOS;BRULUART;OXOLBRUL;2003-11-01;OXOLBRUL SOLN INF 120 ML;AMBROXOL + DEXTROMETORFANO;2018-12-01;2019-04-01;BAJA, por demanda
BAJA;R05D  ANTITUSIGENOS;CORPORATIVO RAYERE;BROGAL T;2003-02-01;BROGAL T SOL AD 120 ML;AMBROXOL + DEXTROMETORFANO;2014-04-01;2014-08-01;BAJA, por demanda
ALTA;R05D  ANTITUSIGENOS;CORPORATIVO RAYERE;BROGAL T;2003-02-01;BROGAL T SOL AD 120 ML;AMBROXOL + DEXTROMETORFANO;2014-08-01;2014-12-01;ALTA, por demanda
ALTA;R05D  ANTITUSIGENOS;CORPORATIVO RAYERE;BROGAL T;2003-02-01;BROGAL T SOL AD 120 ML;AMBROXOL + DEXTROMETORFANO;2015-08-01;2015-12-01;ALTA, por demanda
BAJA;R05D  ANTITUSIGENOS;CORPORATIVO RAYERE;BROGAL T;2003-02-01;BROGAL T SOL AD 120 ML;AMBROXOL + DEXTROMETORFANO;2016-12-01;2017-04-01;BAJA, por demanda
BAJA;R05D  ANTITUSIGENOS;CORPORATIVO RAYERE;BROGAL T;2003-02-01;BROGAL T SOL AD 120 ML;AMBROXOL + DEXTROMETORFANO;2018-12-01;2019-04-01;BAJA, por demanda
ALTA;R05D  ANTITUSIGENOS;BIOMEP S.A. DE C.V.;BROXTORFAN;2017-08-01;BROXTORFAN JBE ADULTO 150 ML;AMBROXOL + DEXTROMETORFANO;2017-12-01;2018-04-01;BAJA, por demanda
BAJA;R05D  ANTITUSIGENOS;LOREN, S.A. DE C.V.;EPICOL;2005-09-01;EPICOL JBE INF 120 ML;DEXTROMETORFANO + GUAIFENESINA;2014-04-01;2014-08-01;BAJA, por demanda
ALTA;R05D  ANTITUSIGENOS;LOREN, S.A. DE C.V.;EPICOL;2005-09-01;EPICOL JBE INF 120 ML;DEXTROMETORFANO + GUAIFENESINA;2015-12-01;2016-04-01;ALTA, por demanda
BAJA;R05D  ANTITUSIGENOS;LOREN, S.A. DE C.V.;EPICOL;2005-09-01;EPICOL JBE INF 120 ML;DEXTROMETORFANO + GUAIFENESINA;2016-04-01;2016-08-01;lanzamiento
ALTA;R05D  ANTITUSIGENOS;LOREN, S.A. DE C.V.;EPICOL;2005-09-01;EPICOL JBE INF 120 ML;DEXTROMETORFANO + GUAIFENESINA;2016-08-01;2016-12-01;ALTA, por demanda
BAJA;R05D  ANTITUSIGENOS;LOREN, S.A. DE C.V.;EPICOL;2005-09-01;EPICOL JBE INF 120 ML;DEXTROMETORFANO + GUAIFENESINA;2017-04-01;2017-08-01;lanzamiento
BAJA;R05D  ANTITUSIGENOS;LOREN, S.A. DE C.V.;EPICOL;2005-09-01;EPICOL JBE INF 120 ML;DEXTROMETORFANO + GUAIFENESINA;2018-04-01;2018-08-01;lanzamiento
BAJA;R05D  ANTITUSIGENOS;LOREN, S.A. DE C.V.;EPICOL;2005-09-01;EPICOL JBE INF 120 ML;DEXTROMETORFANO + GUAIFENESINA;2018-12-01;2019-04-01;BAJA, por demanda
BAJA;R05D  ANTITUSIGENOS;LOEFFLER;FARIBROX;2006-03-01;FARIBROX SOLN AD 120 ML;AMBROXOL + DEXTROMETORFANO;2016-12-01;2017-04-01;BAJA, por demanda
ALTA;R05D  ANTITUSIGENOS;QUIFA PERRIGO;CAPSICOF;1993-03-01;CAPSICOF PERLAS 100 MG 20;BENZONATATO;2014-08-01;2014-12-01;ALTA, por demanda
ALTA;R05D  ANTITUSIGENOS;QUIFA PERRIGO;CAPSICOF;1993-03-01;CAPSICOF PERLAS 100 MG 20;BENZONATATO;2015-08-01;2015-12-01;ALTA, por demanda
BAJA;R05D  ANTITUSIGENOS;PISA;AMBROX/DEXTRO GI P;2018-11-01;AMBROX/DEXTRO GI P JBE ADTO 225 MG /225 150 ML;AMBROXOL + DEXTROMETORFANO;2018-12-01;2019-04-01;BAJA, por demanda
ALTA;R05D  ANTITUSIGENOS;PROCTER&GAMBLE COR;VICK NATURA;2007-09-01;VICK NATURA JBE 120 ML;CLORFENAMINA + DEXTROMETORFANO;2015-08-01;2015-12-01;ALTA, por demanda
BAJA;R05D  ANTITUSIGENOS;PROCTER&GAMBLE COR;VICK NATURA;2007-09-01;VICK NATURA JBE 120 ML;CLORFENAMINA + DEXTROMETORFANO;2016-12-01;2017-04-01;BAJA, por demanda
BAJA;R05D  ANTITUSIGENOS;NOVAG INFANCIA, S.A. DE C.V.;DEXTROM/GUAI G.I N;2011-04-01;DEXTROM/GUAI G.I N SOLN INF 120 ML;DEXTROMETORFANO + GUAIFENESINA;2016-04-01;2016-08-01;lanzamiento
BAJA;R05D  ANTITUSIGENOS;NOVAG INFANCIA, S.A. DE C.V.;DEXTROM/GUAI G.I N;2011-04-01;DEXTROM/GUAI G.I N SOLN INF 120 ML;DEXTROMETORFANO + GUAIFENESINA;2016-12-01;2017-04-01;BAJA, por demanda
BAJA;R05D  ANTITUSIGENOS;NOVAG INFANCIA, S.A. DE C.V.;DEXTROM/GUAI G.I N;2011-04-01;DEXTROM/GUAI G.I N SOLN INF 120 ML;DEXTROMETORFANO + GUAIFENESINA;2017-12-01;2018-04-01;lanzamiento
BAJA;R05D  ANTITUSIGENOS;NOVAG INFANCIA, S.A. DE C.V.;DEXTROM/GUAI G.I N;2011-04-01;DEXTROM/GUAI G.I N SOLN INF 120 ML;DEXTROMETORFANO + GUAIFENESINA;2018-12-01;2019-04-01;BAJA, por demanda
ALTA;R05D  ANTITUSIGENOS;BIOMEP S.A. DE C.V.;TROMEFEN;2013-11-01;TROMEFEN JBE ADTO 120 ML;DEXTROMETORFANO + GUAIFENESINA;2014-08-01;2014-12-01;ALTA, por demanda
ALTA;R05D  ANTITUSIGENOS;BIOMEP S.A. DE C.V.;TROMEFEN;2013-11-01;TROMEFEN JBE ADTO 120 ML;DEXTROMETORFANO + GUAIFENESINA;2016-08-01;2016-12-01;ALTA, por demanda
BAJA;R05D  ANTITUSIGENOS;BIOMEP S.A. DE C.V.;TROMEFEN;2013-11-01;TROMEFEN JBE ADTO 120 ML;DEXTROMETORFANO + GUAIFENESINA;2017-12-01;2018-04-01;lanzamiento
BAJA;R05D  ANTITUSIGENOS;BIOMEP S.A. DE C.V.;TROMEFEN;2013-11-01;TROMEFEN JBE ADTO 120 ML;DEXTROMETORFANO + GUAIFENESINA;2018-12-01;2019-04-01;BAJA, por demanda
ALTA;R05D  ANTITUSIGENOS;MAVER;SIRACUX;2015-01-01;SIRACUX JBE INF 120 ML;AMBROXOL + OXELADINA;2015-04-01;2015-08-01;BAJA, por demanda
BAJA;R05D  ANTITUSIGENOS;MAVER;SIRACUX;2015-01-01;SIRACUX JBE INF 120 ML;AMBROXOL + OXELADINA;2016-04-01;2016-08-01;lanzamiento
BAJA;R05D  ANTITUSIGENOS;MAVER;SIRACUX;2015-01-01;SIRACUX JBE INF 120 ML;AMBROXOL + OXELADINA;2018-04-01;2018-08-01;lanzamiento
ALTA;R05D  ANTITUSIGENOS;PROTEIN-APOTEX;BENZONATATO G.I PR;1998-12-01;BENZONATATO G.I PR PERLAS 100 MG 20;BENZONATATO;2015-08-01;2015-12-01;ALTA, por demanda
BAJA;R05D  ANTITUSIGENOS;PROTEIN-APOTEX;BENZONATATO G.I PR;1998-12-01;BENZONATATO G.I PR PERLAS 100 MG 20;BENZONATATO;2017-12-01;2018-04-01;lanzamiento
BAJA;R05D  ANTITUSIGENOS;PROTEIN-APOTEX;BENZONATATO G.I PR;1998-12-01;BENZONATATO G.I PR PERLAS 100 MG 20;BENZONATATO;2018-12-01;2019-04-01;BAJA, por demanda
BAJA;R05D  ANTITUSIGENOS;GLAXO SMITHKLINE CORP.;TESALON TENALIF;2009-09-01;TESALON TENALIF JBE INF MI/ FSA 150ML +33%;AMBROXOL + OXELADINA;2015-04-01;2015-08-01;lanzamiento
BAJA;R05D  ANTITUSIGENOS;GLAXO SMITHKLINE CORP.;TESALON TENALIF;2009-09-01;TESALON TENALIF JBE INF MI/ FSA 150ML +33%;AMBROXOL + OXELADINA;2016-04-01;2016-08-01;lanzamiento
BAJA;R05D  ANTITUSIGENOS;GLAXO SMITHKLINE CORP.;TESALON TENALIF;2009-09-01;TESALON TENALIF JBE INF MI/ FSA 150ML +33%;AMBROXOL + OXELADINA;2016-08-01;2016-12-01;lanzamiento
BAJA;R05D  ANTITUSIGENOS;GLAXO SMITHKLINE CORP.;TESALON TENALIF;2009-09-01;TESALON TENALIF JBE INF MI/ FSA 150ML +33%;AMBROXOL + OXELADINA;2017-12-01;2018-04-01;lanzamiento
BAJA;R05D  ANTITUSIGENOS;GLAXO SMITHKLINE CORP.;TESALON TENALIF;2009-09-01;TESALON TENALIF JBE INF MI/ FSA 150ML +33%;AMBROXOL + OXELADINA;2018-04-01;2018-08-01;lanzamiento
BAJA;R05D  ANTITUSIGENOS;SIEGFRIED-MED;DALVEAR;2006-03-01;DALVEAR JBE AD 200 ML;BROMHEXINA + DROPROPIZINA;2014-12-01;2015-04-01;lanzamiento
ALTA;R05D  ANTITUSIGENOS;SIEGFRIED-MED;DALVEAR;2006-03-01;DALVEAR JBE AD 200 ML;BROMHEXINA + DROPROPIZINA;2015-12-01;2016-04-01;ALTA, por demanda
BAJA;R05D  ANTITUSIGENOS;SIEGFRIED-MED;DALVEAR;2006-03-01;DALVEAR JBE AD 200 ML;BROMHEXINA + DROPROPIZINA;2016-12-01;2017-04-01;BAJA, por demanda
BAJA;R05D  ANTITUSIGENOS;SIEGFRIED-MED;DALVEAR;2006-03-01;DALVEAR JBE AD 200 ML;BROMHEXINA + DROPROPIZINA;2017-12-01;2018-04-01;lanzamiento
BAJA;R05D  ANTITUSIGENOS;SIEGFRIED-MED;DALVEAR;2006-03-01;DALVEAR JBE AD 200 ML;BROMHEXINA + DROPROPIZINA;2018-12-01;2019-04-01;BAJA, por demanda
ALTA;R05D  ANTITUSIGENOS;MAVER;GUAI/FEN/DEX G.I M;2010-08-01;GUAI/FEN/DEX G.I M GOTAS 30 ML;DEXTROMETORFANO + FENILEFRINA + GUAIFENESINA;2014-08-01;2014-12-01;ALTA, por demanda
BAJA;R05D  ANTITUSIGENOS;MAVER;GUAI/FEN/DEX G.I M;2010-08-01;GUAI/FEN/DEX G.I M GOTAS 30 ML;DEXTROMETORFANO + FENILEFRINA + GUAIFENESINA;2015-04-01;2015-08-01;lanzamiento
BAJA;R05D  ANTITUSIGENOS;MAVER;GUAI/FEN/DEX G.I M;2010-08-01;GUAI/FEN/DEX G.I M GOTAS 30 ML;DEXTROMETORFANO + FENILEFRINA + GUAIFENESINA;2016-04-01;2016-08-01;lanzamiento
BAJA;R05D  ANTITUSIGENOS;MAVER;GUAI/FEN/DEX G.I M;2010-08-01;GUAI/FEN/DEX G.I M GOTAS 30 ML;DEXTROMETORFANO + FENILEFRINA + GUAIFENESINA;2018-04-01;2018-08-01;lanzamiento
ALTA;R05D  ANTITUSIGENOS;MAVER;GUAI/FEN/DEX G.I M;2010-08-01;GUAI/FEN/DEX G.I M GOTAS 30 ML;DEXTROMETORFANO + FENILEFRINA + GUAIFENESINA;2018-08-01;2018-12-01;ALTA, por demanda
BAJA;R05D  ANTITUSIGENOS;SIEGFRIED-MED;DALVEAR;2006-03-01;DALVEAR JBE INF 200 ML;BROMHEXINA + DROPROPIZINA;2017-04-01;2017-08-01;lanzamiento
BAJA;R05D  ANTITUSIGENOS;SIEGFRIED-MED;DALVEAR;2006-03-01;DALVEAR JBE INF 200 ML;BROMHEXINA + DROPROPIZINA;2017-12-01;2018-04-01;lanzamiento
BAJA;R05D  ANTITUSIGENOS;SIEGFRIED-MED;DALVEAR;2006-03-01;DALVEAR JBE INF 200 ML;BROMHEXINA + DROPROPIZINA;2018-04-01;2018-08-01;lanzamiento
ALTA;R05D  ANTITUSIGENOS;SIEGFRIED-MED;DALVEAR;2014-10-01;DALVEAR JBE AD FRESA 200 ML;BROMHEXINA + DROPROPIZINA;2015-12-01;2016-04-01;ALTA, por demanda
BAJA;R05D  ANTITUSIGENOS;SIEGFRIED-MED;DALVEAR;2014-10-01;DALVEAR JBE AD FRESA 200 ML;BROMHEXINA + DROPROPIZINA;2017-12-01;2018-04-01;lanzamiento
BAJA;R05D  ANTITUSIGENOS;SIEGFRIED-MED;DALVEAR;2014-10-01;DALVEAR JBE AD FRESA 200 ML;BROMHEXINA + DROPROPIZINA;2018-12-01;2019-04-01;BAJA, por demanda
ALTA;R05D  ANTITUSIGENOS;DEGORTS;DEGORQUIN;2015-09-01;DEGORQUIN JBE ADTO 150 ML;AMBROXOL + DEXTROMETORFANO;2016-12-01;2017-04-01;BAJA, por demanda
ALTA;R05D  ANTITUSIGENOS;DEGORTS;DEGORQUIN;2015-09-01;DEGORQUIN JBE ADTO 150 ML;AMBROXOL + DEXTROMETORFANO;2017-04-01;2017-08-01;BAJA, por demanda
ALTA;R05D  ANTITUSIGENOS;CORPORATIVO RAYERE;CONNEXUS;2007-09-01;CONNEXUS SOLN ADT 120 ML;AMBROXOL + OXELADINA;2015-08-01;2015-12-01;ALTA, por demanda
BAJA;R05D  ANTITUSIGENOS;CORPORATIVO RAYERE;CONNEXUS;2007-09-01;CONNEXUS SOLN ADT 120 ML;AMBROXOL + OXELADINA;2017-12-01;2018-04-01;lanzamiento
ALTA;R05D  ANTITUSIGENOS;NORDIN,SA-QUIMICA FRANCO MEXI.;CITOS;1983-01-01;CITOS PAST 120;BALSAMO DE TOLU + DROSERA ROTUNDIFOLIA;2015-12-01;2016-04-01;ALTA, por demanda
BAJA;R05D  ANTITUSIGENOS;NORDIN,SA-QUIMICA FRANCO MEXI.;CITOS;1983-01-01;CITOS PAST 120;BALSAMO DE TOLU + DROSERA ROTUNDIFOLIA;2018-08-01;2018-12-01;lanzamiento
ALTA;R05D  ANTITUSIGENOS;NORDIN,SA-QUIMICA FRANCO MEXI.;CITOS;1983-01-01;CITOS PAST 120;BALSAMO DE TOLU + DROSERA ROTUNDIFOLIA;2018-12-01;2019-04-01;BAJA, por demanda
BAJA;R05D  ANTITUSIGENOS;ALPHARMA;PRIVITUSS;2004-08-01;PRIVITUSS SUSP 90 ML;CLOPERASTINA;2015-04-01;2015-08-01;lanzamiento
BAJA;R05D  ANTITUSIGENOS;ALPHARMA;PRIVITUSS;2004-08-01;PRIVITUSS SUSP 90 ML;CLOPERASTINA;2015-12-01;2016-04-01;lanzamiento
ALTA;R05D  ANTITUSIGENOS;ALPHARMA;PRIVITUSS;2004-08-01;PRIVITUSS SUSP 90 ML;CLOPERASTINA;2016-08-01;2016-12-01;ALTA, por demanda
BAJA;R05D  ANTITUSIGENOS;ALPHARMA;PRIVITUSS;2004-08-01;PRIVITUSS SUSP 90 ML;CLOPERASTINA;2018-12-01;2019-04-01;BAJA, por demanda
ALTA;R05D  ANTITUSIGENOS;ANDROMACO;DEXOL;2013-10-01;DEXOL SOLN INF DUO PACK 120 ML;AMBROXOL + DEXTROMETORFANO;2014-08-01;2014-12-01;ALTA, por demanda
BAJA;R05D  ANTITUSIGENOS;ANDROMACO;DEXOL;2013-10-01;DEXOL SOLN INF DUO PACK 120 ML;AMBROXOL + DEXTROMETORFANO;2014-12-01;2015-04-01;lanzamiento
ALTA;R05D  ANTITUSIGENOS;QUIFA PERRIGO;BENZONATATO G.I QY;2002-02-01;BENZONATATO G.I QY PERLAS 20;BENZONATATO;2018-12-01;2019-04-01;BAJA, por demanda
BAJA;R05D  ANTITUSIGENOS;SANOFI CORP;CALTUSINE;1994-09-01;CALTUSINE JBE 140 ML;GUAIFENESINA + OXOLAMINA;2015-04-01;2015-08-01;lanzamiento
BAJA;R05D  ANTITUSIGENOS;SANOFI CORP;CALTUSINE;1994-09-01;CALTUSINE JBE 140 ML;GUAIFENESINA + OXOLAMINA;2016-04-01;2016-08-01;lanzamiento
BAJA;R05D  ANTITUSIGENOS;SANOFI CORP;CALTUSINE;1994-09-01;CALTUSINE JBE 140 ML;GUAIFENESINA + OXOLAMINA;2016-08-01;2016-12-01;lanzamiento
BAJA;R05D  ANTITUSIGENOS;CHINOIN;TROFERIT;1980-10-01;TROFERIT TABL 30 MG 15;DROPROPIZINA;2014-12-01;2015-04-01;lanzamiento
BAJA;R05D  ANTITUSIGENOS;CHINOIN;TROFERIT;1980-10-01;TROFERIT TABL 30 MG 15;DROPROPIZINA;2017-12-01;2018-04-01;lanzamiento
BAJA;R05D  ANTITUSIGENOS;CHINOIN;TROFERIT;1980-10-01;TROFERIT TABL 30 MG 15;DROPROPIZINA;2018-12-01;2019-04-01;BAJA, por demanda
ALTA;R05D  ANTITUSIGENOS;CORPORATIVO RAYERE;YADEGAL;2003-03-01;YADEGAL SOL PED 30 ML;CLORFENAMINA + DEXTROMETORFANO + GUAIFENESINA;2014-08-01;2014-12-01;ALTA, por demanda
BAJA;R05D  ANTITUSIGENOS;CORPORATIVO RAYERE;YADEGAL;2003-03-01;YADEGAL SOL PED 30 ML;CLORFENAMINA + DEXTROMETORFANO + GUAIFENESINA;2014-12-01;2015-04-01;lanzamiento
BAJA;R05D  ANTITUSIGENOS;CORPORATIVO RAYERE;YADEGAL;2003-03-01;YADEGAL SOL PED 30 ML;CLORFENAMINA + DEXTROMETORFANO + GUAIFENESINA;2015-12-01;2016-04-01;lanzamiento
BAJA;R05D  ANTITUSIGENOS;CHINOIN;TROFERIT;1980-10-01;TROFERIT JBE 15 MG /5ML 120 ML;DROPROPIZINA;2016-04-01;2016-08-01;lanzamiento
BAJA;R05D  ANTITUSIGENOS;CHINOIN;TROFERIT;1980-10-01;TROFERIT JBE 15 MG /5ML 120 ML;DROPROPIZINA;2017-12-01;2018-04-01;lanzamiento
BAJA;R05D  ANTITUSIGENOS;CHINOIN;TROFERIT;1980-10-01;TROFERIT JBE 15 MG /5ML 120 ML;DROPROPIZINA;2018-04-01;2018-08-01;lanzamiento
BAJA;R05D  ANTITUSIGENOS;CHINOIN;TROFERIT;1980-10-01;TROFERIT JBE 15 MG /5ML 120 ML;DROPROPIZINA;2018-12-01;2019-04-01;BAJA, por demanda
ALTA;R05D  ANTITUSIGENOS;SANFER CORP.;DEXTR/AMBRO GI SAN;2016-02-01;DEXTR/AMBRO G.I SA JBE INF 150 ML;AMBROXOL + DEXTROMETORFANO;2018-04-01;2018-08-01;BAJA, por demanda
ALTA;R05D  ANTITUSIGENOS;SANFER CORP.;DEXTR/AMBRO GI SAN;2016-02-01;DEXTR/AMBRO G.I SA JBE INF 150 ML;AMBROXOL + DEXTROMETORFANO;2018-08-01;2018-12-01;ALTA, por demanda
BAJA;R05D  ANTITUSIGENOS;LIOMONT, CORPORATION;TUSIGEN NF;2016-10-01;TUSIGEN NF JARABE INF 150 ML;AMBROXOL + DEXTROMETORFANO;2018-04-01;2018-08-01;lanzamiento
ALTA;R05D  ANTITUSIGENOS;QUIFA PERRIGO;DEXTRO+GUIAF G.I Q;2015-10-01;DEXTRO+GUAIF G.I Q JBE 2 GR 125 ML;DEXTROMETORFANO + GUAIFENESINA;2015-08-01;2015-12-01;ALTA, por demanda
BAJA;R05D  ANTITUSIGENOS;QUIFA PERRIGO;DEXTRO+GUIAF G.I Q;2015-10-01;DEXTRO+GUAIF G.I Q JBE 2 GR 125 ML;DEXTROMETORFANO + GUAIFENESINA;2016-04-01;2016-08-01;lanzamiento
ALTA;R05D  ANTITUSIGENOS;QUIFA PERRIGO;DEXTRO+GUIAF G.I Q;2015-10-01;DEXTRO+GUAIF G.I Q JBE 2 GR 125 ML;DEXTROMETORFANO + GUAIFENESINA;2016-08-01;2016-12-01;ALTA, por demanda
ALTA;R05D  ANTITUSIGENOS;FARCORAL,PROFESIONAL MEDICA;FARTOXOL;2012-02-01;FARTOXOL SUSP 120 ML;OXOLAMINA;2014-08-01;2014-12-01;ALTA, por demanda
BAJA;R05D  ANTITUSIGENOS;FARCORAL,PROFESIONAL MEDICA;FARTOXOL;2012-02-01;FARTOXOL SUSP 120 ML;OXOLAMINA;2014-12-01;2015-04-01;lanzamiento
ALTA;R05D  ANTITUSIGENOS;FARCORAL,PROFESIONAL MEDICA;FARTOXOL;2012-02-01;FARTOXOL SUSP 120 ML;OXOLAMINA;2018-08-01;2018-12-01;ALTA, por demanda
BAJA;R05D  ANTITUSIGENOS;LOEFFLER;GANTAMIN;2018-08-01;GANTAMIN JBE 120 ML;DROPROPIZINA;2018-12-01;2019-04-01;BAJA, por demanda
BAJA;R05D  ANTITUSIGENOS;ARMSTRONG;ZYPLO;2012-08-01;ZYPLO TABL 60 MG 10;LEVODROPROPIZINA;2015-04-01;2015-08-01;lanzamiento
ALTA;R05D  ANTITUSIGENOS;ARMSTRONG;ZYPLO;2012-08-01;ZYPLO TABL 60 MG 10;LEVODROPROPIZINA;2015-08-01;2015-12-01;ALTA, por demanda
ALTA;R05D  ANTITUSIGENOS;ARMSTRONG;ZYPLO;2012-08-01;ZYPLO TABL 60 MG 10;LEVODROPROPIZINA;2015-12-01;2016-04-01;ALTA, por demanda
BAJA;R05D  ANTITUSIGENOS;ARMSTRONG;ZYPLO;2012-08-01;ZYPLO TABL 60 MG 10;LEVODROPROPIZINA;2018-12-01;2019-04-01;BAJA, por demanda
ALTA;R05D  ANTITUSIGENOS;DEGORTS;DEGORQUIN;2015-09-01;DEGORQUIN JBE INF 150 ML;AMBROXOL + DEXTROMETORFANO;2016-12-01;2017-04-01;BAJA, por demanda
ALTA;R05D  ANTITUSIGENOS;DEGORTS;DEGORQUIN;2015-09-01;DEGORQUIN JBE INF 150 ML;AMBROXOL + DEXTROMETORFANO;2018-04-01;2018-08-01;BAJA, por demanda
BAJA;R05D  ANTITUSIGENOS;GELPHARMA S.A.;PHARBEN;2006-02-01;PHARBEN PERLAS 100 MG 20;BENZONATATO;2016-12-01;2017-04-01;BAJA, por demanda
BAJA;R05D  ANTITUSIGENOS;GELPHARMA S.A.;PHARBEN;2006-02-01;PHARBEN PERLAS 100 MG 20;BENZONATATO;2018-12-01;2019-04-01;BAJA, por demanda
BAJA;R05D  ANTITUSIGENOS;PISA;REDDY;2013-12-01;REDDY JBE INF 113 MG /150 150 ML;AMBROXOL + DEXTROMETORFANO;2015-04-01;2015-08-01;lanzamiento
BAJA;R05D  ANTITUSIGENOS;ANDROMACO;MEGAL;1964-02-01;MEGAL SUP INF 5;DEXTROMETORFANO + GUAIFENESINA + PARACETAMOL;2015-04-01;2015-08-01;lanzamiento
BAJA;R05D  ANTITUSIGENOS;PFIZER CORPORATION;DIMACOL;2001-02-01;DIMACOL NF SUSP FRAMBUE 150 ML;DEXTROMETORFANO + FENILEFRINA + GUAIFENESINA;2016-04-01;2016-08-01;lanzamiento
BAJA;R05D  ANTITUSIGENOS;PFIZER CORPORATION;DIMACOL;2001-02-01;DIMACOL NF SUSP FRAMBUE 150 ML;DEXTROMETORFANO + FENILEFRINA + GUAIFENESINA;2016-12-01;2017-04-01;BAJA, por demanda
BAJA;R05D  ANTITUSIGENOS;PFIZER CORPORATION;DIMACOL;2001-02-01;DIMACOL NF SUSP FRAMBUE 150 ML;DEXTROMETORFANO + FENILEFRINA + GUAIFENESINA;2017-04-01;2017-08-01;lanzamiento
BAJA;R05D  ANTITUSIGENOS;TEVA CORPORACION;NEODEXIM;2012-11-01;NEODEXIM JBE 60 ML;DEXTROMETORFANO;2014-12-01;2015-04-01;lanzamiento
ALTA;R05D  ANTITUSIGENOS;TEVA CORPORACION;NEODEXIM;2012-11-01;NEODEXIM JBE 60 ML;DEXTROMETORFANO;2015-08-01;2015-12-01;ALTA, por demanda
ALTA;R05D  ANTITUSIGENOS;TEVA CORPORACION;NEODEXIM;2012-11-01;NEODEXIM JBE 60 ML;DEXTROMETORFANO;2016-12-01;2017-04-01;BAJA, por demanda
BAJA;R05D  ANTITUSIGENOS;MAVER;COBADEX;2015-12-01;COBADEX SOL PED 30 ML;AMBROXOL + DEXTROMETORFANO;2017-04-01;2017-08-01;lanzamiento
BAJA;R05D  ANTITUSIGENOS;MAVER;COBADEX;2015-12-01;COBADEX SOL PED 30 ML;AMBROXOL + DEXTROMETORFANO;2018-12-01;2019-04-01;BAJA, por demanda
BAJA;R05D  ANTITUSIGENOS;NAFAR LABORATORIOS SA DE CV;BENZONATATO G.I NA;2011-01-01;BENZONATATO G.I NA PERLAS 100 MG 20;BENZONATATO;2014-12-01;2015-04-01;lanzamiento
ALTA;R05D  ANTITUSIGENOS;NAFAR LABORATORIOS SA DE CV;BENZONATATO G.I NA;2011-01-01;BENZONATATO G.I NA PERLAS 100 MG 20;BENZONATATO;2015-04-01;2015-08-01;BAJA, por demanda
ALTA;R05D  ANTITUSIGENOS;SANOFI CORP;HISTIACIL N F;2011-11-01;HISTIACIL N F JBE INF 2X1 150 ML;AMBROXOL + DEXTROMETORFANO;2015-08-01;2015-12-01;ALTA, por demanda
BAJA;R05D  ANTITUSIGENOS;SANOFI CORP;HISTIACIL N F;2011-11-01;HISTIACIL N F JBE INF 2X1 150 ML;AMBROXOL + DEXTROMETORFANO;2015-12-01;2016-04-01;lanzamiento
BAJA;R05D  ANTITUSIGENOS;SANOFI CORP;HISTIACIL N F;2011-11-01;HISTIACIL N F JBE INF 2X1 150 ML;AMBROXOL + DEXTROMETORFANO;2016-04-01;2016-08-01;lanzamiento
BAJA;R05D  ANTITUSIGENOS;SANOFI CORP;HISTIACIL N F;2011-11-01;HISTIACIL N F JBE INF 2X1 150 ML;AMBROXOL + DEXTROMETORFANO;2016-12-01;2017-04-01;BAJA, por demanda
BAJA;R05D  ANTITUSIGENOS;SANOFI CORP;HISTIACIL N F;2011-11-01;HISTIACIL N F JBE INF 2X1 150 ML;AMBROXOL + DEXTROMETORFANO;2018-08-01;2018-12-01;lanzamiento
BAJA;R05D  ANTITUSIGENOS;ARLEX;GUAIF/OXOLA G.I AR;2010-11-01;GUAIF/OXOLA G.I AR JBE 100 ML;GUAIFENESINA + OXOLAMINA;2014-12-01;2015-04-01;lanzamiento
ALTA;R05D  ANTITUSIGENOS;ARLEX;GUAIF/OXOLA G.I AR;2010-11-01;GUAIF/OXOLA G.I AR JBE 100 ML;GUAIFENESINA + OXOLAMINA;2015-12-01;2016-04-01;ALTA, por demanda
ALTA;R05D  ANTITUSIGENOS;ARLEX;GUAIF/OXOLA G.I AR;2010-11-01;GUAIF/OXOLA G.I AR JBE 100 ML;GUAIFENESINA + OXOLAMINA;2016-12-01;2017-04-01;BAJA, por demanda
BAJA;R05D  ANTITUSIGENOS;ARLEX;GUAIF/OXOLA G.I AR;2010-11-01;GUAIF/OXOLA G.I AR JBE 100 ML;GUAIFENESINA + OXOLAMINA;2017-08-01;2017-12-01;lanzamiento
ALTA;R05D  ANTITUSIGENOS;ARLEX;GUAIF/OXOLA G.I AR;2010-11-01;GUAIF/OXOLA G.I AR JBE 100 ML;GUAIFENESINA + OXOLAMINA;2018-08-01;2018-12-01;ALTA, por demanda
BAJA;R05D  ANTITUSIGENOS;GLAXO SMITHKLINE CORP.;TESALON TENALIF;2009-09-01;TESALON TENALIF JBE AD MI/FS 150ML +33%;AMBROXOL + OXELADINA;2015-04-01;2015-08-01;lanzamiento
BAJA;R05D  ANTITUSIGENOS;GLAXO SMITHKLINE CORP.;TESALON TENALIF;2009-09-01;TESALON TENALIF JBE AD MI/FS 150ML +33%;AMBROXOL + OXELADINA;2016-12-01;2017-04-01;BAJA, por demanda
ALTA;R05D  ANTITUSIGENOS;VITAE;BENZONATATO G.I VI;2008-11-01;BENZONATATO G.I VI PERLAS 20;BENZONATATO;2015-08-01;2015-12-01;ALTA, por demanda
BAJA;R05D  ANTITUSIGENOS;VITAE;BENZONATATO G.I VI;2008-11-01;BENZONATATO G.I VI PERLAS 20;BENZONATATO;2016-12-01;2017-04-01;BAJA, por demanda
BAJA;R05D  ANTITUSIGENOS;VITAE;BENZONATATO G.I VI;2008-11-01;BENZONATATO G.I VI PERLAS 20;BENZONATATO;2017-08-01;2017-12-01;lanzamiento
BAJA;R05D  ANTITUSIGENOS;LABORATORIOS PROPHARMA SA CV;SURIL;2011-02-01;SURIL JBE AD 120 ML;AMBROXOL + DEXTROMETORFANO + LORATADINA;2014-04-01;2014-08-01;BAJA, por demanda
BAJA;R05D  ANTITUSIGENOS;LABORATORIOS PROPHARMA SA CV;SURIL;2011-02-01;SURIL JBE AD 120 ML;AMBROXOL + DEXTROMETORFANO + LORATADINA;2014-12-01;2015-04-01;lanzamiento
BAJA;R05D  ANTITUSIGENOS;LABORATORIOS PROPHARMA SA CV;SURIL;2011-02-01;SURIL JBE AD 120 ML;AMBROXOL + DEXTROMETORFANO + LORATADINA;2015-12-01;2016-04-01;lanzamiento
BAJA;R05D  ANTITUSIGENOS;LABORATORIOS PROPHARMA SA CV;SURIL;2011-02-01;SURIL JBE AD 120 ML;AMBROXOL + DEXTROMETORFANO + LORATADINA;2017-12-01;2018-04-01;lanzamiento
BAJA;R05D  ANTITUSIGENOS;PFIZER CORPORATION;DIMACOL;2006-10-01;DIMACOL SOL INF S/PS 150 ML;DEXTROMETORFANO + FENILEFRINA + GUAIFENESINA;2016-04-01;2016-08-01;lanzamiento
BAJA;R05D  ANTITUSIGENOS;PFIZER CORPORATION;DIMACOL;2006-10-01;DIMACOL SOL INF S/PS 150 ML;DEXTROMETORFANO + FENILEFRINA + GUAIFENESINA;2017-04-01;2017-08-01;lanzamiento
BAJA;R05D  ANTITUSIGENOS;DEGORTS;DEBEQUIN C;2005-01-01;DEBEQUIN C JBE AD 120 ML;DEXTROMETORFANO + GUAIFENESINA;2014-12-01;2015-04-01;lanzamiento
BAJA;R05D  ANTITUSIGENOS;DEGORTS;DEBEQUIN C;2005-01-01;DEBEQUIN C JBE AD 120 ML;DEXTROMETORFANO + GUAIFENESINA;2015-12-01;2016-04-01;lanzamiento
BAJA;R05D  ANTITUSIGENOS;DEGORTS;DEBEQUIN C;2005-01-01;DEBEQUIN C JBE AD 120 ML;DEXTROMETORFANO + GUAIFENESINA;2017-12-01;2018-04-01;lanzamiento
BAJA;R05D  ANTITUSIGENOS;JOHNSON+JOHNSON CO;BENADREX;1977-11-01;BENADREX JBE 150 ML;DEXTROMETORFANO + DIFENHIDRAMINA;2017-12-01;2018-04-01;lanzamiento
BAJA;R05D  ANTITUSIGENOS;MEDIX CORP.;OXATHOS;1973-10-01;OXATHOS JBE 50 MG /5ML 115 ML;OXOLAMINA;2017-12-01;2018-04-01;lanzamiento
BAJA;R05D  ANTITUSIGENOS;MEDIX CORP.;OXATHOS;1973-10-01;OXATHOS JBE 50 MG /5ML 115 ML;OXOLAMINA;2018-04-01;2018-08-01;lanzamiento
BAJA;R05D  ANTITUSIGENOS;MEDIX CORP.;OXATHOS;1973-10-01;OXATHOS JBE 50 MG /5ML 115 ML;OXOLAMINA;2018-12-01;2019-04-01;BAJA, por demanda
BAJA;R05D  ANTITUSIGENOS;MAVER;AMBROXO/DEXT G.I M;2006-07-01;AMBROXO/DEXT G.I M JBE AD 120 ML;AMBROXOL + DEXTROMETORFANO;2017-12-01;2018-04-01;lanzamiento
BAJA;R05D  ANTITUSIGENOS;BIOMEP S.A. DE C.V.;FENOCOL;2011-10-01;FENOCOL JBE 140 ML;GUAIFENESINA + OXOLAMINA;2015-04-01;2015-08-01;lanzamiento
ALTA;R05D  ANTITUSIGENOS;BIOMEP S.A. DE C.V.;FENOCOL;2011-10-01;FENOCOL JBE 140 ML;GUAIFENESINA + OXOLAMINA;2017-04-01;2017-08-01;BAJA, por demanda
ALTA;R05D  ANTITUSIGENOS;SANOFI CORP;HISTIACIL G;1995-11-01;HISTIACIL G JBE INF 150 ML;DEXTROMETORFANO + GUAIFENESINA;2014-08-01;2014-12-01;ALTA, por demanda
BAJA;R05D  ANTITUSIGENOS;SANOFI CORP;HISTIACIL G;1995-11-01;HISTIACIL G JBE INF 150 ML;DEXTROMETORFANO + GUAIFENESINA;2016-12-01;2017-04-01;BAJA, por demanda
ALTA;R05D  ANTITUSIGENOS;ULTRA LABORATORIOS;DEXTROME/GUAIF G.I;2008-07-01;DEXTROME/GUAIF G.I JBE INF 120 ML;DEXTROMETORFANO + GUAIFENESINA;2014-08-01;2014-12-01;ALTA, por demanda
ALTA;R05D  ANTITUSIGENOS;ULTRA LABORATORIOS;DEXTROME/GUAIF G.I;2008-07-01;DEXTROME/GUAIF G.I JBE INF 120 ML;DEXTROMETORFANO + GUAIFENESINA;2015-08-01;2015-12-01;ALTA, por demanda
BAJA;R05D  ANTITUSIGENOS;ULTRA LABORATORIOS;DEXTROME/GUAIF G.I;2008-07-01;DEXTROME/GUAIF G.I JBE INF 120 ML;DEXTROMETORFANO + GUAIFENESINA;2017-04-01;2017-08-01;lanzamiento
BAJA;R05D  ANTITUSIGENOS;ULTRA LABORATORIOS;DEXTROME/GUAIF G.I;2008-07-01;DEXTROME/GUAIF G.I JBE INF 120 ML;DEXTROMETORFANO + GUAIFENESINA;2017-12-01;2018-04-01;lanzamiento
BAJA;R05D  ANTITUSIGENOS;ULTRA LABORATORIOS;DEXTROME/GUAIF G.I;2008-07-01;DEXTROME/GUAIF G.I JBE INF 120 ML;DEXTROMETORFANO + GUAIFENESINA;2018-04-01;2018-08-01;lanzamiento
ALTA;R05D  ANTITUSIGENOS;DEGORTS;DEQUIN;2004-05-01;DEQUIN GOTAS PED 30 ML;CLORFENAMINA + FENILEFRINA + GUAIFENESINA;2016-12-01;2017-04-01;BAJA, por demanda
BAJA;R05D  ANTITUSIGENOS;BIOMEP S.A. DE C.V.;DEXTRO/GUAIFE GI B;2015-09-01;DEXTRO/GUAIFE GI B JBE 120 ML;DEXTROMETORFANO + GUAIFENESINA;2016-12-01;2017-04-01;BAJA, por demanda
BAJA;R05D  ANTITUSIGENOS;BIOMEP S.A. DE C.V.;DEXTRO/GUAIFE GI B;2015-09-01;DEXTRO/GUAIFE GI B JBE 120 ML;DEXTROMETORFANO + GUAIFENESINA;2017-12-01;2018-04-01;lanzamiento
BAJA;R05D  ANTITUSIGENOS;BIOMEP S.A. DE C.V.;DEXTRO/GUAIFE GI B;2015-09-01;DEXTRO/GUAIFE GI B JBE 120 ML;DEXTROMETORFANO + GUAIFENESINA;2018-08-01;2018-12-01;lanzamiento
BAJA;R05D  ANTITUSIGENOS;SENOSIAIN;PLEXUS;2009-10-01;PLEXUS JBE AD 150 ML+5 CUBR;AMBROXOL + DEXTROMETORFANO;2016-12-01;2017-04-01;BAJA, por demanda
ALTA;R05D  ANTITUSIGENOS;LOEFFLER;EXOFIL;2006-03-01;EXOFIL SOLN AD 150 MG /2.5 120 ML;DEXTROMETORFANO + SULFOGUAYACOL;2014-12-01;2015-04-01;BAJA, por demanda
ALTA;R05D  ANTITUSIGENOS;LOEFFLER;EXOFIL;2006-03-01;EXOFIL SOLN AD 150 MG /2.5 120 ML;DEXTROMETORFANO + SULFOGUAYACOL;2015-12-01;2016-04-01;ALTA, por demanda
BAJA;R05D  ANTITUSIGENOS;LOEFFLER;EXOFIL;2006-03-01;EXOFIL SOLN AD 150 MG /2.5 120 ML;DEXTROMETORFANO + SULFOGUAYACOL;2016-12-01;2017-04-01;BAJA, por demanda
BAJA;R05D  ANTITUSIGENOS;LOEFFLER;EXOFIL;2006-03-01;EXOFIL SOLN AD 150 MG /2.5 120 ML;DEXTROMETORFANO + SULFOGUAYACOL;2018-04-01;2018-08-01;lanzamiento
BAJA;R05D  ANTITUSIGENOS;I.Q.F.A.;TUZZIL;2003-02-01;TUZZIL PERLAS 100 MG 20;BENZONATATO;2016-04-01;2016-08-01;lanzamiento
ALTA;R05D  ANTITUSIGENOS;LIFERPAL;TORVA;2007-06-01;TORVA JBE ADTO 120 ML;AMBROXOL + DEXTROMETORFANO;2014-12-01;2015-04-01;BAJA, por demanda
BAJA;R05D  ANTITUSIGENOS;LIFERPAL;TORVA;2007-06-01;TORVA JBE ADTO 120 ML;AMBROXOL + DEXTROMETORFANO;2018-08-01;2018-12-01;lanzamiento
BAJA;R05D  ANTITUSIGENOS;LOEFFLER;DEXTR/AMBR G.I LOE;2011-08-01;DEXTR/AMBR G.I LOE SOLN 225 MG /150 120 ML;AMBROXOL + DEXTROMETORFANO;2014-12-01;2015-04-01;lanzamiento
ALTA;R05D  ANTITUSIGENOS;LOEFFLER;DEXTR/AMBR G.I LOE;2011-08-01;DEXTR/AMBR G.I LOE SOLN 225 MG /150 120 ML;AMBROXOL + DEXTROMETORFANO;2015-08-01;2015-12-01;ALTA, por demanda
BAJA;R05D  ANTITUSIGENOS;LANDSTEINER;DEXTRO/GUAI G.I LA;2011-06-01;DEXTRO/GUAI G.I LA JBE 120 ML;DEXTROMETORFANO + GUAIFENESINA;2014-12-01;2015-04-01;lanzamiento
BAJA;R05D  ANTITUSIGENOS;LANDSTEINER;DEXTRO/GUAI G.I LA;2011-06-01;DEXTRO/GUAI G.I LA JBE 120 ML;DEXTROMETORFANO + GUAIFENESINA;2016-04-01;2016-08-01;lanzamiento
BAJA;R05D  ANTITUSIGENOS;PROGELA;BENZONATATO G.I PR;2018-07-01;BENZONATATO G.I PR CAPS 100 MG 20;BENZONATATO;2018-12-01;2019-04-01;BAJA, por demanda
BAJA;R05D  ANTITUSIGENOS;SANOFI CORP;HISTIACIL N F;1997-02-01;HISTIACIL N F JBE ADLT 150 ML;AMBROXOL + DEXTROMETORFANO;2014-12-01;2015-04-01;lanzamiento
ALTA;R05D  ANTITUSIGENOS;MAVER;BIOXOVER;2015-03-01;BIOXOVER JBE 300 MG /100 120 ML;DROPROPIZINA;2015-04-01;2015-08-01;BAJA, por demanda
ALTA;R05D  ANTITUSIGENOS;MAVER;BIOXOVER;2015-03-01;BIOXOVER JBE 300 MG /100 120 ML;DROPROPIZINA;2015-12-01;2016-04-01;ALTA, por demanda
BAJA;R05D  ANTITUSIGENOS;MAVER;BIOXOVER;2015-03-01;BIOXOVER JBE 300 MG /100 120 ML;DROPROPIZINA;2016-04-01;2016-08-01;lanzamiento
BAJA;R05D  ANTITUSIGENOS;MAVER;BIOXOVER;2015-03-01;BIOXOVER JBE 300 MG /100 120 ML;DROPROPIZINA;2017-12-01;2018-04-01;lanzamiento
BAJA;R05D  ANTITUSIGENOS;SANFER CORP.;SELVIGON;1970-02-01;SELVIGON JBE 90 ML;PIPAZETATO;2014-12-01;2015-04-01;lanzamiento
BAJA;R05D  ANTITUSIGENOS;SANFER CORP.;SELVIGON;1970-02-01;SELVIGON JBE 90 ML;PIPAZETATO;2016-12-01;2017-04-01;BAJA, por demanda
BAJA;R05D  ANTITUSIGENOS;SANFER CORP.;SELVIGON;1970-02-01;SELVIGON JBE 90 ML;PIPAZETATO;2017-12-01;2018-04-01;lanzamiento
BAJA;R05D  ANTITUSIGENOS;SANFER CORP.;SELVIGON;1970-02-01;SELVIGON JBE 90 ML;PIPAZETATO;2018-12-01;2019-04-01;BAJA, por demanda
ALTA;R05D  ANTITUSIGENOS;GELPHARMA S.A.;ADMIDOXIL;2016-09-01;ADMIDOXIL CAPS 22.5 MG /22. 10;AMBROXOL + DEXTROMETORFANO;2018-04-01;2018-08-01;BAJA, por demanda
BAJA;R05D  ANTITUSIGENOS;LOEFFLER;FARIBROX TM;2018-05-01;FARIBROX TM JARABE INFAN 150 ML;AMBROXOL + DEXTROMETORFANO;2018-12-01;2019-04-01;BAJA, por demanda
ALTA;R05D  ANTITUSIGENOS;QUIMICA SON S;DEXTROMETORFANO G;2001-04-01;DEXTROMETORFANO G JBE 15 MG /5ML 120 ML;DEXTROMETORFANO;2014-08-01;2014-12-01;ALTA, por demanda
BAJA;R05D  ANTITUSIGENOS;SENOSIAIN;PLEXUS;2003-11-01;PLEXUS JBE INF C/DO 150 ML;AMBROXOL + DEXTROMETORFANO;2016-12-01;2017-04-01;BAJA, por demanda
BAJA;R05D  ANTITUSIGENOS;SENOSIAIN;PLEXUS;2003-11-01;PLEXUS JBE INF C/DO 150 ML;AMBROXOL + DEXTROMETORFANO;2017-12-01;2018-04-01;lanzamiento
BAJA;R05D  ANTITUSIGENOS;SENOSIAIN;PLEXUS;2003-11-01;PLEXUS JBE INF C/DO 150 ML;AMBROXOL + DEXTROMETORFANO;2018-04-01;2018-08-01;lanzamiento
ALTA;R05D  ANTITUSIGENOS;OFFENBACH;BENZONATATO G.I OF;2009-03-01;BENZONATATO G.I OF PERLAS 100 MG 20;BENZONATATO;2017-08-01;2017-12-01;ALTA, por demanda
BAJA;R05D  ANTITUSIGENOS;GELPHARMA S.A.;BENZONATATO G.I GE;2005-04-01;BENZONATATO G.I GE PERLAS 20;BENZONATATO;2015-04-01;2015-08-01;lanzamiento
BAJA;R05D  ANTITUSIGENOS;GELPHARMA S.A.;BENZONATATO G.I GE;2005-04-01;BENZONATATO G.I GE PERLAS 20;BENZONATATO;2016-04-01;2016-08-01;lanzamiento
BAJA;R05D  ANTITUSIGENOS;GELPHARMA S.A.;BENZONATATO G.I GE;2005-04-01;BENZONATATO G.I GE PERLAS 20;BENZONATATO;2016-12-01;2017-04-01;BAJA, por demanda
BAJA;R05D  ANTITUSIGENOS;GELPHARMA S.A.;BENZONATATO G.I GE;2005-04-01;BENZONATATO G.I GE PERLAS 20;BENZONATATO;2018-12-01;2019-04-01;BAJA, por demanda
ALTA;R05D  ANTITUSIGENOS;FARMACOS CONTINENTALES;EXIACONTUX;2017-11-01;EXIACONTUX JARABE 60 ML;GUAIFENESINA + OXOLAMINA;2017-12-01;2018-04-01;BAJA, por demanda
ALTA;R05D  ANTITUSIGENOS;SANFER CORP.;EUCALIPTINE DEXTRO;1994-12-01;EUCALIPTINE DEXTRO JBE 15 MG /5ML 140 ML;DEXTROMETORFANO + SULFOGUAYACOL;2015-08-01;2015-12-01;ALTA, por demanda
BAJA;R05D  ANTITUSIGENOS;SANFER CORP.;EUCALIPTINE DEXTRO;1994-12-01;EUCALIPTINE DEXTRO JBE 15 MG /5ML 140 ML;DEXTROMETORFANO + SULFOGUAYACOL;2016-12-01;2017-04-01;BAJA, por demanda
BAJA;R05D  ANTITUSIGENOS;SANFER CORP.;EUCALIPTINE DEXTRO;1994-12-01;EUCALIPTINE DEXTRO JBE 15 MG /5ML 140 ML;DEXTROMETORFANO + SULFOGUAYACOL;2017-12-01;2018-04-01;lanzamiento
BAJA;R05D  ANTITUSIGENOS;SANFER CORP.;EUCALIPTINE DEXTRO;1994-12-01;EUCALIPTINE DEXTRO JBE 15 MG /5ML 140 ML;DEXTROMETORFANO + SULFOGUAYACOL;2018-12-01;2019-04-01;BAJA, por demanda
ALTA;R05D  ANTITUSIGENOS;FARMACO;ETORFAN ELIXIR;2007-05-01;ETORFAN ELIXIR SOLN 100 ML;CLORFENAMINA + DEXTROMETORFANO + FENILEFRINA;2015-08-01;2015-12-01;ALTA, por demanda
BAJA;R05D  ANTITUSIGENOS;FARMACO;ETORFAN ELIXIR;2007-05-01;ETORFAN ELIXIR SOLN 100 ML;CLORFENAMINA + DEXTROMETORFANO + FENILEFRINA;2015-12-01;2016-04-01;lanzamiento
ALTA;R05D  ANTITUSIGENOS;VICTORY ENTERPRISE;COOLFAN;2012-02-01;COOLFAN JBE 100 ML;DEXTROMETORFANO + GUAIFENESINA;2014-08-01;2014-12-01;ALTA, por demanda
ALTA;R05D  ANTITUSIGENOS;FARMACOS CONTINENTALES;EXIADOL;2006-12-01;EXIADOL SOLN INF 120 ML;DEXTROMETORFANO + GUAIFENESINA;2014-04-01;2014-08-01;BAJA, por demanda
BAJA;R05D  ANTITUSIGENOS;FARMACOS CONTINENTALES;EXIADOL;2006-12-01;EXIADOL SOLN INF 120 ML;DEXTROMETORFANO + GUAIFENESINA;2015-08-01;2015-12-01;lanzamiento
ALTA;R05D  ANTITUSIGENOS;FARMACOS CONTINENTALES;EXIADOL;2006-12-01;EXIADOL SOLN INF 120 ML;DEXTROMETORFANO + GUAIFENESINA;2015-12-01;2016-04-01;ALTA, por demanda
ALTA;R05D  ANTITUSIGENOS;FARMACOS CONTINENTALES;EXIADOL;2006-12-01;EXIADOL SOLN INF 120 ML;DEXTROMETORFANO + GUAIFENESINA;2016-08-01;2016-12-01;ALTA, por demanda
BAJA;R05D  ANTITUSIGENOS;FARMACOS CONTINENTALES;EXIADOL;2006-12-01;EXIADOL SOLN INF 120 ML;DEXTROMETORFANO + GUAIFENESINA;2017-04-01;2017-08-01;lanzamiento
BAJA;R05D  ANTITUSIGENOS;FARMACOS CONTINENTALES;EXIADOL;2006-12-01;EXIADOL SOLN INF 120 ML;DEXTROMETORFANO + GUAIFENESINA;2017-12-01;2018-04-01;lanzamiento
BAJA;R05D  ANTITUSIGENOS;SANFER CORP.;CELLTIUS;2014-10-01;CELLTIUS JBE AD 120 ML;AMBROXOL + BENZONATATO;2017-12-01;2018-04-01;lanzamiento
ALTA;R05D  ANTITUSIGENOS;GENOMA LAB INT;TUKOL D;2015-09-01;TUKOL D JBE DIABETES ADTO 125 ML;DEXTROMETORFANO + GUAIFENESINA;2015-08-01;2015-12-01;ALTA, por demanda
BAJA;R05D  ANTITUSIGENOS;GENOMA LAB INT;TUKOL D;2015-09-01;TUKOL D JBE DIABETES ADTO 125 ML;DEXTROMETORFANO + GUAIFENESINA;2016-12-01;2017-04-01;BAJA, por demanda
BAJA;R05D  ANTITUSIGENOS;GENOMA LAB INT;TUKOL D;2015-09-01;TUKOL D JBE DIABETES ADTO 125 ML;DEXTROMETORFANO + GUAIFENESINA;2017-12-01;2018-04-01;lanzamiento
BAJA;R05D  ANTITUSIGENOS;GENOMA LAB INT;TUKOL D;2015-09-01;TUKOL D JBE DIABETES ADTO 125 ML;DEXTROMETORFANO + GUAIFENESINA;2018-04-01;2018-08-01;lanzamiento
BAJA;R05D  ANTITUSIGENOS;GENOMA LAB INT;TUKOL D;2015-09-01;TUKOL D JBE DIABETES ADTO 125 ML;DEXTROMETORFANO + GUAIFENESINA;2018-12-01;2019-04-01;BAJA, por demanda
BAJA;R05D  ANTITUSIGENOS;ALMIRALL, S.A. DE C.V.;SEKISAN;2009-07-01;SEKISAN JBE 120 ML;CLOPERASTINA;2016-04-01;2016-08-01;lanzamiento
BAJA;R05D  ANTITUSIGENOS;ALMIRALL, S.A. DE C.V.;SEKISAN;2009-07-01;SEKISAN JBE 120 ML;CLOPERASTINA;2017-04-01;2017-08-01;lanzamiento
BAJA;R05D  ANTITUSIGENOS;ALMIRALL, S.A. DE C.V.;SEKISAN;2009-07-01;SEKISAN JBE 120 ML;CLOPERASTINA;2017-12-01;2018-04-01;lanzamiento
BAJA;R05D  ANTITUSIGENOS;ALMIRALL, S.A. DE C.V.;SEKISAN;2009-07-01;SEKISAN JBE 120 ML;CLOPERASTINA;2018-04-01;2018-08-01;lanzamiento
ALTA;R05D  ANTITUSIGENOS;SANOFI CORP;HISTIACIL N F;2002-12-01;HISTIACIL N F CAPS GEL 10;AMBROXOL + DEXTROMETORFANO;2015-08-01;2015-12-01;ALTA, por demanda
BAJA;R05D  ANTITUSIGENOS;SANOFI CORP;HISTIACIL N F;2002-12-01;HISTIACIL N F CAPS GEL 10;AMBROXOL + DEXTROMETORFANO;2017-12-01;2018-04-01;lanzamiento
BAJA;R05D  ANTITUSIGENOS;SANOFI CORP;HISTIACIL N F;2002-12-01;HISTIACIL N F CAPS GEL 10;AMBROXOL + DEXTROMETORFANO;2018-12-01;2019-04-01;BAJA, por demanda
ALTA;R05D  ANTITUSIGENOS;FARMACOS CONTINENTALES;DOFAXIL;2007-05-01;DOFAXIL SOLN ADT C/ DOSI 120 ML;AMBROXOL + DEXTROMETORFANO;2014-04-01;2014-08-01;BAJA, por demanda
BAJA;R05D  ANTITUSIGENOS;FARMACOS CONTINENTALES;DOFAXIL;2007-05-01;DOFAXIL SOLN ADT C/ DOSI 120 ML;AMBROXOL + DEXTROMETORFANO;2015-08-01;2015-12-01;lanzamiento
ALTA;R05D  ANTITUSIGENOS;BAUSCH HEALTH;LEVOCOF;2000-12-01;LEVOCOF JBE 60 MG /10 ML 120 ML;LEVODROPROPIZINA;2015-12-01;2016-04-01;ALTA, por demanda
BAJA;R05D  ANTITUSIGENOS;BAUSCH HEALTH;LEVOCOF;2000-12-01;LEVOCOF JBE 60 MG /10 ML 120 ML;LEVODROPROPIZINA;2018-12-01;2019-04-01;BAJA, por demanda
BAJA;R05D  ANTITUSIGENOS;SANOFI CORP;DEXTRO/AMBR G.I KE;2010-10-01;DEXTRO/AMBR G.I KE JBE AD 150 ML;AMBROXOL + DEXTROMETORFANO;2014-12-01;2015-04-01;lanzamiento
BAJA;R05D  ANTITUSIGENOS;SANOFI CORP;DEXTRO/AMBR G.I KE;2010-10-01;DEXTRO/AMBR G.I KE JBE AD 150 ML;AMBROXOL + DEXTROMETORFANO;2016-12-01;2017-04-01;BAJA, por demanda
BAJA;R05D  ANTITUSIGENOS;SANOFI CORP;DEXTRO/AMBR G.I KE;2010-10-01;DEXTRO/AMBR G.I KE JBE AD 150 ML;AMBROXOL + DEXTROMETORFANO;2017-12-01;2018-04-01;lanzamiento
BAJA;R05D  ANTITUSIGENOS;SANOFI CORP;DEXTRO/AMBR G.I KE;2010-10-01;DEXTRO/AMBR G.I KE JBE AD 150 ML;AMBROXOL + DEXTROMETORFANO;2018-12-01;2019-04-01;BAJA, por demanda
BAJA;R05D  ANTITUSIGENOS;PFIZER CORPORATION;ROBITUSSIN DM;1994-10-01;ROBITUSSIN DM JBE 150 ML;DEXTROMETORFANO + GUAIFENESINA;2016-04-01;2016-08-01;lanzamiento
BAJA;R05D  ANTITUSIGENOS;PFIZER CORPORATION;ROBITUSSIN DM;1994-10-01;ROBITUSSIN DM JBE 150 ML;DEXTROMETORFANO + GUAIFENESINA;2017-12-01;2018-04-01;lanzamiento
BAJA;R05D  ANTITUSIGENOS;PFIZER CORPORATION;ROBITUSSIN DM;1994-10-01;ROBITUSSIN DM JBE 150 ML;DEXTROMETORFANO + GUAIFENESINA;2018-12-01;2019-04-01;BAJA, por demanda
BAJA;R05D  ANTITUSIGENOS;MAVER;EXALVER;2005-12-01;EXALVER SOLN PED 30 ML;DEXTROMETORFANO + FENILEFRINA + GUAIFENESINA;2014-04-01;2014-08-01;BAJA, por demanda
BAJA;R05D  ANTITUSIGENOS;MAVER;EXALVER;2005-12-01;EXALVER SOLN PED 30 ML;DEXTROMETORFANO + FENILEFRINA + GUAIFENESINA;2017-04-01;2017-08-01;lanzamiento
BAJA;R05D  ANTITUSIGENOS;MAVER;EXALVER;2005-12-01;EXALVER SOLN PED 30 ML;DEXTROMETORFANO + FENILEFRINA + GUAIFENESINA;2018-04-01;2018-08-01;lanzamiento
BAJA;R05D  ANTITUSIGENOS;BRULUAGSA;BRUDEX;2005-10-01;BRUDEX JBE 300 MG 120 ML;DEXTROMETORFANO;2014-12-01;2015-04-01;lanzamiento
ALTA;R05D  ANTITUSIGENOS;BRULUAGSA;BRUDEX;2005-10-01;BRUDEX JBE 300 MG 120 ML;DEXTROMETORFANO;2015-08-01;2015-12-01;ALTA, por demanda
BAJA;R05D  ANTITUSIGENOS;BRULUAGSA;BRUDEX;2005-10-01;BRUDEX JBE 300 MG 120 ML;DEXTROMETORFANO;2017-12-01;2018-04-01;lanzamiento
BAJA;R05D  ANTITUSIGENOS;TOCOGINO;WILLYDINA;2006-08-01;WILLYDINA JBE 120 ML;BULNESIA SARMIENTOI + DEXTROMETORFANO;2014-04-01;2014-08-01;BAJA, por demanda
BAJA;R05D  ANTITUSIGENOS;CORPORATIVO RAYERE;CONNEXUS;2007-09-01;CONNEXUS SOLN INF 120 ML;AMBROXOL + OXELADINA;2017-04-01;2017-08-01;lanzamiento
BAJA;R05D  ANTITUSIGENOS;QUIMICA SON S;OXIN;2003-09-01;OXIN JBE INF 120 ML;DEXTROMETORFANO + SULFOGUAYACOL;2014-04-01;2014-08-01;BAJA, por demanda
BAJA;R05D  ANTITUSIGENOS;QUIMICA SON S;OXIN;2003-09-01;OXIN JBE INF 120 ML;DEXTROMETORFANO + SULFOGUAYACOL;2014-12-01;2015-04-01;lanzamiento
ALTA;R05D  ANTITUSIGENOS;QUIMICA SON S;OXIN;2003-09-01;OXIN JBE INF 120 ML;DEXTROMETORFANO + SULFOGUAYACOL;2015-08-01;2015-12-01;ALTA, por demanda
BAJA;R05D  ANTITUSIGENOS;QUIMICA SON S;OXIN;2003-09-01;OXIN JBE INF 120 ML;DEXTROMETORFANO + SULFOGUAYACOL;2017-12-01;2018-04-01;lanzamiento
BAJA;R05D  ANTITUSIGENOS;BAYER CORP.;DESENFRIOL-ITO TF;1997-07-01;DESENFRIOL-ITO TF JBE INF 120 ML;DEXTROMETORFANO + GUAIFENESINA;2014-08-01;2014-12-01;lanzamiento
BAJA;R05D  ANTITUSIGENOS;BAYER CORP.;DESENFRIOL-ITO TF;1997-07-01;DESENFRIOL-ITO TF JBE INF 120 ML;DEXTROMETORFANO + GUAIFENESINA;2016-12-01;2017-04-01;BAJA, por demanda
ALTA;R05D  ANTITUSIGENOS;BAYER CORP.;DESENFRIOL-ITO TF;1997-07-01;DESENFRIOL-ITO TF JBE INF 120 ML;DEXTROMETORFANO + GUAIFENESINA;2017-08-01;2017-12-01;ALTA, por demanda
BAJA;R05D  ANTITUSIGENOS;BAYER CORP.;DESENFRIOL-ITO TF;1997-07-01;DESENFRIOL-ITO TF JBE INF 120 ML;DEXTROMETORFANO + GUAIFENESINA;2017-12-01;2018-04-01;lanzamiento
ALTA;R05D  ANTITUSIGENOS;BAYER CORP.;DESENFRIOL-ITO TF;1997-07-01;DESENFRIOL-ITO TF JBE INF 120 ML;DEXTROMETORFANO + GUAIFENESINA;2018-08-01;2018-12-01;ALTA, por demanda
ALTA;R05D  ANTITUSIGENOS;ALLEN;TUSILEN;1900-12-01;TUSILEN JBE ADLT 118 ML;DEXTROMETORFANO + FENILEFRINA + GUAIFENESINA;2014-08-01;2014-12-01;ALTA, por demanda
ALTA;R05D  ANTITUSIGENOS;ALLEN;TUSILEN;1900-12-01;TUSILEN JBE ADLT 118 ML;DEXTROMETORFANO + FENILEFRINA + GUAIFENESINA;2015-12-01;2016-04-01;ALTA, por demanda
BAJA;R05D  ANTITUSIGENOS;ALLEN;TUSILEN;1900-12-01;TUSILEN JBE ADLT 118 ML;DEXTROMETORFANO + FENILEFRINA + GUAIFENESINA;2016-12-01;2017-04-01;BAJA, por demanda
BAJA;R05D  ANTITUSIGENOS;ALLEN;TUSILEN;1900-12-01;TUSILEN JBE ADLT 118 ML;DEXTROMETORFANO + FENILEFRINA + GUAIFENESINA;2017-12-01;2018-04-01;lanzamiento
BAJA;R05D  ANTITUSIGENOS;ALLEN;TUSILEN;1900-12-01;TUSILEN JBE ADLT 118 ML;DEXTROMETORFANO + FENILEFRINA + GUAIFENESINA;2018-12-01;2019-04-01;BAJA, por demanda
BAJA;R05D  ANTITUSIGENOS;FARMACOS CONTINENTALES;DOFAXIL;2007-05-01;DOFAXIL SOLN INF C/ DOSI 120 ML;AMBROXOL + DEXTROMETORFANO;2015-04-01;2015-08-01;lanzamiento
BAJA;R05D  ANTITUSIGENOS;FARMACOS CONTINENTALES;DOFAXIL;2007-05-01;DOFAXIL SOLN INF C/ DOSI 120 ML;AMBROXOL + DEXTROMETORFANO;2015-08-01;2015-12-01;lanzamiento
BAJA;R05D  ANTITUSIGENOS;QUIFA PERRIGO;NEO-PULMONIER;1986-06-01;NEO-PULMONIER JBE 120 ML;DEXTROMETORFANO + GUAIFENESINA;2014-08-01;2014-12-01;lanzamiento
BAJA;R05D  ANTITUSIGENOS;QUIFA PERRIGO;NEO-PULMONIER;1986-06-01;NEO-PULMONIER JBE 120 ML;DEXTROMETORFANO + GUAIFENESINA;2015-04-01;2015-08-01;lanzamiento
ALTA;R05D  ANTITUSIGENOS;GLAXO SMITHKLINE CORP.;THERAFLU EX;2007-10-01;THERAFLU EXTHEG SB PVO R/SEV VDE 6;FENILEFRINA + FENIRAMINA + PARACETAMOL;2015-04-01;2015-08-01;BAJA, por demanda
BAJA;R05D  ANTITUSIGENOS;GLAXO SMITHKLINE CORP.;THERAFLU EX;2007-10-01;THERAFLU EXTHEG SB PVO R/SEV VDE 6;FENILEFRINA + FENIRAMINA + PARACETAMOL;2016-12-01;2017-04-01;BAJA, por demanda
BAJA;R05D  ANTITUSIGENOS;GLAXO SMITHKLINE CORP.;THERAFLU EX;2007-10-01;THERAFLU EXTHEG SB PVO R/SEV VDE 6;FENILEFRINA + FENIRAMINA + PARACETAMOL;2017-12-01;2018-04-01;lanzamiento
ALTA;R05D  ANTITUSIGENOS;VITAE;VITOXOL;2008-06-01;VITOXOL JBE 50 MG 100 ML;OXOLAMINA;2018-08-01;2018-12-01;ALTA, por demanda
ALTA;R05D  ANTITUSIGENOS;COLUMBIA CORP;KODEL;2004-06-01;KODEL SOLN 200 ML;BROMHEXINA;2018-08-01;2018-12-01;ALTA, por demanda
ALTA;R05D  ANTITUSIGENOS;ALLEN;GUAI/FEN/DEXT GI A;2018-03-01;GUAI/FEN/DEXT GI A SOLN AD 118 ML;DEXTROMETORFANO + FENILEFRINA + GUAIFENESINA;2018-12-01;2019-04-01;BAJA, por demanda
BAJA;R05D  ANTITUSIGENOS;LOEFFLER;FARIBROX;2006-03-01;FARIBROX SOLN INF 120 ML;AMBROXOL + DEXTROMETORFANO;2014-12-01;2015-04-01;lanzamiento
BAJA;R05D  ANTITUSIGENOS;LOEFFLER;FARIBROX;2006-03-01;FARIBROX SOLN INF 120 ML;AMBROXOL + DEXTROMETORFANO;2016-04-01;2016-08-01;lanzamiento
BAJA;R05D  ANTITUSIGENOS;DEGORTS;FLEMIGOR;2016-09-01;FLEMIGOR SOLN PED 60 ML;DEXTROMETORFANO + FENILEFRINA + GUAIFENESINA;2017-08-01;2017-12-01;lanzamiento
BAJA;R05D  ANTITUSIGENOS;QUIMICA SON S;RIDIN;2001-07-01;RIDIN JBE INF 120 ML;CLORFENAMINA + DEXTROMETORFANO + GUAIFENESINA;2014-12-01;2015-04-01;lanzamiento
ALTA;R05D  ANTITUSIGENOS;QUIMICA SON S;BROMINOL-C;2003-09-01;BROMINOL-C JBE INF 120 ML;AMBROXOL + DEXTROMETORFANO;2018-08-01;2018-12-01;ALTA, por demanda
ALTA;R05D  ANTITUSIGENOS;GLAXO SMITHKLINE CORP.;THERAFLU EX;2003-10-01;THERAFLU EX SOB RESF SEV 6;FENILEFRINA + FENIRAMINA + PARACETAMOL;2015-08-01;2015-12-01;ALTA, por demanda
ALTA;R05D  ANTITUSIGENOS;SANOFI CORP;HISTIACIL N F;2013-01-01;HISTIACIL N F JBE AD 1+1 150 ML;AMBROXOL + DEXTROMETORFANO;2015-08-01;2015-12-01;ALTA, por demanda
BAJA;R05D  ANTITUSIGENOS;BRULUART;OXOLBRUL;2003-11-01;OXOLBRUL SOLN AD 120 ML;AMBROXOL + DEXTROMETORFANO;2014-12-01;2015-04-01;lanzamiento
ALTA;R05D  ANTITUSIGENOS;BRULUART;OXOLBRUL;2003-11-01;OXOLBRUL SOLN AD 120 ML;AMBROXOL + DEXTROMETORFANO;2015-08-01;2015-12-01;ALTA, por demanda
ALTA;R05D  ANTITUSIGENOS;BRULUART;OXOLBRUL;2003-11-01;OXOLBRUL SOLN AD 120 ML;AMBROXOL + DEXTROMETORFANO;2016-12-01;2017-04-01;BAJA, por demanda
BAJA;R05D  ANTITUSIGENOS;BRULUART;OXOLBRUL;2003-11-01;OXOLBRUL SOLN AD 120 ML;AMBROXOL + DEXTROMETORFANO;2017-12-01;2018-04-01;lanzamiento
BAJA;R05D  ANTITUSIGENOS;BRULUART;OXOLBRUL;2003-11-01;OXOLBRUL SOLN AD 120 ML;AMBROXOL + DEXTROMETORFANO;2018-12-01;2019-04-01;BAJA, por demanda
ALTA;R05D  ANTITUSIGENOS;FARMACOS CONTINENTALES;EXIACONTUX;2016-06-01;EXIACONTUX JARABE 140 ML;GUAIFENESINA + OXOLAMINA;2016-04-01;2016-08-01;BAJA, por demanda
ALTA;R05D  ANTITUSIGENOS;FARMACOS CONTINENTALES;EXIACONTUX;2016-06-01;EXIACONTUX JARABE 140 ML;GUAIFENESINA + OXOLAMINA;2016-08-01;2016-12-01;ALTA, por demanda
BAJA;R05D  ANTITUSIGENOS;GRISI CORP.;GARDE COF;2014-02-01;GARDE COF JBE 150 ML+GA RDE CZ A 24;AMBROXOL + DEXTROMETORFANO;2015-04-01;2015-08-01;lanzamiento
BAJA;R05D  ANTITUSIGENOS;GRISI CORP.;GARDE COF;2014-02-01;GARDE COF JBE 150 ML+GA RDE CZ A 24;AMBROXOL + DEXTROMETORFANO;2016-04-01;2016-08-01;lanzamiento
BAJA;R05D  ANTITUSIGENOS;SANFER CORP.;BISOLVON;2010-08-01;BISOLVON SOLN BISOLSE 120 ML;DEXTROMETORFANO;2015-04-01;2015-08-01;lanzamiento
ALTA;R05D  ANTITUSIGENOS;SANFER CORP.;BISOLVON;2010-08-01;BISOLVON SOLN BISOLSE 120 ML;DEXTROMETORFANO;2016-08-01;2016-12-01;ALTA, por demanda
BAJA;R05D  ANTITUSIGENOS;SANFER CORP.;BISOLVON;2010-08-01;BISOLVON SOLN BISOLSE 120 ML;DEXTROMETORFANO;2016-12-01;2017-04-01;BAJA, por demanda
ALTA;R05D  ANTITUSIGENOS;SANFER CORP.;BISOLVON;2010-08-01;BISOLVON SOLN BISOLSE 120 ML;DEXTROMETORFANO;2018-08-01;2018-12-01;ALTA, por demanda
BAJA;R05D  ANTITUSIGENOS;SANFER CORP.;BISOLVON;2010-08-01;BISOLVON SOLN BISOLSE 120 ML;DEXTROMETORFANO;2018-12-01;2019-04-01;BAJA, por demanda
BAJA;R05D  ANTITUSIGENOS;LIFERPAL;BECTOSAN;2007-04-01;BECTOSAN JBE 120 ML;DEXTROMETORFANO + GUAIFENESINA;2016-12-01;2017-04-01;BAJA, por demanda
BAJA;R05D  ANTITUSIGENOS;MAVER;EXALVER;2008-06-01;EXALVER JBE IN NF 120 ML;DEXTROMETORFANO + FENILEFRINA + GUAIFENESINA;2016-04-01;2016-08-01;lanzamiento
BAJA;R05D  ANTITUSIGENOS;MAVER;OXELAD/AMBROX GI M;2015-08-01;OXELAD/AMBROX GI M JBE AD 120 ML;AMBROXOL + OXELADINA;2016-04-01;2016-08-01;lanzamiento
BAJA;R05D  ANTITUSIGENOS;MAVER;OXELAD/AMBROX GI M;2015-08-01;OXELAD/AMBROX GI M JBE AD 120 ML;AMBROXOL + OXELADINA;2017-12-01;2018-04-01;lanzamiento
BAJA;R05D  ANTITUSIGENOS;MAVER;OXELAD/AMBROX GI M;2015-08-01;OXELAD/AMBROX GI M JBE AD 120 ML;AMBROXOL + OXELADINA;2018-04-01;2018-08-01;lanzamiento
BAJA;R05D  ANTITUSIGENOS;MAVER;OXELAD/AMBROX GI M;2015-08-01;OXELAD/AMBROX GI M JBE AD 120 ML;AMBROXOL + OXELADINA;2018-12-01;2019-04-01;BAJA, por demanda
BAJA;R05D  ANTITUSIGENOS;GLAXO SMITHKLINE CORP.;TESALON;1992-11-01;TESALON SUP INF 50 MG 12;BENZONATATO;2015-04-01;2015-08-01;lanzamiento
BAJA;R05D  ANTITUSIGENOS;GLAXO SMITHKLINE CORP.;TESALON;1992-11-01;TESALON SUP INF 50 MG 12;BENZONATATO;2016-08-01;2016-12-01;lanzamiento
ALTA;R05D  ANTITUSIGENOS;DEGORTS;DEQUIN;2005-10-01;DEQUIN JBE 120 ML;CLORFENAMINA + FENILEFRINA + GUAIFENESINA;2014-08-01;2014-12-01;ALTA, por demanda
BAJA;R05D  ANTITUSIGENOS;SANOFI CORP;HISTIACIL N F;1997-02-01;HISTIACIL N F JBE INF 150 ML;AMBROXOL + DEXTROMETORFANO;2015-04-01;2015-08-01;lanzamiento
BAJA;R05D  ANTITUSIGENOS;SANOFI CORP;HISTIACIL N F;1997-02-01;HISTIACIL N F JBE INF 150 ML;AMBROXOL + DEXTROMETORFANO;2016-04-01;2016-08-01;lanzamiento
BAJA;R05D  ANTITUSIGENOS;SANOFI CORP;HISTIACIL N F;1997-02-01;HISTIACIL N F JBE INF 150 ML;AMBROXOL + DEXTROMETORFANO;2017-04-01;2017-08-01;lanzamiento
ALTA;R05D  ANTITUSIGENOS;GENOMA LAB INT;TUKOL D;2003-10-01;TUKOL D JBE INF 125 ML;DEXTROMETORFANO + GUAIFENESINA;2015-08-01;2015-12-01;ALTA, por demanda
BAJA;R05D  ANTITUSIGENOS;GENOMA LAB INT;TUKOL D;2003-10-01;TUKOL D JBE INF 125 ML;DEXTROMETORFANO + GUAIFENESINA;2016-04-01;2016-08-01;lanzamiento
ALTA;R05D  ANTITUSIGENOS;GENOMA LAB INT;TUKOL D;2003-10-01;TUKOL D JBE INF 125 ML;DEXTROMETORFANO + GUAIFENESINA;2016-12-01;2017-04-01;BAJA, por demanda
BAJA;R05D  ANTITUSIGENOS;GENOMA LAB INT;TUKOL D;2003-10-01;TUKOL D JBE INF 125 ML;DEXTROMETORFANO + GUAIFENESINA;2017-04-01;2017-08-01;lanzamiento
BAJA;R05D  ANTITUSIGENOS;GENOMA LAB INT;TUKOL D;2003-10-01;TUKOL D JBE INF 125 ML;DEXTROMETORFANO + GUAIFENESINA;2017-12-01;2018-04-01;lanzamiento
ALTA;R05D  ANTITUSIGENOS;LABORATORIOS PROPHARMA SA CV;SURIL;2013-04-01;SURIL GTS 20 ML;AMBROXOL + DEXTROMETORFANO + LORATADINA;2015-08-01;2015-12-01;ALTA, por demanda
BAJA;R05D  ANTITUSIGENOS;ALPHARMA;PRIVITUSS;2007-10-01;PRIVITUSS PERLAS 35 MG 20;CLOPERASTINA;2017-12-01;2018-04-01;lanzamiento
BAJA;R05D  ANTITUSIGENOS;BOEHRINGER ING.CO;MUCOCALM;2012-08-01;MUCOCALM CAPS 30 MG 20;DEXTROMETORFANO;2015-04-01;2015-08-01;lanzamiento
BAJA;R05D  ANTITUSIGENOS;LOREN, S.A. DE C.V.;EPICOL;2005-11-01;EPICOL GTS PED 60 ML;DEXTROMETORFANO + GUAIFENESINA;2016-12-01;2017-04-01;BAJA, por demanda
BAJA;R05D  ANTITUSIGENOS;GLAXO SMITHKLINE CORP.;TESALON TENALIF;2012-08-01;TESALON TENALIF JBE AD MI/LI 150+ 33%+ GEL AN TIBA;AMBROXOL + OXELADINA;2014-12-01;2015-04-01;lanzamiento
ALTA;R05D  ANTITUSIGENOS;SANOFI CORP;HISTIACIL N F;2010-12-01;HISTIACIL N F JBE ADTO 20TW OPACK 150 ML;AMBROXOL + DEXTROMETORFANO;2014-04-01;2014-08-01;BAJA, por demanda
BAJA;R05D  ANTITUSIGENOS;GLAXO SMITHKLINE CORP.;TESALON;2009-09-01;TESALON JBE AD MI/FS 200 ML;BENZONATATO;2014-12-01;2015-04-01;lanzamiento
BAJA;R05D  ANTITUSIGENOS;GLAXO SMITHKLINE CORP.;TESALON;2009-09-01;TESALON JBE AD MI/FS 200 ML;BENZONATATO;2015-04-01;2015-08-01;lanzamiento
BAJA;R05D  ANTITUSIGENOS;GLAXO SMITHKLINE CORP.;TESALON;2009-09-01;TESALON JBE AD MI/FS 200 ML;BENZONATATO;2016-12-01;2017-04-01;BAJA, por demanda
ALTA;R05D  ANTITUSIGENOS;I.Q.F.A.;ALEDRON;2006-04-01;ALEDRON SOLN 100 ML;OXOLAMINA;2014-08-01;2014-12-01;ALTA, por demanda
BAJA;R05D  ANTITUSIGENOS;GLAXO SMITHKLINE CORP.;THERAFLU TENALIF;2002-09-01;THERAFLU TENALIF JB INF MI/FS 200 ML;AMBROXOL + OXELADINA;2015-04-01;2015-08-01;lanzamiento
BAJA;R05D  ANTITUSIGENOS;ARMSTRONG;ZYPLO;2012-08-01;ZYPLO TABL 60 MG 20;LEVODROPROPIZINA;2015-04-01;2015-08-01;lanzamiento
ALTA;R05D  ANTITUSIGENOS;ARMSTRONG;ZYPLO;2012-08-01;ZYPLO TABL 60 MG 20;LEVODROPROPIZINA;2017-08-01;2017-12-01;ALTA, por demanda
BAJA;R05D  ANTITUSIGENOS;ARMSTRONG;ZYPLO;2012-08-01;ZYPLO TABL 60 MG 20;LEVODROPROPIZINA;2018-04-01;2018-08-01;lanzamiento
BAJA;R05D  ANTITUSIGENOS;ULTRA LABORATORIOS;AMBRO/DEXTR GI GP;2013-08-01;AMBROX/DEXT GI UGP SOLN 225 MG /225 120 ML;AMBROXOL + DEXTROMETORFANO;2014-04-01;2014-08-01;BAJA, por demanda
BAJA;R05D  ANTITUSIGENOS;GLAXO SMITHKLINE CORP.;TESALON TENALIF;2009-09-01;TESALON TENALIF JBE AD MI/LI 150 ML+ 33 %;AMBROXOL + OXELADINA;2016-12-01;2017-04-01;BAJA, por demanda
ALTA;R05D  ANTITUSIGENOS;DEGORTS;DEXTR/AMBRO GI DEG;2016-01-01;DEXTR/AMBRO GI DEG JARABE 150 ML;AMBROXOL + DEXTROMETORFANO;2015-12-01;2016-04-01;ALTA, por demanda
ALTA;R05D  ANTITUSIGENOS;DEGORTS;DEXTR/AMBRO GI DEG;2016-01-01;DEXTR/AMBRO GI DEG JARABE 150 ML;AMBROXOL + DEXTROMETORFANO;2017-04-01;2017-08-01;BAJA, por demanda
BAJA;R05D  ANTITUSIGENOS;DEGORTS;DEXTR/AMBRO GI DEG;2016-01-01;DEXTR/AMBRO GI DEG JARABE 150 ML;AMBROXOL + DEXTROMETORFANO;2017-12-01;2018-04-01;lanzamiento
BAJA;R05D  ANTITUSIGENOS;DEGORTS;DEXTR/AMBRO GI DEG;2016-01-01;DEXTR/AMBRO GI DEG JARABE 150 ML;AMBROXOL + DEXTROMETORFANO;2018-04-01;2018-08-01;lanzamiento
BAJA;R05D  ANTITUSIGENOS;DEGORTS;DEXTR/AMBRO GI DEG;2016-01-01;DEXTR/AMBRO GI DEG JARABE 150 ML;AMBROXOL + DEXTROMETORFANO;2018-08-01;2018-12-01;lanzamiento
ALTA;R05D  ANTITUSIGENOS;LOEFFLER;EXOFIL;2006-03-01;EXOFIL SOLN INF 100 MG /1.5 120 ML;DEXTROMETORFANO + SULFOGUAYACOL;2016-04-01;2016-08-01;BAJA, por demanda
BAJA;R05D  ANTITUSIGENOS;LOEFFLER;EXOFIL;2006-03-01;EXOFIL SOLN INF 100 MG /1.5 120 ML;DEXTROMETORFANO + SULFOGUAYACOL;2016-12-01;2017-04-01;BAJA, por demanda
ALTA;R05D  ANTITUSIGENOS;LOEFFLER;EXOFIL;2006-03-01;EXOFIL SOLN INF 100 MG /1.5 120 ML;DEXTROMETORFANO + SULFOGUAYACOL;2017-04-01;2017-08-01;BAJA, por demanda
BAJA;R05D  ANTITUSIGENOS;LOEFFLER;EXOFIL;2006-03-01;EXOFIL SOLN INF 100 MG /1.5 120 ML;DEXTROMETORFANO + SULFOGUAYACOL;2017-12-01;2018-04-01;lanzamiento
BAJA;R05D  ANTITUSIGENOS;LOEFFLER;EXOFIL;2006-03-01;EXOFIL SOLN INF 100 MG /1.5 120 ML;DEXTROMETORFANO + SULFOGUAYACOL;2018-04-01;2018-08-01;lanzamiento
ALTA;R05D  ANTITUSIGENOS;LOEFFLER;EXOFIL;2006-03-01;EXOFIL SOLN INF 100 MG /1.5 120 ML;DEXTROMETORFANO + SULFOGUAYACOL;2018-08-01;2018-12-01;ALTA, por demanda
BAJA;R05D  ANTITUSIGENOS;GRISI CORP.;GARDE DEXTROMETORF;1995-10-01;GARDE DEXTROMETORF JBE 10 MG /5ML 150 ML;DEXTROMETORFANO;2014-12-01;2015-04-01;lanzamiento
BAJA;R05D  ANTITUSIGENOS;GRISI CORP.;GARDE DEXTROMETORF;1995-10-01;GARDE DEXTROMETORF JBE 10 MG /5ML 150 ML;DEXTROMETORFANO;2015-04-01;2015-08-01;lanzamiento
BAJA;R05D  ANTITUSIGENOS;GRISI CORP.;GARDE DEXTROMETORF;1995-10-01;GARDE DEXTROMETORF JBE 10 MG /5ML 150 ML;DEXTROMETORFANO;2015-12-01;2016-04-01;lanzamiento
BAJA;R05D  ANTITUSIGENOS;BRULUART;DEXTROMETO G.I BRU;2004-01-01;DEXTROMETO G.I BRU JBE 120 ML;DEXTROMETORFANO;2017-04-01;2017-08-01;lanzamiento
BAJA;R05D  ANTITUSIGENOS;BRULUART;DEXTROMETO G.I BRU;2004-01-01;DEXTROMETO G.I BRU JBE 120 ML;DEXTROMETORFANO;2017-12-01;2018-04-01;lanzamiento
ALTA;R05D  ANTITUSIGENOS;BRULUART;DEXTROMETO G.I BRU;2004-01-01;DEXTROMETO G.I BRU JBE 120 ML;DEXTROMETORFANO;2018-08-01;2018-12-01;ALTA, por demanda
BAJA;R05D  ANTITUSIGENOS;QUIFA PERRIGO;CAPSIFLU TOTAL;2012-03-01;CAPSIFLU TOTAL CAPS 12;BROMFENIRAMINA + DEXTROMETORFANO + FENILEFRINA;2017-12-01;2018-04-01;lanzamiento
BAJA;R05D  ANTITUSIGENOS;GLAXO SMITHKLINE CORP.;TESALON;2009-09-01;TESALON JBE AD MI/LI 200 ML;BENZONATATO;2014-12-01;2015-04-01;lanzamiento
BAJA;R05D  ANTITUSIGENOS;GLAXO SMITHKLINE CORP.;TESALON;2009-09-01;TESALON JBE AD MI/LI 200 ML;BENZONATATO;2015-04-01;2015-08-01;lanzamiento
BAJA;R05D  ANTITUSIGENOS;BAUSCH HEALTH;BENZONATATO G.I TE;2004-01-01;BENZONATATO G.I TE PERLAS 100 MG 20;BENZONATATO;2017-12-01;2018-04-01;lanzamiento
ALTA;R05D  ANTITUSIGENOS;EURODRUG;KASTOVIN;2011-12-01;KASTOVIN JBE 600 MG 60 ML;LEVODROPROPIZINA;2016-12-01;2017-04-01;BAJA, por demanda
BAJA;R05D  ANTITUSIGENOS;EURODRUG;KASTOVIN;2011-12-01;KASTOVIN JBE 600 MG 60 ML;LEVODROPROPIZINA;2017-08-01;2017-12-01;lanzamiento
BAJA;R05D  ANTITUSIGENOS;EURODRUG;KASTOVIN;2011-12-01;KASTOVIN JBE 600 MG 60 ML;LEVODROPROPIZINA;2017-12-01;2018-04-01;lanzamiento
BAJA;R05D  ANTITUSIGENOS;EURODRUG;KASTOVIN;2011-12-01;KASTOVIN JBE 600 MG 60 ML;LEVODROPROPIZINA;2018-04-01;2018-08-01;lanzamiento
BAJA;R05D  ANTITUSIGENOS;MAVER;COBADEX;2005-10-01;COBADEX SOL AD 120 ML;AMBROXOL + DEXTROMETORFANO;2014-12-01;2015-04-01;lanzamiento
BAJA;R05D  ANTITUSIGENOS;MAVER;COBADEX;2005-10-01;COBADEX SOL AD 120 ML;AMBROXOL + DEXTROMETORFANO;2017-12-01;2018-04-01;lanzamiento
BAJA;R05D  ANTITUSIGENOS;PISA;REDDY;2013-12-01;REDDY JBE ADTO 225 MG /225 MI/LI 150 ML;AMBROXOL + DEXTROMETORFANO;2014-12-01;2015-04-01;lanzamiento
BAJA;R05D  ANTITUSIGENOS;PISA;REDDY;2013-12-01;REDDY JBE ADTO 225 MG /225 MI/LI 150 ML;AMBROXOL + DEXTROMETORFANO;2015-04-01;2015-08-01;lanzamiento
BAJA;R05D  ANTITUSIGENOS;PISA;REDDY;2013-12-01;REDDY JBE ADTO 225 MG /225 MI/LI 150 ML;AMBROXOL + DEXTROMETORFANO;2017-04-01;2017-08-01;lanzamiento
BAJA;R05D  ANTITUSIGENOS;PISA;REDDY;2013-12-01;REDDY JBE ADTO 225 MG /225 MI/LI 150 ML;AMBROXOL + DEXTROMETORFANO;2018-12-01;2019-04-01;BAJA, por demanda
BAJA;R05D  ANTITUSIGENOS;ARMSTRONG;ZYPLO;1998-02-01;ZYPLO GOTAS ORAL 60 MG /1ML 15 ML;LEVODROPROPIZINA;2017-12-01;2018-04-01;lanzamiento
BAJA;R05D  ANTITUSIGENOS;ARMSTRONG;ZYPLO;1998-02-01;ZYPLO GOTAS ORAL 60 MG /1ML 15 ML;LEVODROPROPIZINA;2018-12-01;2019-04-01;BAJA, por demanda
BAJA;R05D  ANTITUSIGENOS;SANOFI CORP;HISTIACIL N F;2011-09-01;HISTIACIL N F CAPS 20;AMBROXOL + DEXTROMETORFANO;2018-12-01;2019-04-01;BAJA, por demanda
BAJA;R05D  ANTITUSIGENOS;VICTORY ENTERPRISE;CONTUXIN;2007-03-01;CONTUXIN JBE 120 ML;OXOLAMINA;2016-12-01;2017-04-01;BAJA, por demanda
BAJA;R05D  ANTITUSIGENOS;VICTORY ENTERPRISE;CONTUXIN;2007-03-01;CONTUXIN JBE 120 ML;OXOLAMINA;2018-12-01;2019-04-01;BAJA, por demanda
BAJA;R05D  ANTITUSIGENOS;LIOMONT, CORPORATION;TUSIGEN NF;2016-10-01;TUSIGEN NF JARABE ADTO 150 ML;AMBROXOL + DEXTROMETORFANO;2018-04-01;2018-08-01;lanzamiento
BAJA;R05D  ANTITUSIGENOS;LIOMONT, CORPORATION;TUSIGEN NF;2016-10-01;TUSIGEN NF JARABE ADTO 150 ML;AMBROXOL + DEXTROMETORFANO;2018-12-01;2019-04-01;BAJA, por demanda
ALTA;R05D  ANTITUSIGENOS;FARMACOS CONTINENTALES;DEXTROMETORF G.I F;2006-08-01;DEXTROMETORF G.I F JBE 60 ML;DEXTROMETORFANO;2015-12-01;2016-04-01;ALTA, por demanda
ALTA;R05D  ANTITUSIGENOS;CORPORATIVO RAYERE;VELATUSS;2007-10-01;VELATUSS SOLN 120 ML;LEVODROPROPIZINA;2015-12-01;2016-04-01;ALTA, por demanda
BAJA;R05D  ANTITUSIGENOS;CORPORATIVO RAYERE;VELATUSS;2007-10-01;VELATUSS SOLN 120 ML;LEVODROPROPIZINA;2017-12-01;2018-04-01;lanzamiento
BAJA;R05D  ANTITUSIGENOS;CORPORATIVO RAYERE;VELATUSS;2007-10-01;VELATUSS SOLN 120 ML;LEVODROPROPIZINA;2018-04-01;2018-08-01;lanzamiento
BAJA;R05D  ANTITUSIGENOS;CORPORATIVO RAYERE;VELATUSS;2007-10-01;VELATUSS SOLN 120 ML;LEVODROPROPIZINA;2018-12-01;2019-04-01;BAJA, por demanda
BAJA;R05D  ANTITUSIGENOS;GENOMA LAB INT;TUKOL D;2003-01-01;TUKOL D JBE AD 125 ML;DEXTROMETORFANO + GUAIFENESINA;2014-12-01;2015-04-01;lanzamiento
BAJA;R05D  ANTITUSIGENOS;GENOMA LAB INT;TUKOL D;2003-01-01;TUKOL D JBE AD 125 ML;DEXTROMETORFANO + GUAIFENESINA;2016-04-01;2016-08-01;lanzamiento
BAJA;R05D  ANTITUSIGENOS;GENOMA LAB INT;TUKOL D;2003-01-01;TUKOL D JBE AD 125 ML;DEXTROMETORFANO + GUAIFENESINA;2016-12-01;2017-04-01;BAJA, por demanda
BAJA;R05D  ANTITUSIGENOS;GENOMA LAB INT;TUKOL D;2003-01-01;TUKOL D JBE AD 125 ML;DEXTROMETORFANO + GUAIFENESINA;2017-12-01;2018-04-01;lanzamiento
BAJA;R05D  ANTITUSIGENOS;GENOMA LAB INT;TUKOL D;2003-01-01;TUKOL D JBE AD 125 ML;DEXTROMETORFANO + GUAIFENESINA;2018-12-01;2019-04-01;BAJA, por demanda
ALTA;R05D  ANTITUSIGENOS;BTK FARMA;DEXT/GUA/PARA GI B;2018-01-01;DEXT/GUA/PARA GI B JARABE 118 ML;DEXTROMETORFANO + GUAIFENESINA + PARACETAMOL;2018-04-01;2018-08-01;BAJA, por demanda
ALTA;R05D  ANTITUSIGENOS;PROTEIN-APOTEX;PROTAN;1971-10-01;PROTAN JBE 120 ML;DEXTROMETORFANO;2015-12-01;2016-04-01;ALTA, por demanda
BAJA;R05D  ANTITUSIGENOS;PROTEIN-APOTEX;PROTAN;1971-10-01;PROTAN JBE 120 ML;DEXTROMETORFANO;2016-12-01;2017-04-01;BAJA, por demanda
ALTA;R05D  ANTITUSIGENOS;GENOMA LAB INT;TUKALIV;2014-10-01;TUKALIV CAPS 100 MG 20;BENZONATATO;2014-08-01;2014-12-01;ALTA, por demanda
BAJA;R05D  ANTITUSIGENOS;GENOMA LAB INT;TUKALIV;2014-10-01;TUKALIV CAPS 100 MG 20;BENZONATATO;2018-04-01;2018-08-01;lanzamiento
BAJA;R05D  ANTITUSIGENOS;GENOMA LAB INT;TUKALIV;2014-10-01;TUKALIV CAPS 100 MG 20;BENZONATATO;2018-12-01;2019-04-01;BAJA, por demanda
BAJA;R05D  ANTITUSIGENOS;ANDROMACO;DEXOL;2007-04-01;DEXOL SOLN ADT 120 ML;AMBROXOL + DEXTROMETORFANO;2014-12-01;2015-04-01;lanzamiento
ALTA;R05D  ANTITUSIGENOS;ANDROMACO;DEXOL;2007-04-01;DEXOL SOLN ADT 120 ML;AMBROXOL + DEXTROMETORFANO;2015-04-01;2015-08-01;BAJA, por demanda
ALTA;R05D  ANTITUSIGENOS;ULTRA LABORATORIOS;DEXTROME/GUAIF G.I;2013-09-01;DEXTROME/GUIAF G.I JBE ADT0 120 ML;DEXTROMETORFANO + GUAIFENESINA;2015-08-01;2015-12-01;ALTA, por demanda
BAJA;R05D  ANTITUSIGENOS;ULTRA LABORATORIOS;DEXTROME/GUAIF G.I;2013-09-01;DEXTROME/GUIAF G.I JBE ADT0 120 ML;DEXTROMETORFANO + GUAIFENESINA;2016-12-01;2017-04-01;BAJA, por demanda
BAJA;R05D  ANTITUSIGENOS;ULTRA LABORATORIOS;DEXTROME/GUAIF G.I;2013-09-01;DEXTROME/GUIAF G.I JBE ADT0 120 ML;DEXTROMETORFANO + GUAIFENESINA;2017-12-01;2018-04-01;lanzamiento
BAJA;R05D  ANTITUSIGENOS;ULTRA LABORATORIOS;DEXTROME/GUAIF G.I;2013-09-01;DEXTROME/GUIAF G.I JBE ADT0 120 ML;DEXTROMETORFANO + GUAIFENESINA;2018-12-01;2019-04-01;BAJA, por demanda
BAJA;R05D  ANTITUSIGENOS;LOREN, S.A. DE C.V.;EPICOL;2005-11-01;EPICOL JBE AD 120 ML;DEXTROMETORFANO + GUAIFENESINA;2014-04-01;2014-08-01;BAJA, por demanda
BAJA;R05D  ANTITUSIGENOS;LOREN, S.A. DE C.V.;EPICOL;2005-11-01;EPICOL JBE AD 120 ML;DEXTROMETORFANO + GUAIFENESINA;2014-12-01;2015-04-01;lanzamiento
BAJA;R05D  ANTITUSIGENOS;LOREN, S.A. DE C.V.;EPICOL;2005-11-01;EPICOL JBE AD 120 ML;DEXTROMETORFANO + GUAIFENESINA;2016-04-01;2016-08-01;lanzamiento
BAJA;R05D  ANTITUSIGENOS;LOREN, S.A. DE C.V.;EPICOL;2005-11-01;EPICOL JBE AD 120 ML;DEXTROMETORFANO + GUAIFENESINA;2017-12-01;2018-04-01;lanzamiento
ALTA;R05D  ANTITUSIGENOS;LOREN, S.A. DE C.V.;EPICOL;2005-11-01;EPICOL JBE AD 120 ML;DEXTROMETORFANO + GUAIFENESINA;2018-08-01;2018-12-01;ALTA, por demanda
BAJA;R05D  ANTITUSIGENOS;LOREN, S.A. DE C.V.;EPICOL;2005-11-01;EPICOL JBE AD 120 ML;DEXTROMETORFANO + GUAIFENESINA;2018-12-01;2019-04-01;BAJA, por demanda
ALTA;R05D  ANTITUSIGENOS;SANFER CORP.;AMBROX/DEXTR GI HO;2015-09-01;AMBROX/DEXTR GI HO SOLN 225 MG /225 150 ML;AMBROXOL + DEXTROMETORFANO;2015-08-01;2015-12-01;ALTA, por demanda
BAJA;R05D  ANTITUSIGENOS;SANFER CORP.;AMBROX/DEXTR GI HO;2015-09-01;AMBROX/DEXTR GI HO SOLN 225 MG /225 150 ML;AMBROXOL + DEXTROMETORFANO;2017-12-01;2018-04-01;lanzamiento
ALTA;R05D  ANTITUSIGENOS;MAVER;SIRACUX;2015-01-01;SIRACUX JBE ADTO 120 ML;AMBROXOL + OXELADINA;2015-04-01;2015-08-01;BAJA, por demanda
ALTA;R05D  ANTITUSIGENOS;MAVER;SIRACUX;2015-01-01;SIRACUX JBE ADTO 120 ML;AMBROXOL + OXELADINA;2015-12-01;2016-04-01;ALTA, por demanda
BAJA;R05D  ANTITUSIGENOS;MAVER;SIRACUX;2015-01-01;SIRACUX JBE ADTO 120 ML;AMBROXOL + OXELADINA;2017-12-01;2018-04-01;lanzamiento
ALTA;R05D  ANTITUSIGENOS;FARMACOS CONTINENTALES;DONTUXIN;2007-05-01;DONTUXIN JBE 120 ML;DEXTROMETORFANO;2014-04-01;2014-08-01;BAJA, por demanda
BAJA;R05D  ANTITUSIGENOS;FARMACOS CONTINENTALES;DONTUXIN;2007-05-01;DONTUXIN JBE 120 ML;DEXTROMETORFANO;2015-08-01;2015-12-01;lanzamiento
BAJA;R05D  ANTITUSIGENOS;SANFER CORP.;CELLTIUS;2014-10-01;CELLTIUS JBE INF 120 ML;AMBROXOL + BENZONATATO;2018-12-01;2019-04-01;BAJA, por demanda
BAJA;R05D  ANTITUSIGENOS;VALDECASAS;DEXTROMETORF GI VA;2013-10-01;DEXTROMETORF GI VA SUSP 120 ML;DEXTROMETORFANO;2015-12-01;2016-04-01;lanzamiento
ALTA;R05D  ANTITUSIGENOS;QUIFA PERRIGO;DEXTROMETORFANO G;2003-04-01;DEXTROMETOR G.I QY JBE 120 ML;DEXTROMETORFANO;2015-12-01;2016-04-01;ALTA, por demanda
BAJA;R05D  ANTITUSIGENOS;QUIFA PERRIGO;DEXTROMETORFANO G;2003-04-01;DEXTROMETOR G.I QY JBE 120 ML;DEXTROMETORFANO;2016-12-01;2017-04-01;BAJA, por demanda
BAJA;R05D  ANTITUSIGENOS;QUIFA PERRIGO;DEXTROMETORFANO G;2003-04-01;DEXTROMETOR G.I QY JBE 120 ML;DEXTROMETORFANO;2017-12-01;2018-04-01;lanzamiento
BAJA;R05D  ANTITUSIGENOS;QUIFA PERRIGO;DEXTROMETORFANO G;2003-04-01;DEXTROMETOR G.I QY JBE 120 ML;DEXTROMETORFANO;2018-04-01;2018-08-01;lanzamiento
BAJA;R05D  ANTITUSIGENOS;CHINOIN;TROFERIT;1991-05-01;TROFERIT SUP INF 20 MG 8;DROPROPIZINA;2018-12-01;2019-04-01;BAJA, por demanda
BAJA;R05D  ANTITUSIGENOS;GLAXO SMITHKLINE CORP.;TESALON;2008-06-01;TESALON PERLAS 100 MG 20+ 10TES ALON;BENZONATATO;2014-04-01;2014-08-01;BAJA, por demanda
BAJA;R05D  ANTITUSIGENOS;OFFENBACH;OXOMAR;2007-06-01;OXOMAR JBE 120 ML;OXOLAMINA;2017-04-01;2017-08-01;lanzamiento
ALTA;R05D  ANTITUSIGENOS;ARLEX;OTOFEN;2017-08-01;OTOFEN JBE 140 ML;GUAIFENESINA + OXOLAMINA;2017-08-01;2017-12-01;ALTA, por demanda
BAJA;R05D  ANTITUSIGENOS;ARLEX;OTOFEN;2017-08-01;OTOFEN JBE 140 ML;GUAIFENESINA + OXOLAMINA;2018-04-01;2018-08-01;lanzamiento
BAJA;R05D  ANTITUSIGENOS;CORPORATIVO RAYERE;AMBROXO/DEXT G.I R;2006-09-01;AMBROXO/DEXT G.I R JBE INF 120 ML;AMBROXOL + DEXTROMETORFANO;2016-08-01;2016-12-01;lanzamiento
ALTA;R05D  ANTITUSIGENOS;CORPORATIVO RAYERE;AMBROXO/DEXT G.I R;2006-09-01;AMBROXO/DEXT G.I R JBE INF 120 ML;AMBROXOL + DEXTROMETORFANO;2018-04-01;2018-08-01;BAJA, por demanda
BAJA;R05D  ANTITUSIGENOS;CORPORATIVO RAYERE;AMBROXO/DEXT G.I R;2006-09-01;AMBROXO/DEXT G.I R JBE INF 120 ML;AMBROXOL + DEXTROMETORFANO;2018-12-01;2019-04-01;BAJA, por demanda
BAJA;R05D  ANTITUSIGENOS;CARNOT;FLUXEDAN;1972-09-01;FLUXEDAN TABL 24;BROMHEXINA + OXELADINA;2014-04-01;2014-08-01;BAJA, por demanda
BAJA;R05D  ANTITUSIGENOS;CARNOT;FLUXEDAN;1972-09-01;FLUXEDAN TABL 24;BROMHEXINA + OXELADINA;2014-12-01;2015-04-01;lanzamiento
ALTA;R05D  ANTITUSIGENOS;CARNOT;FLUXEDAN;1972-09-01;FLUXEDAN TABL 24;BROMHEXINA + OXELADINA;2017-08-01;2017-12-01;ALTA, por demanda
BAJA;R05D  ANTITUSIGENOS;CARNOT;FLUXEDAN;1972-09-01;FLUXEDAN TABL 24;BROMHEXINA + OXELADINA;2017-12-01;2018-04-01;lanzamiento
BAJA;R05D  ANTITUSIGENOS;CARNOT;FLUXEDAN;1972-09-01;FLUXEDAN TABL 24;BROMHEXINA + OXELADINA;2018-12-01;2019-04-01;BAJA, por demanda
BAJA;R05D  ANTITUSIGENOS;CORPORATIVO RAYERE;YADEGAL;1976-10-01;YADEGAL JBE CPTO 120 ML;CLORFENAMINA + DEXTROMETORFANO + GUAIFENESINA;2014-12-01;2015-04-01;lanzamiento
BAJA;R05D  ANTITUSIGENOS;CORPORATIVO RAYERE;YADEGAL;1976-10-01;YADEGAL JBE CPTO 120 ML;CLORFENAMINA + DEXTROMETORFANO + GUAIFENESINA;2018-04-01;2018-08-01;lanzamiento
BAJA;R05D  ANTITUSIGENOS;CORPORATIVO RAYERE;YADEGAL;1976-10-01;YADEGAL JBE CPTO 120 ML;CLORFENAMINA + DEXTROMETORFANO + GUAIFENESINA;2018-12-01;2019-04-01;BAJA, por demanda
ALTA;R05D  ANTITUSIGENOS;DEGORTS;DEXTRO/GUAI GI DEG;2013-10-01;DEXTRO/GUAI GI DEG SUSP ADTO 300 MG /2MG 120 ML;DEXTROMETORFANO + GUAIFENESINA;2016-04-01;2016-08-01;BAJA, por demanda
BAJA;R05D  ANTITUSIGENOS;PFIZER CORPORATION;DIMACOL;1990-01-01;DIMACOL SUSP PAED 60 ML;DEXTROMETORFANO + FENILEFRINA + GUAIFENESINA;2015-04-01;2015-08-01;lanzamiento
BAJA;R05D  ANTITUSIGENOS;PFIZER CORPORATION;DIMACOL;1990-01-01;DIMACOL SUSP PAED 60 ML;DEXTROMETORFANO + FENILEFRINA + GUAIFENESINA;2016-04-01;2016-08-01;lanzamiento
BAJA;R05D  ANTITUSIGENOS;PFIZER CORPORATION;DIMACOL;1990-01-01;DIMACOL SUSP PAED 60 ML;DEXTROMETORFANO + FENILEFRINA + GUAIFENESINA;2017-04-01;2017-08-01;lanzamiento
BAJA;R05D  ANTITUSIGENOS;PFIZER CORPORATION;DIMACOL;1990-01-01;DIMACOL SUSP PAED 60 ML;DEXTROMETORFANO + FENILEFRINA + GUAIFENESINA;2018-04-01;2018-08-01;lanzamiento
BAJA;R05D  ANTITUSIGENOS;LIOMONT, CORPORATION;TUSIGEN;1991-03-01;TUSIGEN JBE AD 25 MG /5ML 150 ML;ZIPEPROL;2018-12-01;2019-04-01;BAJA, por demanda
BAJA;R05D  ANTITUSIGENOS;QUIMPHARMA, S.A. DE C.V.;GUAXOQUIM;2007-11-01;GUAXOQUIM SOL GTS PED 2.50 G /1.2 60 ML;GUAIFENESINA + OXOLAMINA;2014-04-01;2014-08-01;BAJA, por demanda
BAJA;R05D  ANTITUSIGENOS;GELPHARMA S.A.;AMBR/DEXTR G.I GEL;2016-04-01;AMBR/DEXTR G.I GEL CAPS 22.5 MG /22. 10;AMBROXOL + DEXTROMETORFANO;2017-12-01;2018-04-01;lanzamiento
BAJA;R05D  ANTITUSIGENOS;GELPHARMA S.A.;AMBR/DEXTR G.I GEL;2016-04-01;AMBR/DEXTR G.I GEL CAPS 22.5 MG /22. 10;AMBROXOL + DEXTROMETORFANO;2018-12-01;2019-04-01;BAJA, por demanda
BAJA;R05D  ANTITUSIGENOS;SANOFI CORP;DEXTRO/AMBR G.I KE;2010-10-01;DEXTRO/AMBR G.I KE JBE INF 150 ML;AMBROXOL + DEXTROMETORFANO;2014-04-01;2014-08-01;BAJA, por demanda
BAJA;R05D  ANTITUSIGENOS;SANOFI CORP;DEXTRO/AMBR G.I KE;2010-10-01;DEXTRO/AMBR G.I KE JBE INF 150 ML;AMBROXOL + DEXTROMETORFANO;2018-04-01;2018-08-01;lanzamiento
BAJA;R05D  ANTITUSIGENOS;GLAXO SMITHKLINE CORP.;TESALON;1900-12-01;TESALON PERLAS 100 MG 20;BENZONATATO;2014-12-01;2015-04-01;lanzamiento
BAJA;R05D  ANTITUSIGENOS;GLAXO SMITHKLINE CORP.;TESALON;1900-12-01;TESALON PERLAS 100 MG 20;BENZONATATO;2017-12-01;2018-04-01;lanzamiento
BAJA;R05D  ANTITUSIGENOS;GLAXO SMITHKLINE CORP.;THERAFLU EX;2013-10-01;THERAFLU EXTHEG SB PVO R/SEV VDE 10;FENILEFRINA + FENIRAMINA + PARACETAMOL;2014-12-01;2015-04-01;lanzamiento
ALTA;R05D  ANTITUSIGENOS;GLAXO SMITHKLINE CORP.;THERAFLU EX;2013-10-01;THERAFLU EXTHEG SB PVO R/SEV VDE 10;FENILEFRINA + FENIRAMINA + PARACETAMOL;2015-08-01;2015-12-01;ALTA, por demanda
ALTA;R05D  ANTITUSIGENOS;ULTRA LABORATORIOS;DEXTROMETORF G.I U;2007-10-01;DEXTROMETORF G.I U JBE 15 MG 120 ML;DEXTROMETORFANO;2015-08-01;2015-12-01;ALTA, por demanda
BAJA;R05D  ANTITUSIGENOS;ULTRA LABORATORIOS;DEXTROMETORF G.I U;2007-10-01;DEXTROMETORF G.I U JBE 15 MG 120 ML;DEXTROMETORFANO;2015-12-01;2016-04-01;lanzamiento
BAJA;R05D  ANTITUSIGENOS;LIFERPAL;AMBROX/DEXTR GI LI;2014-04-01;AMBROX/DEXTR GI LI SOLN 120 ML;AMBROXOL + DEXTROMETORFANO;2015-12-01;2016-04-01;lanzamiento
ALTA;R05D  ANTITUSIGENOS;BIOMEP S.A. DE C.V.;BROXTORFAN;2017-08-01;BROXTORFAN JBE INF 150 ML;AMBROXOL + DEXTROMETORFANO;2017-12-01;2018-04-01;BAJA, por demanda
BAJA;R05D  ANTITUSIGENOS;CORPORATIVO RAYERE;BROGAL T;2003-02-01;BROGAL T SOL INF 120 ML;AMBROXOL + DEXTROMETORFANO;2014-12-01;2015-04-01;lanzamiento
BAJA;R05D  ANTITUSIGENOS;CORPORATIVO RAYERE;BROGAL T;2003-02-01;BROGAL T SOL INF 120 ML;AMBROXOL + DEXTROMETORFANO;2015-04-01;2015-08-01;lanzamiento
BAJA;R05D  ANTITUSIGENOS;CORPORATIVO RAYERE;BROGAL T;2003-02-01;BROGAL T SOL INF 120 ML;AMBROXOL + DEXTROMETORFANO;2016-04-01;2016-08-01;lanzamiento
BAJA;R05D  ANTITUSIGENOS;CORPORATIVO RAYERE;BROGAL T;2003-02-01;BROGAL T SOL INF 120 ML;AMBROXOL + DEXTROMETORFANO;2018-04-01;2018-08-01;lanzamiento
ALTA;R05D  ANTITUSIGENOS;NAFAR LABORATORIOS SA DE CV;GELAMXOL;2009-10-01;GELAMXOL CAPS 10;AMBROXOL + DEXTROMETORFANO;2016-12-01;2017-04-01;BAJA, por demanda
ALTA;R05D  ANTITUSIGENOS;NAFAR LABORATORIOS SA DE CV;NAFATOSIN;2007-09-01;NAFATOSIN CAPS 100 MG 20;BENZONATATO;2015-12-01;2016-04-01;ALTA, por demanda
ALTA;R05D  ANTITUSIGENOS;ALPHARMA;BENZONATATO G.I AL;2005-09-01;BENZONATATO G.I AL PERLAS 100 MG 20;BENZONATATO;2015-08-01;2015-12-01;ALTA, por demanda
BAJA;R05D  ANTITUSIGENOS;ALPHARMA;BENZONATATO G.I AL;2005-09-01;BENZONATATO G.I AL PERLAS 100 MG 20;BENZONATATO;2017-12-01;2018-04-01;lanzamiento
ALTA;R05D  ANTITUSIGENOS;PROGELA;PROGELBEN;2010-05-01;PROGELBEN CAPS 20;BENZONATATO;2016-12-01;2017-04-01;BAJA, por demanda
BAJA;R05D  ANTITUSIGENOS;PROGELA;PROGELBEN;2010-05-01;PROGELBEN CAPS 20;BENZONATATO;2018-12-01;2019-04-01;BAJA, por demanda
BAJA;R05D  ANTITUSIGENOS;PFIZER CORPORATION;DIMACOL;2001-02-01;DIMACOL NF SUSP FRAMBUE 60 ML;DEXTROMETORFANO + FENILEFRINA + GUAIFENESINA;2015-04-01;2015-08-01;lanzamiento
BAJA;R05D  ANTITUSIGENOS;PFIZER CORPORATION;DIMACOL;2001-02-01;DIMACOL NF SUSP FRAMBUE 60 ML;DEXTROMETORFANO + FENILEFRINA + GUAIFENESINA;2016-04-01;2016-08-01;lanzamiento
BAJA;R05D  ANTITUSIGENOS;PFIZER CORPORATION;DIMACOL;2001-02-01;DIMACOL NF SUSP FRAMBUE 60 ML;DEXTROMETORFANO + FENILEFRINA + GUAIFENESINA;2016-12-01;2017-04-01;BAJA, por demanda
BAJA;R05D  ANTITUSIGENOS;PFIZER CORPORATION;DIMACOL;2001-02-01;DIMACOL NF SUSP FRAMBUE 60 ML;DEXTROMETORFANO + FENILEFRINA + GUAIFENESINA;2018-12-01;2019-04-01;BAJA, por demanda
ALTA;R05D  ANTITUSIGENOS;QUIFA PERRIGO;PAR/FENIR/FENIL GI;2017-02-01;PAR/FENIR/FENIL GI SOBRE 6;FENILEFRINA + FENIRAMINA + PARACETAMOL;2016-12-01;2017-04-01;BAJA, por demanda
