BAJA;R06A  ANTIHISTAMINICOS;UCB PHARMA;VIRLIX;1992-08-01;VIRLIX TABL REVEST 10 MG 20;CETIRIZINA;2014-04-01;2014-08-01;lanzamiento
BAJA;R06A  ANTIHISTAMINICOS;UCB PHARMA;VIRLIX;1992-08-01;VIRLIX TABL REVEST 10 MG 20;CETIRIZINA;2014-12-01;2015-04-01;lanzamiento
ALTA;R06A  ANTIHISTAMINICOS;UCB PHARMA;VIRLIX;1992-08-01;VIRLIX TABL REVEST 10 MG 20;CETIRIZINA;2015-08-01;2015-12-01;ALTA, por demanda
ALTA;R06A  ANTIHISTAMINICOS;UCB PHARMA;VIRLIX;1992-08-01;VIRLIX TABL REVEST 10 MG 20;CETIRIZINA;2015-12-01;2016-04-01;ALTA, por demanda
BAJA;R06A  ANTIHISTAMINICOS;UCB PHARMA;VIRLIX;1992-08-01;VIRLIX TABL REVEST 10 MG 20;CETIRIZINA;2016-12-01;2017-04-01;lanzamiento
ALTA;R06A  ANTIHISTAMINICOS;UCB PHARMA;VIRLIX;1992-08-01;VIRLIX TABL REVEST 10 MG 20;CETIRIZINA;2017-08-01;2017-12-01;ALTA, por demanda
BAJA;R06A  ANTIHISTAMINICOS;ULTRA LABORATORIOS;LORATADINA G.I ULT;2013-06-01;LORATADINA G.I ULT JARABE 100 MG 100 ML;LORATADINA;2014-08-01;2014-12-01;lanzamiento
ALTA;R06A  ANTIHISTAMINICOS;ULTRA LABORATORIOS;LORATADINA G.I ULT;2013-06-01;LORATADINA G.I ULT JARABE 100 MG 100 ML;LORATADINA;2015-04-01;2015-08-01;BAJA, por demanda
ALTA;R06A  ANTIHISTAMINICOS;BIOMEP S.A. DE C.V.;FEXOFENADIN GI BIO;2016-09-01;FEXOFENADIN GI BIO TABL 120 MG 40;FEXOFENADINA;2017-08-01;2017-12-01;ALTA, por demanda
ALTA;R06A  ANTIHISTAMINICOS;BIOMEP S.A. DE C.V.;GRIMERAL;2004-09-01;GRIMERAL TABL 10 MG 20;LORATADINA;2014-08-01;2014-12-01;ALTA, por demanda
BAJA;R06A  ANTIHISTAMINICOS;TAKEDA;PINAVALT;2008-12-01;PINAVALT SOLN 60 ML;EBASTINA;2015-04-01;2015-08-01;lanzamiento
ALTA;R06A  ANTIHISTAMINICOS;BAYER CORP.;CLARITYNE;2015-01-01;CLARITYNE TABL TRIPACK 10 MG 30;LORATADINA;2014-12-01;2015-04-01;BAJA, por demanda
BAJA;R06A  ANTIHISTAMINICOS;ARLEX;LORATADINA G.I AR;2006-02-01;LORATADINA G.I AR JBE 60 ML;LORATADINA;2016-12-01;2017-04-01;lanzamiento
BAJA;R06A  ANTIHISTAMINICOS;ARLEX;LORATADINA G.I AR;2006-02-01;LORATADINA G.I AR JBE 60 ML;LORATADINA;2017-04-01;2017-08-01;lanzamiento
BAJA;R06A  ANTIHISTAMINICOS;ALMIRALL, S.A. DE C.V.;EVASTEL Z;2005-12-01;EVASTEL Z OBLEAS 20 MG 10;EBASTINA;2018-04-01;2018-08-01;BAJA, por demanda
ALTA;R06A  ANTIHISTAMINICOS;BAUSCH HEALTH;CETIRIZINA G.I ATL;2010-04-01;CETIRIZINA G.I ATL SOLN 10 ML;CETIRIZINA;2016-08-01;2016-12-01;BAJA, por demanda
BAJA;R06A  ANTIHISTAMINICOS;NOVARTIS CORP.;AVAPENA;1900-12-01;AVAPENA GRAG. 25 MG 20;CLOROPIRAMINA;2014-04-01;2014-08-01;lanzamiento
BAJA;R06A  ANTIHISTAMINICOS;VALDECASAS;CLORFENAMINA G.I V;2007-07-01;CLORFENAMINA G.I V JBE 0.5 MG 60 ML;CLORFENAMINA;2014-04-01;2014-08-01;lanzamiento
BAJA;R06A  ANTIHISTAMINICOS;VALDECASAS;CLORFENAMINA G.I V;2007-07-01;CLORFENAMINA G.I V JBE 0.5 MG 60 ML;CLORFENAMINA;2015-04-01;2015-08-01;lanzamiento
ALTA;R06A  ANTIHISTAMINICOS;VALDECASAS;CLORFENAMINA G.I V;2007-07-01;CLORFENAMINA G.I V JBE 0.5 MG 60 ML;CLORFENAMINA;2015-12-01;2016-04-01;ALTA, por demanda
ALTA;R06A  ANTIHISTAMINICOS;VALDECASAS;CLORFENAMINA G.I V;2007-07-01;CLORFENAMINA G.I V JBE 0.5 MG 60 ML;CLORFENAMINA;2017-08-01;2017-12-01;ALTA, por demanda
BAJA;R06A  ANTIHISTAMINICOS;VALDECASAS;CLORFENAMINA G.I V;2007-07-01;CLORFENAMINA G.I V JBE 0.5 MG 60 ML;CLORFENAMINA;2018-04-01;2018-08-01;BAJA, por demanda
ALTA;R06A  ANTIHISTAMINICOS;VALDECASAS;CLORFENAMINA G.I V;2007-07-01;CLORFENAMINA G.I V JBE 0.5 MG 60 ML;CLORFENAMINA;2018-08-01;2018-12-01;ALTA, por demanda
ALTA;R06A  ANTIHISTAMINICOS;PFIZER CORPORATION;BLAXITEC;2012-12-01;BLAXITEC CPR 20 MG 20;BILASTINA;2015-12-01;2016-04-01;ALTA, por demanda
BAJA;R06A  ANTIHISTAMINICOS;PFIZER CORPORATION;BLAXITEC;2012-12-01;BLAXITEC CPR 20 MG 20;BILASTINA;2017-04-01;2017-08-01;lanzamiento
ALTA;R06A  ANTIHISTAMINICOS;PFIZER CORPORATION;BLAXITEC;2012-12-01;BLAXITEC CPR 20 MG 20;BILASTINA;2017-08-01;2017-12-01;ALTA, por demanda
ALTA;R06A  ANTIHISTAMINICOS;PFIZER CORPORATION;BLAXITEC;2012-12-01;BLAXITEC CPR 20 MG 20;BILASTINA;2018-08-01;2018-12-01;ALTA, por demanda
ALTA;R06A  ANTIHISTAMINICOS;MERCK SHARP DOHME;AZOMYR;2008-05-01;AZOMYR TABL 5 MG 30;DESLORATADINA;2015-12-01;2016-04-01;ALTA, por demanda
BAJA;R06A  ANTIHISTAMINICOS;MERCK SHARP DOHME;AZOMYR;2008-05-01;AZOMYR TABL 5 MG 30;DESLORATADINA;2017-12-01;2018-04-01;lanzamiento
ALTA;R06A  ANTIHISTAMINICOS;ARMSTRONG;ZYRTEC;2000-08-01;ZYRTEC TABL RECUB. 10 MG 20;CETIRIZINA;2014-08-01;2014-12-01;ALTA, por demanda
ALTA;R06A  ANTIHISTAMINICOS;CHINOIN;ZYXEM;2004-03-01;ZYXEM TABL 5 MG 10;LEVOCETIRIZINA;2016-12-01;2017-04-01;BAJA, por demanda
ALTA;R06A  ANTIHISTAMINICOS;CHINOIN;ZYXEM;2004-03-01;ZYXEM TABL 5 MG 10;LEVOCETIRIZINA;2017-08-01;2017-12-01;ALTA, por demanda
ALTA;R06A  ANTIHISTAMINICOS;CHINOIN;ZYXEM;2004-03-01;ZYXEM TABL 5 MG 10;LEVOCETIRIZINA;2018-08-01;2018-12-01;ALTA, por demanda
BAJA;R06A  ANTIHISTAMINICOS;UCB PHARMA;VIRLIX;1993-08-01;VIRLIX SOLN 10 MG /10M 50 ML;CETIRIZINA;2016-04-01;2016-08-01;lanzamiento
BAJA;R06A  ANTIHISTAMINICOS;UCB PHARMA;VIRLIX;1993-08-01;VIRLIX SOLN 10 MG /10M 50 ML;CETIRIZINA;2016-12-01;2017-04-01;lanzamiento
ALTA;R06A  ANTIHISTAMINICOS;NOVAG INFANCIA, S.A. DE C.V.;LEVOCETIRIZIN GI N;2018-01-01;LEVOCETIRIZIN GI N TABL 5 MG 10;LEVOCETIRIZINA;2017-12-01;2018-04-01;BAJA, por demanda
BAJA;R06A  ANTIHISTAMINICOS;BAYER CORP.;CLORO TRIMETON PLO;1900-12-01;CLORO TRIMETON PLO REPETABS 8 MG 20;CLORFENAMINA;2014-12-01;2015-04-01;lanzamiento
BAJA;R06A  ANTIHISTAMINICOS;BAYER CORP.;CLORO TRIMETON PLO;1900-12-01;CLORO TRIMETON PLO REPETABS 8 MG 20;CLORFENAMINA;2017-04-01;2017-08-01;lanzamiento
ALTA;R06A  ANTIHISTAMINICOS;SIEGFRIED-MED;LEVIGRIX;2010-06-01;LEVIGRIX TABL 5 MG 20;LEVOCETIRIZINA;2014-04-01;2014-08-01;BAJA, por demanda
ALTA;R06A  ANTIHISTAMINICOS;SIEGFRIED-MED;LEVIGRIX;2010-06-01;LEVIGRIX TABL 5 MG 20;LEVOCETIRIZINA;2014-12-01;2015-04-01;BAJA, por demanda
ALTA;R06A  ANTIHISTAMINICOS;SIEGFRIED-MED;LEVIGRIX;2010-06-01;LEVIGRIX TABL 5 MG 20;LEVOCETIRIZINA;2015-08-01;2015-12-01;ALTA, por demanda
BAJA;R06A  ANTIHISTAMINICOS;VICTORY ENTERPRISE;CILORA;2007-05-01;CILORA TABL 10 MG 20;LORATADINA;2015-04-01;2015-08-01;lanzamiento
BAJA;R06A  ANTIHISTAMINICOS;VICTORY ENTERPRISE;CILORA;2007-05-01;CILORA TABL 10 MG 20;LORATADINA;2015-12-01;2016-04-01;lanzamiento
BAJA;R06A  ANTIHISTAMINICOS;VICTORY ENTERPRISE;CILORA;2007-05-01;CILORA TABL 10 MG 20;LORATADINA;2017-04-01;2017-08-01;lanzamiento
BAJA;R06A  ANTIHISTAMINICOS;VICTORY ENTERPRISE;CILORA;2007-05-01;CILORA TABL 10 MG 20;LORATADINA;2017-08-01;2017-12-01;lanzamiento
ALTA;R06A  ANTIHISTAMINICOS;PFIZER CORPORATION;BLAXITEC;2013-10-01;BLAXITEC TABL 20 MG 20+10;BILASTINA;2017-04-01;2017-08-01;BAJA, por demanda
ALTA;R06A  ANTIHISTAMINICOS;PFIZER CORPORATION;BLAXITEC;2013-10-01;BLAXITEC TABL 20 MG 20+10;BILASTINA;2017-08-01;2017-12-01;ALTA, por demanda
BAJA;R06A  ANTIHISTAMINICOS;LIOMONT, CORPORATION;SENSIBIT;1999-10-01;SENSIBIT JBE 5 MG /5ML 60 ML;LORATADINA;2017-04-01;2017-08-01;lanzamiento
BAJA;R06A  ANTIHISTAMINICOS;LIOMONT, CORPORATION;SENSIBIT;1999-10-01;SENSIBIT JBE 5 MG /5ML 60 ML;LORATADINA;2017-12-01;2018-04-01;lanzamiento
ALTA;R06A  ANTIHISTAMINICOS;LANDSTEINER;CETIRIZINA G.I LAN;2010-03-01;CETIRIZINA G.I LAN TABL 10 MG 10;CETIRIZINA;2016-12-01;2017-04-01;BAJA, por demanda
BAJA;R06A  ANTIHISTAMINICOS;LANDSTEINER;DESLORATADIN G.I L;2010-08-01;DESLORATADIN G.I L TABL 5 MG 10;DESLORATADINA;2014-12-01;2015-04-01;lanzamiento
ALTA;R06A  ANTIHISTAMINICOS;LANDSTEINER;DESLORATADIN G.I L;2010-08-01;DESLORATADIN G.I L TABL 5 MG 10;DESLORATADINA;2015-08-01;2015-12-01;ALTA, por demanda
BAJA;R06A  ANTIHISTAMINICOS;LIOMONT, CORPORATION;SENSIBIT;1999-03-01;SENSIBIT TABL 10 MG 10;LORATADINA;2014-12-01;2015-04-01;lanzamiento
BAJA;R06A  ANTIHISTAMINICOS;LIOMONT, CORPORATION;SENSIBIT;1999-03-01;SENSIBIT TABL 10 MG 10;LORATADINA;2017-12-01;2018-04-01;lanzamiento
BAJA;R06A  ANTIHISTAMINICOS;LIOMONT, CORPORATION;SENSIBIT;1999-03-01;SENSIBIT TABL 10 MG 10;LORATADINA;2018-12-01;2019-04-01;lanzamiento
BAJA;R06A  ANTIHISTAMINICOS;BIOMEP S.A. DE C.V.;GRIMERAL;2010-01-01;GRIMERAL SOLN 5 MG 30 ML;LORATADINA;2014-12-01;2015-04-01;lanzamiento
ALTA;R06A  ANTIHISTAMINICOS;BIOMEP S.A. DE C.V.;GRIMERAL;2010-01-01;GRIMERAL SOLN 5 MG 30 ML;LORATADINA;2016-12-01;2017-04-01;BAJA, por demanda
BAJA;R06A  ANTIHISTAMINICOS;BIOMEP S.A. DE C.V.;GRIMERAL;2010-01-01;GRIMERAL SOLN 5 MG 30 ML;LORATADINA;2018-04-01;2018-08-01;BAJA, por demanda
ALTA;R06A  ANTIHISTAMINICOS;GRUPO FARMACEUTICO SOMAR;FEXOFENADINA G.I S;2006-10-01;FEXOFENADINA G.I S CPR 180 MG 10;FEXOFENADINA;2015-12-01;2016-04-01;ALTA, por demanda
BAJA;R06A  ANTIHISTAMINICOS;SENOSIAIN;DIMEGAN;2001-07-01;DIMEGAN CAPS 10 MG 10;LORATADINA;2014-12-01;2015-04-01;lanzamiento
BAJA;R06A  ANTIHISTAMINICOS;SENOSIAIN;DIMEGAN;2001-07-01;DIMEGAN CAPS 10 MG 10;LORATADINA;2016-12-01;2017-04-01;lanzamiento
BAJA;R06A  ANTIHISTAMINICOS;SENOSIAIN;DIMEGAN;2001-07-01;DIMEGAN CAPS 10 MG 10;LORATADINA;2017-12-01;2018-04-01;lanzamiento
BAJA;R06A  ANTIHISTAMINICOS;SENOSIAIN;DIMEGAN;2001-07-01;DIMEGAN CAPS 10 MG 10;LORATADINA;2018-04-01;2018-08-01;BAJA, por demanda
BAJA;R06A  ANTIHISTAMINICOS;SENOSIAIN;DIMEGAN;2001-07-01;DIMEGAN CAPS 10 MG 10;LORATADINA;2018-12-01;2019-04-01;lanzamiento
BAJA;R06A  ANTIHISTAMINICOS;BIOMEP S.A. DE C.V.;LORATADINA G.I BIO;2008-08-01;LORATADINA G.I BIO TABL 10 MG 20;LORATADINA;2014-08-01;2014-12-01;lanzamiento
BAJA;R06A  ANTIHISTAMINICOS;BIOMEP S.A. DE C.V.;LORATADINA G.I BIO;2008-08-01;LORATADINA G.I BIO TABL 10 MG 20;LORATADINA;2015-08-01;2015-12-01;lanzamiento
BAJA;R06A  ANTIHISTAMINICOS;BIOMEP S.A. DE C.V.;LORATADINA G.I BIO;2008-08-01;LORATADINA G.I BIO TABL 10 MG 20;LORATADINA;2017-12-01;2018-04-01;lanzamiento
ALTA;R06A  ANTIHISTAMINICOS;MERCK SHARP DOHME;AZOMYR;2002-07-01;AZOMYR JBE 50 MG 60 ML;DESLORATADINA;2014-08-01;2014-12-01;ALTA, por demanda
ALTA;R06A  ANTIHISTAMINICOS;MERCK SHARP DOHME;AZOMYR;2002-07-01;AZOMYR JBE 50 MG 60 ML;DESLORATADINA;2015-08-01;2015-12-01;ALTA, por demanda
BAJA;R06A  ANTIHISTAMINICOS;MERCK SHARP DOHME;AZOMYR;2002-07-01;AZOMYR JBE 50 MG 60 ML;DESLORATADINA;2016-12-01;2017-04-01;lanzamiento
BAJA;R06A  ANTIHISTAMINICOS;MERCK SHARP DOHME;AZOMYR;2002-07-01;AZOMYR JBE 50 MG 60 ML;DESLORATADINA;2018-12-01;2019-04-01;lanzamiento
BAJA;R06A  ANTIHISTAMINICOS;SANOFI CORP;LORATADINA GI KEND;1999-11-01;LORATADINA GI KEND TABL 10 MG 20;LORATADINA;2017-12-01;2018-04-01;lanzamiento
BAJA;R06A  ANTIHISTAMINICOS;SANOFI CORP;LORATADINA GI KEND;1999-11-01;LORATADINA GI KEND TABL 10 MG 20;LORATADINA;2018-04-01;2018-08-01;BAJA, por demanda
BAJA;R06A  ANTIHISTAMINICOS;SANOFI CORP;LORATADINA GI KEND;1999-11-01;LORATADINA GI KEND TABL 10 MG 20;LORATADINA;2018-12-01;2019-04-01;lanzamiento
ALTA;R06A  ANTIHISTAMINICOS;LAB. RAAM DE SAHUAYO S.A.;EMPROXEC;2016-03-01;EMPROXEC TABL 20 MG 10;EPINASTINA;2018-08-01;2018-12-01;ALTA, por demanda
BAJA;R06A  ANTIHISTAMINICOS;PISA;URTISIN;2008-05-01;URTISIN TABL 10 MG 10;LORATADINA;2014-12-01;2015-04-01;lanzamiento
BAJA;R06A  ANTIHISTAMINICOS;PISA;URTISIN;2008-05-01;URTISIN TABL 10 MG 10;LORATADINA;2017-04-01;2017-08-01;lanzamiento
BAJA;R06A  ANTIHISTAMINICOS;PISA;URTISIN;2008-05-01;URTISIN TABL 10 MG 10;LORATADINA;2017-12-01;2018-04-01;lanzamiento
BAJA;R06A  ANTIHISTAMINICOS;PISA;URTISIN;2008-05-01;URTISIN TABL 10 MG 10;LORATADINA;2018-04-01;2018-08-01;BAJA, por demanda
ALTA;R06A  ANTIHISTAMINICOS;LOEFFLER;DOTAGIL;2006-03-01;DOTAGIL JBE 100 MG 60 ML;LORATADINA;2015-08-01;2015-12-01;ALTA, por demanda
BAJA;R06A  ANTIHISTAMINICOS;LOEFFLER;DOTAGIL;2006-03-01;DOTAGIL JBE 100 MG 60 ML;LORATADINA;2016-08-01;2016-12-01;lanzamiento
BAJA;R06A  ANTIHISTAMINICOS;LOEFFLER;DOTAGIL;2006-03-01;DOTAGIL JBE 100 MG 60 ML;LORATADINA;2017-08-01;2017-12-01;lanzamiento
BAJA;R06A  ANTIHISTAMINICOS;SOLARA, S.A. DE C.V.;LORATADINA G.I SOL;2016-06-01;LORATADINA G.I SOL TABL 10 MG 20;LORATADINA;2018-12-01;2019-04-01;lanzamiento
BAJA;R06A  ANTIHISTAMINICOS;GRUPO FARMACEUTICO SOMAR;FEXOFENADINA G.I S;2012-09-01;FEXOFENADINA G.I S CPR 120 MG 30;FEXOFENADINA;2015-04-01;2015-08-01;lanzamiento
ALTA;R06A  ANTIHISTAMINICOS;ARLEX;LORATADINA G.I AR;2013-02-01;LORATADINA G.I AR TABL 10 MG 20;LORATADINA;2014-12-01;2015-04-01;BAJA, por demanda
BAJA;R06A  ANTIHISTAMINICOS;QUIFA PERRIGO;LORATADINA G.I QYF;2010-12-01;LORATADINA G.I QYF JBE 100 MG 60 ML;LORATADINA;2016-04-01;2016-08-01;lanzamiento
BAJA;R06A  ANTIHISTAMINICOS;QUIFA PERRIGO;LORATADINA G.I QYF;2010-12-01;LORATADINA G.I QYF JBE 100 MG 60 ML;LORATADINA;2017-04-01;2017-08-01;lanzamiento
BAJA;R06A  ANTIHISTAMINICOS;UCB PHARMA;XUZAL;2010-04-01;XUZAL SOLN INF 0.5 MG /ML 150 ML;LEVOCETIRIZINA;2016-04-01;2016-08-01;lanzamiento
BAJA;R06A  ANTIHISTAMINICOS;BRULUART;DERIMETON;2005-10-01;DERIMETON JBE 120 ML;CLORFENAMINA;2014-04-01;2014-08-01;lanzamiento
ALTA;R06A  ANTIHISTAMINICOS;BRULUART;DERIMETON;2005-10-01;DERIMETON JBE 120 ML;CLORFENAMINA;2014-08-01;2014-12-01;ALTA, por demanda
BAJA;R06A  ANTIHISTAMINICOS;BRULUART;DERIMETON;2005-10-01;DERIMETON JBE 120 ML;CLORFENAMINA;2016-04-01;2016-08-01;lanzamiento
BAJA;R06A  ANTIHISTAMINICOS;BRULUART;DERIMETON;2005-10-01;DERIMETON JBE 120 ML;CLORFENAMINA;2018-12-01;2019-04-01;lanzamiento
ALTA;R06A  ANTIHISTAMINICOS;LANDSTEINER;FEXOFENADINA G.I L;2010-05-01;FEXOFENADINA G.I L TABL 120 MG 10;FEXOFENADINA;2015-12-01;2016-04-01;ALTA, por demanda
BAJA;R06A  ANTIHISTAMINICOS;LANDSTEINER;FEXOFENADINA G.I L;2010-05-01;FEXOFENADINA G.I L TABL 120 MG 10;FEXOFENADINA;2017-04-01;2017-08-01;lanzamiento
BAJA;R06A  ANTIHISTAMINICOS;LANDSTEINER;FEXOFENADINA G.I L;2010-05-01;FEXOFENADINA G.I L TABL 120 MG 10;FEXOFENADINA;2017-08-01;2017-12-01;lanzamiento
BAJA;R06A  ANTIHISTAMINICOS;GRUPO FARMACEUTICO SOMAR;LORATADINA G.I SER;2006-07-01;LORATADINA G.I SER TABL 10 MG 100;LORATADINA;2014-12-01;2015-04-01;lanzamiento
ALTA;R06A  ANTIHISTAMINICOS;BTK FARMA;LORATADINA G.I BTK;2018-03-01;LORATADINA G.I BTK TABL 10 MG 20;LORATADINA;2018-08-01;2018-12-01;ALTA, por demanda
ALTA;R06A  ANTIHISTAMINICOS;GENOMA LAB INT;CETIRIZINA GI MMN;2009-08-01;CETIRIZINA GI MMN TABL 10 MG 10;CETIRIZINA;2014-12-01;2015-04-01;BAJA, por demanda
BAJA;R06A  ANTIHISTAMINICOS;CHINOIN;ZYXEM;2007-06-01;ZYXEM TABL 5 MG 20;LEVOCETIRIZINA;2014-04-01;2014-08-01;lanzamiento
BAJA;R06A  ANTIHISTAMINICOS;CHINOIN;ZYXEM;2007-06-01;ZYXEM TABL 5 MG 20;LEVOCETIRIZINA;2014-08-01;2014-12-01;lanzamiento
BAJA;R06A  ANTIHISTAMINICOS;CHINOIN;ZYXEM;2007-06-01;ZYXEM TABL 5 MG 20;LEVOCETIRIZINA;2015-08-01;2015-12-01;lanzamiento
BAJA;R06A  ANTIHISTAMINICOS;ALMIRALL, S.A. DE C.V.;EVASTEL Z;2012-03-01;EVASTEL Z OBLEAS 20 MG 30;EBASTINA;2014-12-01;2015-04-01;lanzamiento
ALTA;R06A  ANTIHISTAMINICOS;ALMIRALL, S.A. DE C.V.;EVASTEL Z;2012-03-01;EVASTEL Z OBLEAS 20 MG 30;EBASTINA;2015-08-01;2015-12-01;ALTA, por demanda
ALTA;R06A  ANTIHISTAMINICOS;ALMIRALL, S.A. DE C.V.;EVASTEL Z;2012-03-01;EVASTEL Z OBLEAS 20 MG 30;EBASTINA;2015-12-01;2016-04-01;ALTA, por demanda
ALTA;R06A  ANTIHISTAMINICOS;ALMIRALL, S.A. DE C.V.;EVASTEL Z;2012-03-01;EVASTEL Z OBLEAS 20 MG 30;EBASTINA;2017-08-01;2017-12-01;ALTA, por demanda
ALTA;R06A  ANTIHISTAMINICOS;UNIPHARM;LORATADINA G.I UNI;2013-02-01;LORATADINA G.I UNI TABL 10 MG 20;LORATADINA;2015-08-01;2015-12-01;ALTA, por demanda
BAJA;R06A  ANTIHISTAMINICOS;UNIPHARM;LORATADINA G.I UNI;2013-02-01;LORATADINA G.I UNI TABL 10 MG 20;LORATADINA;2016-08-01;2016-12-01;lanzamiento
ALTA;R06A  ANTIHISTAMINICOS;LAB. RAAM DE SAHUAYO S.A.;DESROTAN;2016-11-01;DESROTAN TABL 180 MG 10;FEXOFENADINA;2016-12-01;2017-04-01;BAJA, por demanda
ALTA;R06A  ANTIHISTAMINICOS;LAB. RAAM DE SAHUAYO S.A.;DESROTAN;2016-11-01;DESROTAN TABL 180 MG 10;FEXOFENADINA;2018-04-01;2018-08-01;BAJA, por demanda
BAJA;R06A  ANTIHISTAMINICOS;BAUSCH HEALTH;MISEDA;2008-07-01;MISEDA GTS PED 10 MG 10 ML;CETIRIZINA;2016-12-01;2017-04-01;lanzamiento
BAJA;R06A  ANTIHISTAMINICOS;BAUSCH HEALTH;MISEDA;2008-07-01;MISEDA GTS PED 10 MG 10 ML;CETIRIZINA;2017-04-01;2017-08-01;lanzamiento
BAJA;R06A  ANTIHISTAMINICOS;BAUSCH HEALTH;MISEDA;2008-07-01;MISEDA GTS PED 10 MG 10 ML;CETIRIZINA;2017-12-01;2018-04-01;lanzamiento
BAJA;R06A  ANTIHISTAMINICOS;BAUSCH HEALTH;MISEDA;2008-07-01;MISEDA GTS PED 10 MG 10 ML;CETIRIZINA;2018-04-01;2018-08-01;BAJA, por demanda
BAJA;R06A  ANTIHISTAMINICOS;BAUSCH HEALTH;MISEDA;2008-07-01;MISEDA GTS PED 10 MG 10 ML;CETIRIZINA;2018-12-01;2019-04-01;lanzamiento
ALTA;R06A  ANTIHISTAMINICOS;PISA;PIRQUET;2016-07-01;PIRQUET CPR 180 MG 10;FEXOFENADINA;2017-08-01;2017-12-01;ALTA, por demanda
ALTA;R06A  ANTIHISTAMINICOS;BIOMEP S.A. DE C.V.;LORATADINA G.I BIO;2010-04-01;LORATADINA G.I BIO SOLN 5 MG /5ML 60 ML;LORATADINA;2015-08-01;2015-12-01;ALTA, por demanda
BAJA;R06A  ANTIHISTAMINICOS;BIOMEP S.A. DE C.V.;LORATADINA G.I BIO;2010-04-01;LORATADINA G.I BIO SOLN 5 MG /5ML 60 ML;LORATADINA;2018-04-01;2018-08-01;BAJA, por demanda
BAJA;R06A  ANTIHISTAMINICOS;BIOMEP S.A. DE C.V.;LORATADINA G.I BIO;2010-04-01;LORATADINA G.I BIO SOLN 5 MG /5ML 60 ML;LORATADINA;2018-12-01;2019-04-01;lanzamiento
BAJA;R06A  ANTIHISTAMINICOS;NOVARTIS CORP.;DESLIBAL;2012-10-01;DESLIBAL TABL 5 MG 10;DESLORATADINA;2014-04-01;2014-08-01;lanzamiento
BAJA;R06A  ANTIHISTAMINICOS;NOVARTIS CORP.;DESLIBAL;2012-10-01;DESLIBAL TABL 5 MG 10;DESLORATADINA;2015-04-01;2015-08-01;lanzamiento
BAJA;R06A  ANTIHISTAMINICOS;NOVARTIS CORP.;DESLIBAL;2012-10-01;DESLIBAL TABL 5 MG 10;DESLORATADINA;2016-04-01;2016-08-01;lanzamiento
BAJA;R06A  ANTIHISTAMINICOS;NOVARTIS CORP.;DESLIBAL;2012-10-01;DESLIBAL TABL 5 MG 10;DESLORATADINA;2016-08-01;2016-12-01;lanzamiento
ALTA;R06A  ANTIHISTAMINICOS;FARMACOS CONTINENTALES;DRAFEN;2007-05-01;DRAFEN JBE 120 ML;DIFENHIDRAMINA;2014-04-01;2014-08-01;BAJA, por demanda
BAJA;R06A  ANTIHISTAMINICOS;ULTRA LABORATORIOS;LORATADINA G.I ULT;2008-02-01;LORATADINA G.I ULT TABL 10 MG 20;LORATADINA;2014-12-01;2015-04-01;lanzamiento
BAJA;R06A  ANTIHISTAMINICOS;ULTRA LABORATORIOS;LORATADINA G.I ULT;2008-02-01;LORATADINA G.I ULT TABL 10 MG 20;LORATADINA;2016-12-01;2017-04-01;lanzamiento
ALTA;R06A  ANTIHISTAMINICOS;ULTRA LABORATORIOS;LORATADINA G.I ULT;2008-02-01;LORATADINA G.I ULT TABL 10 MG 20;LORATADINA;2017-08-01;2017-12-01;ALTA, por demanda
BAJA;R06A  ANTIHISTAMINICOS;ULTRA LABORATORIOS;LORATADINA G.I ULT;2008-02-01;LORATADINA G.I ULT TABL 10 MG 20;LORATADINA;2017-12-01;2018-04-01;lanzamiento
ALTA;R06A  ANTIHISTAMINICOS;GRUPO FARMACEUTICO SOMAR;ALDIFEX;2006-07-01;ALDIFEX CPR RECUB 180 MG 10;FEXOFENADINA;2015-08-01;2015-12-01;ALTA, por demanda
ALTA;R06A  ANTIHISTAMINICOS;GRUPO FARMACEUTICO SOMAR;ALDIFEX;2006-07-01;ALDIFEX CPR RECUB 180 MG 10;FEXOFENADINA;2015-12-01;2016-04-01;ALTA, por demanda
ALTA;R06A  ANTIHISTAMINICOS;GRUPO FARMACEUTICO SOMAR;ALDIFEX;2006-07-01;ALDIFEX CPR RECUB 180 MG 10;FEXOFENADINA;2018-08-01;2018-12-01;ALTA, por demanda
ALTA;R06A  ANTIHISTAMINICOS;CHINOIN;ZYXEM;2016-11-01;ZYXEM SOLN GTS 5 MG 20 ML;LEVOCETIRIZINA;2016-12-01;2017-04-01;BAJA, por demanda
ALTA;R06A  ANTIHISTAMINICOS;CHINOIN;ZYXEM;2016-11-01;ZYXEM SOLN GTS 5 MG 20 ML;LEVOCETIRIZINA;2017-08-01;2017-12-01;ALTA, por demanda
BAJA;R06A  ANTIHISTAMINICOS;CHINOIN;ZYXEM;2016-11-01;ZYXEM SOLN GTS 5 MG 20 ML;LEVOCETIRIZINA;2018-04-01;2018-08-01;BAJA, por demanda
BAJA;R06A  ANTIHISTAMINICOS;CHINOIN;ZYXEM;2016-11-01;ZYXEM SOLN GTS 5 MG 20 ML;LEVOCETIRIZINA;2018-12-01;2019-04-01;lanzamiento
ALTA;R06A  ANTIHISTAMINICOS;BAYER CORP.;CLARITYNE;2013-05-01;CLARITYNE TABL 24H 10 MG 10;LORATADINA;2015-08-01;2015-12-01;ALTA, por demanda
BAJA;R06A  ANTIHISTAMINICOS;I.Q.F.A.;LOTINEX;2006-04-01;LOTINEX TABL 10 MG 20;LORATADINA;2015-12-01;2016-04-01;lanzamiento
BAJA;R06A  ANTIHISTAMINICOS;I.Q.F.A.;LOTINEX;2006-04-01;LOTINEX TABL 10 MG 20;LORATADINA;2017-04-01;2017-08-01;lanzamiento
BAJA;R06A  ANTIHISTAMINICOS;LAB. RAAM DE SAHUAYO S.A.;RAAMCINET;2010-12-01;RAAMCINET TABL 10 MG 10;CETIRIZINA;2015-04-01;2015-08-01;lanzamiento
BAJA;R06A  ANTIHISTAMINICOS;LAB. RAAM DE SAHUAYO S.A.;RAAMCINET;2010-12-01;RAAMCINET TABL 10 MG 10;CETIRIZINA;2017-08-01;2017-12-01;lanzamiento
ALTA;R06A  ANTIHISTAMINICOS;MENARINI PHARMA;LABIXTEN;2015-11-01;LABIXTEN TABL 20 MG 20;BILASTINA;2016-04-01;2016-08-01;BAJA, por demanda
ALTA;R06A  ANTIHISTAMINICOS;MENARINI PHARMA;LABIXTEN;2015-11-01;LABIXTEN TABL 20 MG 20;BILASTINA;2016-08-01;2016-12-01;BAJA, por demanda
ALTA;R06A  ANTIHISTAMINICOS;MENARINI PHARMA;LABIXTEN;2015-11-01;LABIXTEN TABL 20 MG 20;BILASTINA;2018-04-01;2018-08-01;BAJA, por demanda
BAJA;R06A  ANTIHISTAMINICOS;VICTORY ENTERPRISE;CILORA;2004-09-01;CILORA TABL 10 MG 100;LORATADINA;2014-04-01;2014-08-01;lanzamiento
ALTA;R06A  ANTIHISTAMINICOS;VICTORY ENTERPRISE;CILORA;2004-09-01;CILORA TABL 10 MG 100;LORATADINA;2015-12-01;2016-04-01;ALTA, por demanda
ALTA;R06A  ANTIHISTAMINICOS;SANFER CORP.;ANDANTOL;2009-05-01;ANDANTOL GRAG. 4 MG 20;ISOTIPENDILO;2018-04-01;2018-08-01;BAJA, por demanda
ALTA;R06A  ANTIHISTAMINICOS;RANBAXY, S.A.;RANFAST;2010-02-01;RANFAST TABL 120 MG 10;FEXOFENADINA;2014-04-01;2014-08-01;BAJA, por demanda
BAJA;R06A  ANTIHISTAMINICOS;BAUSCH HEALTH;MISEDA;2009-01-01;MISEDA TABL 10 MG 10;CETIRIZINA;2017-08-01;2017-12-01;lanzamiento
BAJA;R06A  ANTIHISTAMINICOS;LIOMONT, CORPORATION;SENSIBIT;2016-10-01;SENSIBIT TAB ORODISPE 5 MG 10;LORATADINA;2018-04-01;2018-08-01;BAJA, por demanda
ALTA;R06A  ANTIHISTAMINICOS;QUIMPHARMA, S.A. DE C.V.;HISTAPHARM;2017-04-01;HISTAPHARM JBE 50 MG 60 ML;DESLORATADINA;2018-12-01;2019-04-01;BAJA, por demanda
ALTA;R06A  ANTIHISTAMINICOS;CARBEL;LORATADINA G.I CAR;2010-04-01;LORATADINA G.I CAR TABL 10 MG 20;LORATADINA;2016-12-01;2017-04-01;BAJA, por demanda
ALTA;R06A  ANTIHISTAMINICOS;BAUSCH HEALTH;CETIRIZINA G.I ATL;2011-06-01;CETIRIZINA G.I ATL SOLN 50 ML;CETIRIZINA;2018-04-01;2018-08-01;BAJA, por demanda
BAJA;R06A  ANTIHISTAMINICOS;BAUSCH HEALTH;CETIRIZINA G.I ATL;2011-06-01;CETIRIZINA G.I ATL SOLN 50 ML;CETIRIZINA;2018-08-01;2018-12-01;lanzamiento
ALTA;R06A  ANTIHISTAMINICOS;ULTRA LABORATORIOS;HL-YSTA;2007-02-01;HL-YSTA SOLN 100 MG 60 ML;LORATADINA;2016-08-01;2016-12-01;BAJA, por demanda
BAJA;R06A  ANTIHISTAMINICOS;ULTRA LABORATORIOS;HL-YSTA;2007-02-01;HL-YSTA SOLN 100 MG 60 ML;LORATADINA;2016-12-01;2017-04-01;lanzamiento
BAJA;R06A  ANTIHISTAMINICOS;ULTRA LABORATORIOS;HL-YSTA;2007-02-01;HL-YSTA SOLN 100 MG 60 ML;LORATADINA;2018-04-01;2018-08-01;BAJA, por demanda
ALTA;R06A  ANTIHISTAMINICOS;SENOSIAIN;ASTESEN;1988-05-01;ASTESEN SUSP 2 MG /1ML 30 ML;ASTEMIZOL;2014-08-01;2014-12-01;ALTA, por demanda
BAJA;R06A  ANTIHISTAMINICOS;SENOSIAIN;ASTESEN;1988-05-01;ASTESEN SUSP 2 MG /1ML 30 ML;ASTEMIZOL;2016-04-01;2016-08-01;lanzamiento
BAJA;R06A  ANTIHISTAMINICOS;GRUPO FARMACEUTICO SOMAR;LEVOCETIRIZIN GI S;2017-11-01;LEVOCETIRIZIN GI S TABL 5 MG 30;LEVOCETIRIZINA;2017-12-01;2018-04-01;lanzamiento
ALTA;R06A  ANTIHISTAMINICOS;GRUPO FARMACEUTICO SOMAR;LEVOCETIRIZIN GI S;2017-11-01;LEVOCETIRIZIN GI S TABL 5 MG 30;LEVOCETIRIZINA;2018-08-01;2018-12-01;ALTA, por demanda
ALTA;R06A  ANTIHISTAMINICOS;MAVER;LORATADINA G.I MAV;2009-10-01;LORATADINA G.I MAV TABL 10 MG 10;LORATADINA;2015-12-01;2016-04-01;ALTA, por demanda
BAJA;R06A  ANTIHISTAMINICOS;MAVER;LORATADINA G.I MAV;2009-10-01;LORATADINA G.I MAV TABL 10 MG 10;LORATADINA;2016-12-01;2017-04-01;lanzamiento
BAJA;R06A  ANTIHISTAMINICOS;MAVER;LORATADINA G.I MAV;2009-10-01;LORATADINA G.I MAV TABL 10 MG 10;LORATADINA;2017-12-01;2018-04-01;lanzamiento
BAJA;R06A  ANTIHISTAMINICOS;MAVER;LORATADINA G.I MAV;2009-10-01;LORATADINA G.I MAV TABL 10 MG 10;LORATADINA;2018-12-01;2019-04-01;lanzamiento
BAJA;R06A  ANTIHISTAMINICOS;LOEFFLER;LORATADINA G.I LOE;2008-02-01;LORATADINA G.I LOE SUSP 5 MG 60 ML;LORATADINA;2016-08-01;2016-12-01;lanzamiento
ALTA;R06A  ANTIHISTAMINICOS;SBL PHARMACEUTICAL;TRADAXIN;2007-05-01;TRADAXIN TABL 10 MG 100;CETIRIZINA;2014-08-01;2014-12-01;ALTA, por demanda
BAJA;R06A  ANTIHISTAMINICOS;SBL PHARMACEUTICAL;TRADAXIN;2007-05-01;TRADAXIN TABL 10 MG 100;CETIRIZINA;2015-04-01;2015-08-01;lanzamiento
ALTA;R06A  ANTIHISTAMINICOS;PISA;FEXOFENADINA GI PI;2019-02-01;FEXOFENADINA GI PI CPR 180 MG 10;FEXOFENADINA;2018-12-01;2019-04-01;BAJA, por demanda
BAJA;R06A  ANTIHISTAMINICOS;COLLINS;LORATADINA G.I COL;2014-03-01;LORATADINA G.I COL TABL 10 MG 20;LORATADINA;2014-08-01;2014-12-01;lanzamiento
BAJA;R06A  ANTIHISTAMINICOS;LIOMONT, CORPORATION;SENSIBIT;2011-12-01;SENSIBIT TAB ORODISPE 10 MG 10;LORATADINA;2014-12-01;2015-04-01;lanzamiento
BAJA;R06A  ANTIHISTAMINICOS;LIOMONT, CORPORATION;SENSIBIT;2011-12-01;SENSIBIT TAB ORODISPE 10 MG 10;LORATADINA;2017-12-01;2018-04-01;lanzamiento
BAJA;R06A  ANTIHISTAMINICOS;LIOMONT, CORPORATION;SENSIBIT;2011-12-01;SENSIBIT TAB ORODISPE 10 MG 10;LORATADINA;2018-12-01;2019-04-01;lanzamiento
BAJA;R06A  ANTIHISTAMINICOS;NOVARTIS CORP.;DESLIBAL;2011-06-01;DESLIBAL TABL 5 MG 30;DESLORATADINA;2014-12-01;2015-04-01;lanzamiento
BAJA;R06A  ANTIHISTAMINICOS;NOVARTIS CORP.;DESLIBAL;2011-06-01;DESLIBAL TABL 5 MG 30;DESLORATADINA;2015-04-01;2015-08-01;lanzamiento
BAJA;R06A  ANTIHISTAMINICOS;GRUPO FARMACEUTICO SOMAR;LEVOCETIRIZIN GI S;2017-11-01;LEVOCETIRIZIN GI S TABL 5 MG 10;LEVOCETIRIZINA;2018-04-01;2018-08-01;BAJA, por demanda
BAJA;R06A  ANTIHISTAMINICOS;UCB PHARMA;XUZAL;2010-04-01;XUZAL GTS 5 MG /ML 10 ML;LEVOCETIRIZINA;2015-04-01;2015-08-01;lanzamiento
ALTA;R06A  ANTIHISTAMINICOS;CARBEL;LORATADINA G.I CAR;2013-07-01;LORATADINA G.I CAR TABL 10 MG 10;LORATADINA;2016-08-01;2016-12-01;BAJA, por demanda
BAJA;R06A  ANTIHISTAMINICOS;SOLARA, S.A. DE C.V.;LORATADINA G.I ASP;2004-08-01;LORATADINA G.I ASP TABL 10 MG 20;LORATADINA;2017-12-01;2018-04-01;lanzamiento
BAJA;R06A  ANTIHISTAMINICOS;SOLARA, S.A. DE C.V.;LORATADINA G.I ASP;2004-08-01;LORATADINA G.I ASP TABL 10 MG 20;LORATADINA;2018-12-01;2019-04-01;lanzamiento
ALTA;R06A  ANTIHISTAMINICOS;ULTRA LABORATORIOS;HL-YSTA;2007-05-01;HL-YSTA TABL 10 MG 10;LORATADINA;2017-04-01;2017-08-01;BAJA, por demanda
BAJA;R06A  ANTIHISTAMINICOS;SENOSIAIN;DIMEGAN;2002-01-01;DIMEGAN JBE C/VASO D 60 ML;LORATADINA;2015-04-01;2015-08-01;lanzamiento
BAJA;R06A  ANTIHISTAMINICOS;SENOSIAIN;DIMEGAN;2002-01-01;DIMEGAN JBE C/VASO D 60 ML;LORATADINA;2016-04-01;2016-08-01;lanzamiento
ALTA;R06A  ANTIHISTAMINICOS;FARMACOS CONTINENTALES;ANTADEX-H;2007-04-01;ANTADEX-H JBE 120 ML;CLORFENAMINA;2014-04-01;2014-08-01;BAJA, por demanda
BAJA;R06A  ANTIHISTAMINICOS;FARMACOS CONTINENTALES;ANTADEX-H;2007-04-01;ANTADEX-H JBE 120 ML;CLORFENAMINA;2014-08-01;2014-12-01;lanzamiento
ALTA;R06A  ANTIHISTAMINICOS;BIOMEP S.A. DE C.V.;RETIRIX;2014-11-01;RETIRIX SOLN 100 MG 50 ML;CETIRIZINA;2015-12-01;2016-04-01;ALTA, por demanda
BAJA;R06A  ANTIHISTAMINICOS;BIOMEP S.A. DE C.V.;RETIRIX;2014-11-01;RETIRIX SOLN 100 MG 50 ML;CETIRIZINA;2016-12-01;2017-04-01;lanzamiento
BAJA;R06A  ANTIHISTAMINICOS;BIOMEP S.A. DE C.V.;RETIRIX;2014-11-01;RETIRIX SOLN 100 MG 50 ML;CETIRIZINA;2018-12-01;2019-04-01;lanzamiento
BAJA;R06A  ANTIHISTAMINICOS;TAKEDA;PINAVALT;2008-12-01;PINAVALT TABL 20 MG 10;EBASTINA;2015-12-01;2016-04-01;lanzamiento
BAJA;R06A  ANTIHISTAMINICOS;MERCK SHARP DOHME;DESLORATADIN GI MS;2013-11-01;DESLORATADIN GI MS JARABE 120 ML;DESLORATADINA;2015-04-01;2015-08-01;lanzamiento
ALTA;R06A  ANTIHISTAMINICOS;PFIZER CORPORATION;BLAXITEC;2012-12-01;BLAXITEC CPR 20 MG 10;BILASTINA;2015-12-01;2016-04-01;ALTA, por demanda
BAJA;R06A  ANTIHISTAMINICOS;PFIZER CORPORATION;BLAXITEC;2012-12-01;BLAXITEC CPR 20 MG 10;BILASTINA;2016-12-01;2017-04-01;lanzamiento
BAJA;R06A  ANTIHISTAMINICOS;PFIZER CORPORATION;BLAXITEC;2012-12-01;BLAXITEC CPR 20 MG 10;BILASTINA;2018-04-01;2018-08-01;BAJA, por demanda
ALTA;R06A  ANTIHISTAMINICOS;PFIZER CORPORATION;BLAXITEC;2012-12-01;BLAXITEC CPR 20 MG 10;BILASTINA;2018-08-01;2018-12-01;ALTA, por demanda
BAJA;R06A  ANTIHISTAMINICOS;BAUSCH HEALTH;MISEDA;2009-06-01;MISEDA SOL 5 MG /5ML 50 ML;CETIRIZINA;2016-04-01;2016-08-01;lanzamiento
BAJA;R06A  ANTIHISTAMINICOS;LIOMONT, CORPORATION;SENSIDEX;2017-09-01;SENSIDEX SOLN 0.5 MG /ML 120 ML;DESLORATADINA;2018-04-01;2018-08-01;BAJA, por demanda
ALTA;R06A  ANTIHISTAMINICOS;LIOMONT, CORPORATION;SENSIDEX;2017-09-01;SENSIDEX SOLN 0.5 MG /ML 120 ML;DESLORATADINA;2018-12-01;2019-04-01;BAJA, por demanda
ALTA;R06A  ANTIHISTAMINICOS;GRUPO FARMACEUTICO SOMAR;VISERTRAL;2004-09-01;VISERTRAL TABL 10 MG 10;CETIRIZINA;2015-08-01;2015-12-01;ALTA, por demanda
ALTA;R06A  ANTIHISTAMINICOS;GRUPO FARMACEUTICO SOMAR;VISERTRAL;2004-09-01;VISERTRAL TABL 10 MG 10;CETIRIZINA;2017-08-01;2017-12-01;ALTA, por demanda
BAJA;R06A  ANTIHISTAMINICOS;GRUPO FARMACEUTICO SOMAR;VISERTRAL;2004-09-01;VISERTRAL TABL 10 MG 10;CETIRIZINA;2018-08-01;2018-12-01;lanzamiento
ALTA;R06A  ANTIHISTAMINICOS;BIOMEP S.A. DE C.V.;FEXOFENADIN GI BIO;2016-09-01;FEXOFENADIN GI BIO TABL 180 MG 40;FEXOFENADINA;2017-04-01;2017-08-01;BAJA, por demanda
BAJA;R06A  ANTIHISTAMINICOS;MERCK SHARP DOHME;AVIANT;2007-03-01;AVIANT SOLN 50 MG 60 ML;DESLORATADINA;2017-04-01;2017-08-01;lanzamiento
BAJA;R06A  ANTIHISTAMINICOS;MERCK SHARP DOHME;AVIANT;2007-03-01;AVIANT SOLN 50 MG 60 ML;DESLORATADINA;2018-04-01;2018-08-01;BAJA, por demanda
BAJA;R06A  ANTIHISTAMINICOS;MERCK SHARP DOHME;AVIANT;2007-03-01;AVIANT SOLN 50 MG 60 ML;DESLORATADINA;2018-12-01;2019-04-01;lanzamiento
ALTA;R06A  ANTIHISTAMINICOS;PIERRE FABRE;PRIMALAN;2004-04-01;PRIMALAN JBE 60 ML;MEQUITAZINA;2014-12-01;2015-04-01;BAJA, por demanda
ALTA;R06A  ANTIHISTAMINICOS;PIERRE FABRE;PRIMALAN;2004-04-01;PRIMALAN JBE 60 ML;MEQUITAZINA;2018-08-01;2018-12-01;ALTA, por demanda
BAJA;R06A  ANTIHISTAMINICOS;BIOMEP S.A. DE C.V.;CLORFENAMINA G.I B;2010-09-01;CLORFENAMINA G.I B JBE 120 ML;CLORFENAMINA;2015-04-01;2015-08-01;lanzamiento
BAJA;R06A  ANTIHISTAMINICOS;BIOMEP S.A. DE C.V.;CLORFENAMINA G.I B;2010-09-01;CLORFENAMINA G.I B JBE 120 ML;CLORFENAMINA;2017-12-01;2018-04-01;lanzamiento
BAJA;R06A  ANTIHISTAMINICOS;MAVER;BENNET;2017-01-01;BENNET TABL 5 MG 10;DESLORATADINA;2018-04-01;2018-08-01;BAJA, por demanda
ALTA;R06A  ANTIHISTAMINICOS;SBL PHARMACEUTICAL;LORATADINA G.I SBL;2013-12-01;LORATADINA G.I SBL TABL 10 MG 20;LORATADINA;2016-12-01;2017-04-01;BAJA, por demanda
BAJA;R06A  ANTIHISTAMINICOS;GRUPO FARMACEUTICO SOMAR;VISERTRAL;2006-10-01;VISERTRAL TABL 10 MG 30;CETIRIZINA;2015-12-01;2016-04-01;lanzamiento
BAJA;R06A  ANTIHISTAMINICOS;VICTORY ENTERPRISE;CILORA;2005-12-01;CILORA TABL 10 MG 10;LORATADINA;2014-04-01;2014-08-01;lanzamiento
ALTA;R06A  ANTIHISTAMINICOS;VICTORY ENTERPRISE;CILORA;2005-12-01;CILORA TABL 10 MG 10;LORATADINA;2015-08-01;2015-12-01;ALTA, por demanda
ALTA;R06A  ANTIHISTAMINICOS;VICTORY ENTERPRISE;CILORA;2005-12-01;CILORA TABL 10 MG 10;LORATADINA;2015-12-01;2016-04-01;ALTA, por demanda
ALTA;R06A  ANTIHISTAMINICOS;VICTORY ENTERPRISE;CILORA;2005-12-01;CILORA TABL 10 MG 10;LORATADINA;2016-12-01;2017-04-01;BAJA, por demanda
BAJA;R06A  ANTIHISTAMINICOS;VICTORY ENTERPRISE;CILORA;2005-12-01;CILORA TABL 10 MG 10;LORATADINA;2018-04-01;2018-08-01;BAJA, por demanda
ALTA;R06A  ANTIHISTAMINICOS;ALMIRALL, S.A. DE C.V.;EVASTEL;1997-10-01;EVASTEL TABL 10 MG 10;EBASTINA;2014-12-01;2015-04-01;BAJA, por demanda
BAJA;R06A  ANTIHISTAMINICOS;ALMIRALL, S.A. DE C.V.;EVASTEL;1997-10-01;EVASTEL TABL 10 MG 10;EBASTINA;2018-12-01;2019-04-01;lanzamiento
BAJA;R06A  ANTIHISTAMINICOS;DEGORTS;CLORFENAMIN G.I DE;2009-10-01;CLORFENAMIN G.I DE SOLN 0.5 MG 60 ML;CLORFENAMINA;2015-04-01;2015-08-01;lanzamiento
BAJA;R06A  ANTIHISTAMINICOS;DEGORTS;CLORFENAMIN G.I DE;2009-10-01;CLORFENAMIN G.I DE SOLN 0.5 MG 60 ML;CLORFENAMINA;2016-04-01;2016-08-01;lanzamiento
BAJA;R06A  ANTIHISTAMINICOS;DEGORTS;CLORFENAMIN G.I DE;2009-10-01;CLORFENAMIN G.I DE SOLN 0.5 MG 60 ML;CLORFENAMINA;2017-12-01;2018-04-01;lanzamiento
BAJA;R06A  ANTIHISTAMINICOS;DEGORTS;CLORFENAMIN G.I DE;2009-10-01;CLORFENAMIN G.I DE SOLN 0.5 MG 60 ML;CLORFENAMINA;2018-04-01;2018-08-01;BAJA, por demanda
BAJA;R06A  ANTIHISTAMINICOS;DEGORTS;CLORFENAMIN G.I DE;2009-10-01;CLORFENAMIN G.I DE SOLN 0.5 MG 60 ML;CLORFENAMINA;2018-12-01;2019-04-01;lanzamiento
BAJA;R06A  ANTIHISTAMINICOS;MERCK SHARP DOHME;AZOMYR;2002-07-01;AZOMYR JBE 50 MG 120 ML;DESLORATADINA;2016-04-01;2016-08-01;lanzamiento
BAJA;R06A  ANTIHISTAMINICOS;MERCK SHARP DOHME;AZOMYR;2002-07-01;AZOMYR JBE 50 MG 120 ML;DESLORATADINA;2017-04-01;2017-08-01;lanzamiento
BAJA;R06A  ANTIHISTAMINICOS;MERCK SHARP DOHME;AZOMYR;2002-07-01;AZOMYR JBE 50 MG 120 ML;DESLORATADINA;2018-04-01;2018-08-01;BAJA, por demanda
ALTA;R06A  ANTIHISTAMINICOS;MERCK SHARP DOHME;AZOMYR;2002-07-01;AZOMYR JBE 50 MG 120 ML;DESLORATADINA;2018-08-01;2018-12-01;ALTA, por demanda
BAJA;R06A  ANTIHISTAMINICOS;COLLINS;LORATADINA G.I COL;2009-10-01;LORATADINA G.I COL JBE 60 ML;LORATADINA;2016-04-01;2016-08-01;lanzamiento
BAJA;R06A  ANTIHISTAMINICOS;SIEGFRIED-MED;LIBERDUX;2016-08-01;LIBERDUX JBE 120 ML;DESLORATADINA;2018-04-01;2018-08-01;BAJA, por demanda
BAJA;R06A  ANTIHISTAMINICOS;SIEGFRIED-MED;LIBERDUX;2016-08-01;LIBERDUX JBE 120 ML;DESLORATADINA;2018-12-01;2019-04-01;lanzamiento
BAJA;R06A  ANTIHISTAMINICOS;SENOSIAIN;DIMEGAN;2002-01-01;DIMEGAN SOLN PED C/P 30 ML;LORATADINA;2015-04-01;2015-08-01;lanzamiento
ALTA;R06A  ANTIHISTAMINICOS;DEGORTS;ALBATRINA;2006-02-01;ALBATRINA TABL 10 MG 10;LORATADINA;2014-08-01;2014-12-01;ALTA, por demanda
BAJA;R06A  ANTIHISTAMINICOS;DEGORTS;ALBATRINA;2006-02-01;ALBATRINA TABL 10 MG 10;LORATADINA;2015-12-01;2016-04-01;lanzamiento
BAJA;R06A  ANTIHISTAMINICOS;DEGORTS;ALBATRINA;2006-02-01;ALBATRINA TABL 10 MG 10;LORATADINA;2016-04-01;2016-08-01;lanzamiento
BAJA;R06A  ANTIHISTAMINICOS;DEGORTS;ALBATRINA;2006-02-01;ALBATRINA TABL 10 MG 10;LORATADINA;2016-08-01;2016-12-01;lanzamiento
BAJA;R06A  ANTIHISTAMINICOS;DEGORTS;ALBATRINA;2006-02-01;ALBATRINA TABL 10 MG 10;LORATADINA;2017-12-01;2018-04-01;lanzamiento
ALTA;R06A  ANTIHISTAMINICOS;SANFER CORP.;LORATADINA G.I HOR;2011-03-01;LORATADINA G.I HOR TABL 10 MG 10;LORATADINA;2014-08-01;2014-12-01;ALTA, por demanda
ALTA;R06A  ANTIHISTAMINICOS;SANFER CORP.;LORATADINA G.I HOR;2011-03-01;LORATADINA G.I HOR TABL 10 MG 10;LORATADINA;2015-08-01;2015-12-01;ALTA, por demanda
BAJA;R06A  ANTIHISTAMINICOS;CARBEL;LOWADINA;2011-03-01;LOWADINA TABL 10 MG 10;LORATADINA;2014-12-01;2015-04-01;lanzamiento
ALTA;R06A  ANTIHISTAMINICOS;SBL PHARMACEUTICAL;TRADAXIN;2007-09-01;TRADAXIN TABL 10 MG 10;CETIRIZINA;2014-12-01;2015-04-01;BAJA, por demanda
ALTA;R06A  ANTIHISTAMINICOS;BAYER CORP.;CLORO TRIMETON PLO;1900-12-01;CLORO TRIMETON PLO TABL 4 MG 20;CLORFENAMINA;2015-12-01;2016-04-01;ALTA, por demanda
BAJA;R06A  ANTIHISTAMINICOS;BAYER CORP.;CLORO TRIMETON PLO;1900-12-01;CLORO TRIMETON PLO TABL 4 MG 20;CLORFENAMINA;2018-12-01;2019-04-01;lanzamiento
ALTA;R06A  ANTIHISTAMINICOS;QUIFA PERRIGO;CLORFENAMIN G.I QY;2009-06-01;CLORFENAMIN G.I QY TABL 20;CLORFENAMINA;2015-04-01;2015-08-01;BAJA, por demanda
BAJA;R06A  ANTIHISTAMINICOS;QUIFA PERRIGO;CLORFENAMIN G.I QY;2009-06-01;CLORFENAMIN G.I QY TABL 20;CLORFENAMINA;2016-12-01;2017-04-01;lanzamiento
BAJA;R06A  ANTIHISTAMINICOS;ANTIBIOTICOS DE MEXICO SA CV;FEXOFENADINA GI AN;2017-12-01;FEXOFENADINA GI AN CPR 120 MG 10;FEXOFENADINA;2018-08-01;2018-12-01;lanzamiento
BAJA;R06A  ANTIHISTAMINICOS;BAYER CORP.;CLORO TRIMETON PLO;1900-12-01;CLORO TRIMETON PLO JBE 2.50 MG /5ML 120 ML;CLORFENAMINA;2014-12-01;2015-04-01;lanzamiento
BAJA;R06A  ANTIHISTAMINICOS;BAYER CORP.;CLORO TRIMETON PLO;1900-12-01;CLORO TRIMETON PLO JBE 2.50 MG /5ML 120 ML;CLORFENAMINA;2017-08-01;2017-12-01;lanzamiento
ALTA;R06A  ANTIHISTAMINICOS;BAYER CORP.;CLORO TRIMETON PLO;1900-12-01;CLORO TRIMETON PLO JBE 2.50 MG /5ML 120 ML;CLORFENAMINA;2017-12-01;2018-04-01;BAJA, por demanda
BAJA;R06A  ANTIHISTAMINICOS;BAYER CORP.;CLORO TRIMETON PLO;1900-12-01;CLORO TRIMETON PLO JBE 2.50 MG /5ML 120 ML;CLORFENAMINA;2018-12-01;2019-04-01;lanzamiento
ALTA;R06A  ANTIHISTAMINICOS;SIEGFRIED-MED;LEVIGRIX;2018-10-01;LEVIGRIX TABL 5 MG 30;LEVOCETIRIZINA;2018-08-01;2018-12-01;ALTA, por demanda
ALTA;R06A  ANTIHISTAMINICOS;SIEGFRIED-MED;LIBERDUX;2015-04-01;LIBERDUX CPR 5 MG 14;DESLORATADINA;2015-12-01;2016-04-01;ALTA, por demanda
BAJA;R06A  ANTIHISTAMINICOS;SIEGFRIED-MED;LIBERDUX;2015-04-01;LIBERDUX CPR 5 MG 14;DESLORATADINA;2018-04-01;2018-08-01;BAJA, por demanda
BAJA;R06A  ANTIHISTAMINICOS;DEGORTS;LORATADINA G.I DEG;2008-09-01;LORATADINA G.I DEG JBE INF/AD 100 MG 60 ML;LORATADINA;2016-12-01;2017-04-01;lanzamiento
BAJA;R06A  ANTIHISTAMINICOS;DEGORTS;LORATADINA G.I DEG;2008-09-01;LORATADINA G.I DEG JBE INF/AD 100 MG 60 ML;LORATADINA;2017-04-01;2017-08-01;lanzamiento
BAJA;R06A  ANTIHISTAMINICOS;DEGORTS;LORATADINA G.I DEG;2008-09-01;LORATADINA G.I DEG JBE INF/AD 100 MG 60 ML;LORATADINA;2018-04-01;2018-08-01;BAJA, por demanda
BAJA;R06A  ANTIHISTAMINICOS;LOEFFLER;LORATADINA G.I LOE;2014-02-01;LORATADINA G.I LOE TABL 10 MG 10;LORATADINA;2015-08-01;2015-12-01;lanzamiento
BAJA;R06A  ANTIHISTAMINICOS;LOEFFLER;LORATADINA G.I LOE;2014-02-01;LORATADINA G.I LOE TABL 10 MG 10;LORATADINA;2016-08-01;2016-12-01;lanzamiento
BAJA;R06A  ANTIHISTAMINICOS;CORPORATIVO RAYERE;APERTUM-OX;2010-08-01;APERTUM-OX TABL 120 MG 10;FEXOFENADINA;2016-04-01;2016-08-01;lanzamiento
BAJA;R06A  ANTIHISTAMINICOS;CORPORATIVO RAYERE;APERTUM-OX;2010-08-01;APERTUM-OX TABL 120 MG 10;FEXOFENADINA;2017-12-01;2018-04-01;lanzamiento
ALTA;R06A  ANTIHISTAMINICOS;SANOFI CORP;LORATADINA GI KEND;2000-02-01;LORATADINA GI KEND TABL 10 MG 10;LORATADINA;2014-08-01;2014-12-01;ALTA, por demanda
BAJA;R06A  ANTIHISTAMINICOS;SANOFI CORP;LORATADINA GI KEND;2000-02-01;LORATADINA GI KEND TABL 10 MG 10;LORATADINA;2014-12-01;2015-04-01;lanzamiento
ALTA;R06A  ANTIHISTAMINICOS;SANOFI CORP;LORATADINA GI KEND;2000-02-01;LORATADINA GI KEND TABL 10 MG 10;LORATADINA;2015-08-01;2015-12-01;ALTA, por demanda
ALTA;R06A  ANTIHISTAMINICOS;VALDECASAS;CLORFENAMINA G.I V;2007-07-01;CLORFENAMINA G.I V TABL 4 MG 20;CLORFENAMINA;2014-12-01;2015-04-01;BAJA, por demanda
BAJA;R06A  ANTIHISTAMINICOS;ULTRA LABORATORIOS;LORATADINA G.I ULT;2007-06-01;LORATADINA G.I ULT JBE 60 ML;LORATADINA;2017-04-01;2017-08-01;lanzamiento
BAJA;R06A  ANTIHISTAMINICOS;ULTRA LABORATORIOS;LORATADINA G.I UGP;2012-01-01;LORATADINA G.I UGP TABL 10 MG 20;LORATADINA;2017-04-01;2017-08-01;lanzamiento
ALTA;R06A  ANTIHISTAMINICOS;PROTEIN-APOTEX;CETIRIZINA G.I PR;2005-11-01;CETIRIZINA G.I PR TABL 10 MG 10;CETIRIZINA;2018-08-01;2018-12-01;ALTA, por demanda
ALTA;R06A  ANTIHISTAMINICOS;PROTEIN-APOTEX;CETIRIZINA G.I PR;2005-11-01;CETIRIZINA G.I PR TABL 10 MG 10;CETIRIZINA;2018-12-01;2019-04-01;BAJA, por demanda
ALTA;R06A  ANTIHISTAMINICOS;BOEHRINGER ING.CO;FLURINOL;1997-10-01;FLURINOL TABL 20 MG 10;EPINASTINA;2014-08-01;2014-12-01;ALTA, por demanda
BAJA;R06A  ANTIHISTAMINICOS;BOEHRINGER ING.CO;FLURINOL;1997-10-01;FLURINOL TABL 20 MG 10;EPINASTINA;2015-04-01;2015-08-01;lanzamiento
ALTA;R06A  ANTIHISTAMINICOS;BOEHRINGER ING.CO;FLURINOL;1997-10-01;FLURINOL TABL 20 MG 10;EPINASTINA;2015-08-01;2015-12-01;ALTA, por demanda
ALTA;R06A  ANTIHISTAMINICOS;BOEHRINGER ING.CO;FLURINOL;1997-10-01;FLURINOL TABL 20 MG 10;EPINASTINA;2015-12-01;2016-04-01;ALTA, por demanda
BAJA;R06A  ANTIHISTAMINICOS;QUIFA PERRIGO;CLORFENAMIN G.I QY;2002-03-01;CLORFENAMIN G.I QY TABL 10;CLORFENAMINA;2014-12-01;2015-04-01;lanzamiento
BAJA;R06A  ANTIHISTAMINICOS;BRULUART;CLORFENAMINA G.I B;2011-07-01;CLORFENAMINA G.I B JBE 50 MG 100 ML;CLORFENAMINA;2014-08-01;2014-12-01;lanzamiento
ALTA;R06A  ANTIHISTAMINICOS;BRULUART;CLORFENAMINA G.I B;2011-07-01;CLORFENAMINA G.I B JBE 50 MG 100 ML;CLORFENAMINA;2016-04-01;2016-08-01;BAJA, por demanda
ALTA;R06A  ANTIHISTAMINICOS;BRULUART;CLORFENAMINA G.I B;2011-07-01;CLORFENAMINA G.I B JBE 50 MG 100 ML;CLORFENAMINA;2016-12-01;2017-04-01;BAJA, por demanda
BAJA;R06A  ANTIHISTAMINICOS;MAVER;LARITOL;2005-06-01;LARITOL TABL 10 MG 10;LORATADINA;2014-12-01;2015-04-01;lanzamiento
BAJA;R06A  ANTIHISTAMINICOS;MAVER;LARITOL;2005-06-01;LARITOL TABL 10 MG 10;LORATADINA;2016-04-01;2016-08-01;lanzamiento
BAJA;R06A  ANTIHISTAMINICOS;MAVER;LARITOL;2005-06-01;LARITOL TABL 10 MG 10;LORATADINA;2017-12-01;2018-04-01;lanzamiento
BAJA;R06A  ANTIHISTAMINICOS;MAVER;LARITOL;2005-06-01;LARITOL TABL 10 MG 10;LORATADINA;2018-12-01;2019-04-01;lanzamiento
ALTA;R06A  ANTIHISTAMINICOS;SANOFI CORP;ALLEGRA;2006-06-01;ALLEGRA CPR INF 30 MG 10;FEXOFENADINA;2017-12-01;2018-04-01;BAJA, por demanda
BAJA;R06A  ANTIHISTAMINICOS;UCB PHARMA;VIRLIX;1991-09-01;VIRLIX TABL REVEST 10 MG 10;CETIRIZINA;2015-04-01;2015-08-01;lanzamiento
BAJA;R06A  ANTIHISTAMINICOS;UCB PHARMA;VIRLIX;1991-09-01;VIRLIX TABL REVEST 10 MG 10;CETIRIZINA;2016-12-01;2017-04-01;lanzamiento
BAJA;R06A  ANTIHISTAMINICOS;UCB PHARMA;VIRLIX;1991-09-01;VIRLIX TABL REVEST 10 MG 10;CETIRIZINA;2018-04-01;2018-08-01;BAJA, por demanda
BAJA;R06A  ANTIHISTAMINICOS;SBL PHARMACEUTICAL;LORATADINA G.I SBL;2013-12-01;LORATADINA G.I SBL TABL 10 MG 100;LORATADINA;2015-12-01;2016-04-01;lanzamiento
ALTA;R06A  ANTIHISTAMINICOS;MAVER;BENNET;2017-01-01;BENNET SOLN 50 MG /100 120 ML;DESLORATADINA;2017-04-01;2017-08-01;BAJA, por demanda
BAJA;R06A  ANTIHISTAMINICOS;SANFER CORP.;TADINOSE;2010-04-01;TADINOSE TABL 10 MG 10;LORATADINA;2014-12-01;2015-04-01;lanzamiento
BAJA;R06A  ANTIHISTAMINICOS;SANFER CORP.;TADINOSE;2010-04-01;TADINOSE TABL 10 MG 10;LORATADINA;2015-04-01;2015-08-01;lanzamiento
ALTA;R06A  ANTIHISTAMINICOS;SANFER CORP.;TADINOSE;2010-04-01;TADINOSE TABL 10 MG 10;LORATADINA;2016-08-01;2016-12-01;BAJA, por demanda
BAJA;R06A  ANTIHISTAMINICOS;SANFER CORP.;TADINOSE;2010-04-01;TADINOSE TABL 10 MG 10;LORATADINA;2017-12-01;2018-04-01;lanzamiento
BAJA;R06A  ANTIHISTAMINICOS;SANFER CORP.;TADINOSE;2010-04-01;TADINOSE TABL 10 MG 10;LORATADINA;2018-08-01;2018-12-01;lanzamiento
BAJA;R06A  ANTIHISTAMINICOS;BAYER CORP.;CLARITYNE;1988-05-01;CLARITYNE TABL 10 MG 10;LORATADINA;2014-04-01;2014-08-01;lanzamiento
BAJA;R06A  ANTIHISTAMINICOS;BAYER CORP.;CLARITYNE;1988-05-01;CLARITYNE TABL 10 MG 10;LORATADINA;2016-04-01;2016-08-01;lanzamiento
ALTA;R06A  ANTIHISTAMINICOS;BAYER CORP.;CLARITYNE;1988-05-01;CLARITYNE TABL 10 MG 10;LORATADINA;2018-08-01;2018-12-01;ALTA, por demanda
BAJA;R06A  ANTIHISTAMINICOS;ARMSTRONG;ZYRTEC;2002-10-01;ZYRTEC SOLN .10 MG /1ML 100 ML;CETIRIZINA;2017-04-01;2017-08-01;lanzamiento
BAJA;R06A  ANTIHISTAMINICOS;ARMSTRONG;ZYRTEC;2002-10-01;ZYRTEC SOLN .10 MG /1ML 100 ML;CETIRIZINA;2018-04-01;2018-08-01;BAJA, por demanda
BAJA;R06A  ANTIHISTAMINICOS;PISA;URTISIN;2008-09-01;URTISIN JBE C/DOSIF 100 MG 60 ML;LORATADINA;2016-12-01;2017-04-01;lanzamiento
ALTA;R06A  ANTIHISTAMINICOS;BAYER CORP.;LERTAMINE;1994-03-01;LERTAMINE TABL 10 MG 10;LORATADINA;2014-08-01;2014-12-01;ALTA, por demanda
BAJA;R06A  ANTIHISTAMINICOS;BAYER CORP.;LERTAMINE;1994-03-01;LERTAMINE TABL 10 MG 10;LORATADINA;2018-04-01;2018-08-01;BAJA, por demanda
ALTA;R06A  ANTIHISTAMINICOS;DEGORTS;DEGORTRINA;2016-12-01;DEGORTRINA TABL 5 MG 10;DESLORATADINA;2016-12-01;2017-04-01;BAJA, por demanda
BAJA;R06A  ANTIHISTAMINICOS;DEGORTS;DEGORTRINA;2016-12-01;DEGORTRINA TABL 5 MG 10;DESLORATADINA;2017-08-01;2017-12-01;lanzamiento
BAJA;R06A  ANTIHISTAMINICOS;DEGORTS;DEGORTRINA;2016-12-01;DEGORTRINA TABL 5 MG 10;DESLORATADINA;2017-12-01;2018-04-01;lanzamiento
BAJA;R06A  ANTIHISTAMINICOS;BIORESEARCH;DIFENHIDRAM G.I BI;2007-01-01;DIFENHIDRAM G.I BI JBE 120 ML;DIFENHIDRAMINA;2016-12-01;2017-04-01;lanzamiento
BAJA;R06A  ANTIHISTAMINICOS;BIORESEARCH;DIFENHIDRAM G.I BI;2007-01-01;DIFENHIDRAM G.I BI JBE 120 ML;DIFENHIDRAMINA;2018-12-01;2019-04-01;lanzamiento
BAJA;R06A  ANTIHISTAMINICOS;MAVER;LORATADINA G.I MAV;2009-10-01;LORATADINA G.I MAV SOLN 100 MG 60 ML;LORATADINA;2014-04-01;2014-08-01;lanzamiento
BAJA;R06A  ANTIHISTAMINICOS;MAVER;LORATADINA G.I MAV;2009-10-01;LORATADINA G.I MAV SOLN 100 MG 60 ML;LORATADINA;2015-12-01;2016-04-01;lanzamiento
BAJA;R06A  ANTIHISTAMINICOS;QUIFA PERRIGO;LORATADINA G.I QYF;2011-04-01;LORATADINA G.I QYF TABL 10 MG 20;LORATADINA;2017-12-01;2018-04-01;lanzamiento
ALTA;R06A  ANTIHISTAMINICOS;MERCK SHARP DOHME;AVIANT;2001-11-01;AVIANT TABL 5 MG 20;DESLORATADINA;2016-12-01;2017-04-01;BAJA, por demanda
ALTA;R06A  ANTIHISTAMINICOS;ALMIRALL, S.A. DE C.V.;EVASTEL Z;2009-11-01;EVASTEL Z OBLEAS 20 MG 20;EBASTINA;2014-08-01;2014-12-01;ALTA, por demanda
BAJA;R06A  ANTIHISTAMINICOS;ALMIRALL, S.A. DE C.V.;EVASTEL Z;2009-11-01;EVASTEL Z OBLEAS 20 MG 20;EBASTINA;2014-12-01;2015-04-01;lanzamiento
ALTA;R06A  ANTIHISTAMINICOS;ALMIRALL, S.A. DE C.V.;EVASTEL Z;2009-11-01;EVASTEL Z OBLEAS 20 MG 20;EBASTINA;2015-08-01;2015-12-01;ALTA, por demanda
BAJA;R06A  ANTIHISTAMINICOS;ALMIRALL, S.A. DE C.V.;EVASTEL Z;2009-11-01;EVASTEL Z OBLEAS 20 MG 20;EBASTINA;2017-12-01;2018-04-01;lanzamiento
BAJA;R06A  ANTIHISTAMINICOS;GENOMA LAB INT;GELBECK;2008-08-01;GELBECK CAPS 25 MG 10;DIFENHIDRAMINA;2015-12-01;2016-04-01;lanzamiento
BAJA;R06A  ANTIHISTAMINICOS;GENOMA LAB INT;GELBECK;2008-08-01;GELBECK CAPS 25 MG 10;DIFENHIDRAMINA;2018-04-01;2018-08-01;BAJA, por demanda
ALTA;R06A  ANTIHISTAMINICOS;VALDECASAS;DIFENHIDRAMIN GI V;2012-02-01;DIFENHIDRAMIN GI V JBE 250 MG 120 ML;DIFENHIDRAMINA;2016-04-01;2016-08-01;BAJA, por demanda
BAJA;R06A  ANTIHISTAMINICOS;VALDECASAS;DIFENHIDRAMIN GI V;2012-02-01;DIFENHIDRAMIN GI V JBE 250 MG 120 ML;DIFENHIDRAMINA;2017-04-01;2017-08-01;lanzamiento
BAJA;R06A  ANTIHISTAMINICOS;VALDECASAS;DIFENHIDRAMIN GI V;2012-02-01;DIFENHIDRAMIN GI V JBE 250 MG 120 ML;DIFENHIDRAMINA;2017-12-01;2018-04-01;lanzamiento
ALTA;R06A  ANTIHISTAMINICOS;ARMSTRONG;ZYRTEC;2014-03-01;ZYRTEC TABL RECUB 10 MG 7;CETIRIZINA;2014-08-01;2014-12-01;ALTA, por demanda
BAJA;R06A  ANTIHISTAMINICOS;ARMSTRONG;ZYRTEC;2014-03-01;ZYRTEC TABL RECUB 10 MG 7;CETIRIZINA;2014-12-01;2015-04-01;lanzamiento
ALTA;R06A  ANTIHISTAMINICOS;SIEGFRIED-MED;LIBERDUX;2015-04-01;LIBERDUX CPR 5 MG 28;DESLORATADINA;2015-04-01;2015-08-01;BAJA, por demanda
ALTA;R06A  ANTIHISTAMINICOS;SIEGFRIED-MED;LIBERDUX;2015-04-01;LIBERDUX CPR 5 MG 28;DESLORATADINA;2015-12-01;2016-04-01;ALTA, por demanda
ALTA;R06A  ANTIHISTAMINICOS;SIEGFRIED-MED;LIBERDUX;2015-04-01;LIBERDUX CPR 5 MG 28;DESLORATADINA;2018-08-01;2018-12-01;ALTA, por demanda
ALTA;R06A  ANTIHISTAMINICOS;PISA;LORATADINA G.I PIS;2012-09-01;LORATADINA G.I PIS TABL 10 MG 20;LORATADINA;2017-08-01;2017-12-01;ALTA, por demanda
BAJA;R06A  ANTIHISTAMINICOS;VICTORY ENTERPRISE;VICNITE;2006-10-01;VICNITE CAPS 50 MG 20;DIFENHIDRAMINA;2014-04-01;2014-08-01;lanzamiento
BAJA;R06A  ANTIHISTAMINICOS;VICTORY ENTERPRISE;VICNITE;2006-10-01;VICNITE CAPS 50 MG 20;DIFENHIDRAMINA;2015-04-01;2015-08-01;lanzamiento
ALTA;R06A  ANTIHISTAMINICOS;VICTORY ENTERPRISE;VICNITE;2006-10-01;VICNITE CAPS 50 MG 20;DIFENHIDRAMINA;2018-08-01;2018-12-01;ALTA, por demanda
BAJA;R06A  ANTIHISTAMINICOS;BAYER CORP.;CLARITYNE;1995-06-01;CLARITYNE GOTAS PED. 5 MG /5ML 30 ML;LORATADINA;2014-08-01;2014-12-01;lanzamiento
BAJA;R06A  ANTIHISTAMINICOS;LIOMONT, CORPORATION;SENSIBIT;1999-10-01;SENSIBIT GOTAS PED. 5 MG /5ML 30 ML;LORATADINA;2016-04-01;2016-08-01;lanzamiento
BAJA;R06A  ANTIHISTAMINICOS;LIOMONT, CORPORATION;SENSIBIT;1999-10-01;SENSIBIT GOTAS PED. 5 MG /5ML 30 ML;LORATADINA;2017-04-01;2017-08-01;lanzamiento
BAJA;R06A  ANTIHISTAMINICOS;LIOMONT, CORPORATION;SENSIBIT;1999-10-01;SENSIBIT GOTAS PED. 5 MG /5ML 30 ML;LORATADINA;2017-12-01;2018-04-01;lanzamiento
BAJA;R06A  ANTIHISTAMINICOS;LIOMONT, CORPORATION;SENSIBIT;1999-10-01;SENSIBIT GOTAS PED. 5 MG /5ML 30 ML;LORATADINA;2018-04-01;2018-08-01;BAJA, por demanda
BAJA;R06A  ANTIHISTAMINICOS;SANFER CORP.;TADINOSE;2010-04-01;TADINOSE JBE 60 ML;LORATADINA;2014-12-01;2015-04-01;lanzamiento
BAJA;R06A  ANTIHISTAMINICOS;SANFER CORP.;TADINOSE;2010-04-01;TADINOSE JBE 60 ML;LORATADINA;2015-04-01;2015-08-01;lanzamiento
BAJA;R06A  ANTIHISTAMINICOS;LANDSTEINER;LORATADINA G.I LAN;2010-02-01;LORATADINA G.I LAN TABL 10 MG 10;LORATADINA;2015-12-01;2016-04-01;lanzamiento
BAJA;R06A  ANTIHISTAMINICOS;LANDSTEINER;LORATADINA G.I LAN;2010-02-01;LORATADINA G.I LAN TABL 10 MG 10;LORATADINA;2016-04-01;2016-08-01;lanzamiento
BAJA;R06A  ANTIHISTAMINICOS;LANDSTEINER;LORATADINA G.I LAN;2010-02-01;LORATADINA G.I LAN TABL 10 MG 10;LORATADINA;2016-12-01;2017-04-01;lanzamiento
BAJA;R06A  ANTIHISTAMINICOS;LANDSTEINER;LORATADINA G.I LAN;2010-02-01;LORATADINA G.I LAN TABL 10 MG 10;LORATADINA;2017-08-01;2017-12-01;lanzamiento
BAJA;R06A  ANTIHISTAMINICOS;SENOSIAIN;ASTESEN;1988-05-01;ASTESEN TABL 10 MG 10;ASTEMIZOL;2014-04-01;2014-08-01;lanzamiento
BAJA;R06A  ANTIHISTAMINICOS;SENOSIAIN;ASTESEN;1988-05-01;ASTESEN TABL 10 MG 10;ASTEMIZOL;2014-12-01;2015-04-01;lanzamiento
BAJA;R06A  ANTIHISTAMINICOS;SENOSIAIN;ASTESEN;1988-05-01;ASTESEN TABL 10 MG 10;ASTEMIZOL;2016-04-01;2016-08-01;lanzamiento
BAJA;R06A  ANTIHISTAMINICOS;SENOSIAIN;ASTESEN;1988-05-01;ASTESEN TABL 10 MG 10;ASTEMIZOL;2016-08-01;2016-12-01;lanzamiento
BAJA;R06A  ANTIHISTAMINICOS;SENOSIAIN;ASTESEN;1988-05-01;ASTESEN TABL 10 MG 10;ASTEMIZOL;2016-12-01;2017-04-01;lanzamiento
ALTA;R06A  ANTIHISTAMINICOS;UCB PHARMA;XUZAL;2017-05-01;XUZAL SOLN INF 0.5 MG 200 ML;LEVOCETIRIZINA;2017-04-01;2017-08-01;BAJA, por demanda
BAJA;R06A  ANTIHISTAMINICOS;UCB PHARMA;XUZAL;2017-05-01;XUZAL SOLN INF 0.5 MG 200 ML;LEVOCETIRIZINA;2018-04-01;2018-08-01;BAJA, por demanda
ALTA;R06A  ANTIHISTAMINICOS;LAB. RAAM DE SAHUAYO S.A.;CETIRIZINA G.I RAM;2018-10-01;CETIRIZINA G.I RAM TABL 10 MG 20;CETIRIZINA;2018-08-01;2018-12-01;ALTA, por demanda
BAJA;R06A  ANTIHISTAMINICOS;ULTRA LABORATORIOS;EPINASTINA G.I UL;2012-02-01;EPINASTINA G.I UL TABL 20 MG 10;EPINASTINA;2014-08-01;2014-12-01;lanzamiento
BAJA;R06A  ANTIHISTAMINICOS;ULTRA LABORATORIOS;EPINASTINA G.I UL;2012-02-01;EPINASTINA G.I UL TABL 20 MG 10;EPINASTINA;2018-12-01;2019-04-01;lanzamiento
BAJA;R06A  ANTIHISTAMINICOS;BAYER CORP.;CLARITYNE;2013-08-01;CLARITYNE SOL 24HRS 100 MG DZO 30 ML;LORATADINA;2018-04-01;2018-08-01;BAJA, por demanda
BAJA;R06A  ANTIHISTAMINICOS;NOVAG INFANCIA, S.A. DE C.V.;BELAZIX;2017-11-01;BELAZIX TABL 5 MG 20;LEVOCETIRIZINA;2018-04-01;2018-08-01;BAJA, por demanda
ALTA;R06A  ANTIHISTAMINICOS;ALMIRALL, S.A. DE C.V.;EVASTEL 20;2004-01-01;EVASTEL 20 CPR 20 MG 10;EBASTINA;2014-08-01;2014-12-01;ALTA, por demanda
ALTA;R06A  ANTIHISTAMINICOS;ALMIRALL, S.A. DE C.V.;EVASTEL 20;2004-01-01;EVASTEL 20 CPR 20 MG 10;EBASTINA;2015-08-01;2015-12-01;ALTA, por demanda
ALTA;R06A  ANTIHISTAMINICOS;ALMIRALL, S.A. DE C.V.;EVASTEL 20;2004-01-01;EVASTEL 20 CPR 20 MG 10;EBASTINA;2015-12-01;2016-04-01;ALTA, por demanda
BAJA;R06A  ANTIHISTAMINICOS;ALMIRALL, S.A. DE C.V.;EVASTEL 20;2004-01-01;EVASTEL 20 CPR 20 MG 10;EBASTINA;2017-04-01;2017-08-01;lanzamiento
ALTA;R06A  ANTIHISTAMINICOS;ALMIRALL, S.A. DE C.V.;EVASTEL 20;2004-01-01;EVASTEL 20 CPR 20 MG 10;EBASTINA;2018-08-01;2018-12-01;ALTA, por demanda
ALTA;R06A  ANTIHISTAMINICOS;QUIMPHARMA, S.A. DE C.V.;DESLORATADINA GI Q;2018-06-01;DESLORATADINA GI Q SOLN 50 MG /100 120 ML;DESLORATADINA;2018-04-01;2018-08-01;BAJA, por demanda
BAJA;R06A  ANTIHISTAMINICOS;SENOSIAIN;DIMEGAN;2001-07-01;DIMEGAN CAPS 10 MG 20;LORATADINA;2017-12-01;2018-04-01;lanzamiento
BAJA;R06A  ANTIHISTAMINICOS;SENOSIAIN;DIMEGAN;2001-07-01;DIMEGAN CAPS 10 MG 20;LORATADINA;2018-04-01;2018-08-01;BAJA, por demanda
BAJA;R06A  ANTIHISTAMINICOS;SENOSIAIN;DIMEGAN;2001-07-01;DIMEGAN CAPS 10 MG 20;LORATADINA;2018-12-01;2019-04-01;lanzamiento
ALTA;R06A  ANTIHISTAMINICOS;QUIMPHARMA, S.A. DE C.V.;HISTAPHARM;2011-06-01;HISTAPHARM JBE 50 MG 120 ML;DESLORATADINA;2015-12-01;2016-04-01;ALTA, por demanda
BAJA;R06A  ANTIHISTAMINICOS;QUIFA PERRIGO;ALERDIL;2005-06-01;ALERDIL TABL 4 MG 20;CLORFENAMINA;2014-04-01;2014-08-01;lanzamiento
BAJA;R06A  ANTIHISTAMINICOS;QUIFA PERRIGO;ALERDIL;2005-06-01;ALERDIL TABL 4 MG 20;CLORFENAMINA;2015-04-01;2015-08-01;lanzamiento
BAJA;R06A  ANTIHISTAMINICOS;QUIFA PERRIGO;ALERDIL;2005-06-01;ALERDIL TABL 4 MG 20;CLORFENAMINA;2015-12-01;2016-04-01;lanzamiento
BAJA;R06A  ANTIHISTAMINICOS;QUIFA PERRIGO;ALERDIL;2005-06-01;ALERDIL TABL 4 MG 20;CLORFENAMINA;2016-04-01;2016-08-01;lanzamiento
BAJA;R06A  ANTIHISTAMINICOS;QUIFA PERRIGO;ALERDIL;2005-06-01;ALERDIL TABL 4 MG 20;CLORFENAMINA;2016-08-01;2016-12-01;lanzamiento
ALTA;R06A  ANTIHISTAMINICOS;CHINOIN;ZYXEM;2016-11-01;ZYXEM SOLN 0.5 MG 200 ML;LEVOCETIRIZINA;2016-12-01;2017-04-01;BAJA, por demanda
BAJA;R06A  ANTIHISTAMINICOS;CHINOIN;ZYXEM;2016-11-01;ZYXEM SOLN 0.5 MG 200 ML;LEVOCETIRIZINA;2018-04-01;2018-08-01;BAJA, por demanda
ALTA;R06A  ANTIHISTAMINICOS;UCB PHARMA;VIRLIX;2017-05-01;VIRLIX SOLN 1 MG 60 ML;CETIRIZINA;2017-04-01;2017-08-01;BAJA, por demanda
BAJA;R06A  ANTIHISTAMINICOS;UCB PHARMA;VIRLIX;2017-05-01;VIRLIX SOLN 1 MG 60 ML;CETIRIZINA;2018-04-01;2018-08-01;BAJA, por demanda
ALTA;R06A  ANTIHISTAMINICOS;BIOMEP S.A. DE C.V.;GRIMERAL;2009-06-01;GRIMERAL TABL 10 MG 10;LORATADINA;2014-04-01;2014-08-01;BAJA, por demanda
BAJA;R06A  ANTIHISTAMINICOS;VALDECASAS;CLORFENAMINA G.I V;2012-02-01;CLORFENAMINA G.I V JBE 0.5 MG 120 ML;CLORFENAMINA;2014-04-01;2014-08-01;lanzamiento
ALTA;R06A  ANTIHISTAMINICOS;MAVER;LARITOL;2005-11-01;LARITOL GTS PED 100 MG 30 ML;LORATADINA;2015-04-01;2015-08-01;BAJA, por demanda
BAJA;R06A  ANTIHISTAMINICOS;MAVER;LARITOL;2005-11-01;LARITOL GTS PED 100 MG 30 ML;LORATADINA;2016-04-01;2016-08-01;lanzamiento
BAJA;R06A  ANTIHISTAMINICOS;MAVER;LARITOL;2005-11-01;LARITOL GTS PED 100 MG 30 ML;LORATADINA;2016-12-01;2017-04-01;lanzamiento
BAJA;R06A  ANTIHISTAMINICOS;MAVER;LARITOL;2005-11-01;LARITOL GTS PED 100 MG 30 ML;LORATADINA;2018-04-01;2018-08-01;BAJA, por demanda
ALTA;R06A  ANTIHISTAMINICOS;GRUPO FARMACEUTICO SOMAR;LORATADINA G.I SER;2004-05-01;LORATADINA G.I SER JBE 60 ML;LORATADINA;2014-08-01;2014-12-01;ALTA, por demanda
BAJA;R06A  ANTIHISTAMINICOS;GRUPO FARMACEUTICO SOMAR;LORATADINA G.I SER;2004-05-01;LORATADINA G.I SER JBE 60 ML;LORATADINA;2015-12-01;2016-04-01;lanzamiento
ALTA;R06A  ANTIHISTAMINICOS;AVIVIA PHARMA S.A. DE C.V.;LORATADINA G.I AVI;2017-06-01;LORATADINA G.I AVI TABL 10 MG 20;LORATADINA;2017-08-01;2017-12-01;ALTA, por demanda
ALTA;R06A  ANTIHISTAMINICOS;NOVAG INFANCIA, S.A. DE C.V.;BELAZIX;2017-11-01;BELAZIX TABL 5 MG 30;LEVOCETIRIZINA;2017-12-01;2018-04-01;BAJA, por demanda
BAJA;R06A  ANTIHISTAMINICOS;VICTORY ENTERPRISE;DIFENHIDRAM G.I VI;2011-02-01;DIFENHIDRAM G.I VI TABL 50 MG 20;DIFENHIDRAMINA;2014-04-01;2014-08-01;lanzamiento
ALTA;R06A  ANTIHISTAMINICOS;VICTORY ENTERPRISE;DIFENHIDRAM G.I VI;2011-02-01;DIFENHIDRAM G.I VI TABL 50 MG 20;DIFENHIDRAMINA;2016-04-01;2016-08-01;BAJA, por demanda
ALTA;R06A  ANTIHISTAMINICOS;VICTORY ENTERPRISE;DIFENHIDRAM G.I VI;2011-02-01;DIFENHIDRAM G.I VI TABL 50 MG 20;DIFENHIDRAMINA;2017-12-01;2018-04-01;BAJA, por demanda
BAJA;R06A  ANTIHISTAMINICOS;VICTORY ENTERPRISE;DIFENHIDRAM G.I VI;2011-02-01;DIFENHIDRAM G.I VI TABL 50 MG 20;DIFENHIDRAMINA;2018-12-01;2019-04-01;lanzamiento
ALTA;R06A  ANTIHISTAMINICOS;CHINOIN;ZYXEM;2016-11-01;ZYXEM TABL 5 MG 30;LEVOCETIRIZINA;2016-12-01;2017-04-01;BAJA, por demanda
ALTA;R06A  ANTIHISTAMINICOS;SANOFI CORP;ALLEGRA;1998-06-01;ALLEGRA TABL 180 MG 10;FEXOFENADINA;2015-08-01;2015-12-01;ALTA, por demanda
ALTA;R06A  ANTIHISTAMINICOS;SANOFI CORP;ALLEGRA;1998-06-01;ALLEGRA TABL 180 MG 10;FEXOFENADINA;2015-12-01;2016-04-01;ALTA, por demanda
ALTA;R06A  ANTIHISTAMINICOS;QUIFA PERRIGO;DIFENHIDRAMIN GI Q;2019-02-01;DIFENHIDRAMIN GI Q CAPS 25 MG 30;DIFENHIDRAMINA;2018-12-01;2019-04-01;BAJA, por demanda
ALTA;R06A  ANTIHISTAMINICOS;LANDSTEINER;LIRUDINE;2010-01-01;LIRUDINE TABL 5 MG 30;DESLORATADINA;2017-04-01;2017-08-01;BAJA, por demanda
BAJA;R06A  ANTIHISTAMINICOS;GENOMA LAB INT;LORATADINA GI MMN;2009-08-01;LORATADINA GI MMN JBE 100 MG 60  ML;LORATADINA;2014-12-01;2015-04-01;lanzamiento
ALTA;R06A  ANTIHISTAMINICOS;GENOMA LAB INT;LORATADINA GI MMN;2009-08-01;LORATADINA GI MMN JBE 100 MG 60  ML;LORATADINA;2015-08-01;2015-12-01;ALTA, por demanda
ALTA;R06A  ANTIHISTAMINICOS;GRUPO FARMACEUTICO SOMAR;FEXOFENADINA G.I S;2006-10-01;FEXOFENADINA G.I S CPR 120 MG 10;FEXOFENADINA;2014-08-01;2014-12-01;ALTA, por demanda
ALTA;R06A  ANTIHISTAMINICOS;GRUPO FARMACEUTICO SOMAR;FEXOFENADINA G.I S;2006-10-01;FEXOFENADINA G.I S CPR 120 MG 10;FEXOFENADINA;2015-12-01;2016-04-01;ALTA, por demanda
BAJA;R06A  ANTIHISTAMINICOS;GRUPO FARMACEUTICO SOMAR;FEXOFENADINA G.I S;2006-10-01;FEXOFENADINA G.I S CPR 120 MG 10;FEXOFENADINA;2018-12-01;2019-04-01;lanzamiento
BAJA;R06A  ANTIHISTAMINICOS;BOEHRINGER ING.CO;FLURINOL;2000-04-01;FLURINOL JBE 10 MG /5ML 60 ML;EPINASTINA;2014-04-01;2014-08-01;lanzamiento
BAJA;R06A  ANTIHISTAMINICOS;BOEHRINGER ING.CO;FLURINOL;2000-04-01;FLURINOL JBE 10 MG /5ML 60 ML;EPINASTINA;2014-12-01;2015-04-01;lanzamiento
ALTA;R06A  ANTIHISTAMINICOS;BOEHRINGER ING.CO;FLURINOL;2000-04-01;FLURINOL JBE 10 MG /5ML 60 ML;EPINASTINA;2015-12-01;2016-04-01;ALTA, por demanda
BAJA;R06A  ANTIHISTAMINICOS;BOEHRINGER ING.CO;FLURINOL;2000-04-01;FLURINOL JBE 10 MG /5ML 60 ML;EPINASTINA;2016-04-01;2016-08-01;lanzamiento
BAJA;R06A  ANTIHISTAMINICOS;BOEHRINGER ING.CO;FLURINOL;2000-04-01;FLURINOL JBE 10 MG /5ML 60 ML;EPINASTINA;2017-04-01;2017-08-01;lanzamiento
BAJA;R06A  ANTIHISTAMINICOS;BOEHRINGER ING.CO;FLURINOL;2000-04-01;FLURINOL JBE 10 MG /5ML 60 ML;EPINASTINA;2017-12-01;2018-04-01;lanzamiento
BAJA;R06A  ANTIHISTAMINICOS;CARNOT;LERPILEX;2016-08-01;LERPILEX SOL GOTAS 5 MG /ML 20 ML;LEVOCETIRIZINA;2017-04-01;2017-08-01;lanzamiento
BAJA;R06A  ANTIHISTAMINICOS;CARNOT;LERPILEX;2016-08-01;LERPILEX SOL GOTAS 5 MG /ML 20 ML;LEVOCETIRIZINA;2018-04-01;2018-08-01;BAJA, por demanda
ALTA;R06A  ANTIHISTAMINICOS;UCB PHARMA;XUZAL;2004-02-01;XUZAL TABL 5 MG 20;LEVOCETIRIZINA;2015-12-01;2016-04-01;ALTA, por demanda
ALTA;R06A  ANTIHISTAMINICOS;UCB PHARMA;XUZAL;2004-02-01;XUZAL TABL 5 MG 20;LEVOCETIRIZINA;2017-08-01;2017-12-01;ALTA, por demanda
ALTA;R06A  ANTIHISTAMINICOS;BIOMEP S.A. DE C.V.;BIOSTAFEX;2011-10-01;BIOSTAFEX TABL 120 MG 10;FEXOFENADINA;2015-08-01;2015-12-01;ALTA, por demanda
BAJA;R06A  ANTIHISTAMINICOS;BIOMEP S.A. DE C.V.;BIOSTAFEX;2011-10-01;BIOSTAFEX TABL 120 MG 10;FEXOFENADINA;2017-08-01;2017-12-01;lanzamiento
BAJA;R06A  ANTIHISTAMINICOS;CORPORATIVO RAYERE;APERTUM-OX;2012-06-01;APERTUM-OX TABL 180 MG 10;FEXOFENADINA;2015-08-01;2015-12-01;lanzamiento
BAJA;R06A  ANTIHISTAMINICOS;CORPORATIVO RAYERE;APERTUM-OX;2012-06-01;APERTUM-OX TABL 180 MG 10;FEXOFENADINA;2018-12-01;2019-04-01;lanzamiento
BAJA;R06A  ANTIHISTAMINICOS;BIOMEP S.A. DE C.V.;LORATADINA G.I BIO;2008-04-01;LORATADINA G.I BIO TABL 10 MG 10;LORATADINA;2015-08-01;2015-12-01;lanzamiento
ALTA;R06A  ANTIHISTAMINICOS;BIOMEP S.A. DE C.V.;LORATADINA G.I BIO;2008-04-01;LORATADINA G.I BIO TABL 10 MG 10;LORATADINA;2016-08-01;2016-12-01;BAJA, por demanda
ALTA;R06A  ANTIHISTAMINICOS;BIOMEP S.A. DE C.V.;LORATADINA G.I BIO;2008-04-01;LORATADINA G.I BIO TABL 10 MG 10;LORATADINA;2016-12-01;2017-04-01;BAJA, por demanda
ALTA;R06A  ANTIHISTAMINICOS;ULTRA LABORATORIOS;LORATADINA G.I ULT;2007-10-01;LORATADINA G.I ULT TABL 10 MG 10;LORATADINA;2015-12-01;2016-04-01;ALTA, por demanda
ALTA;R06A  ANTIHISTAMINICOS;ULTRA LABORATORIOS;LORATADINA G.I ULT;2007-10-01;LORATADINA G.I ULT TABL 10 MG 10;LORATADINA;2016-04-01;2016-08-01;BAJA, por demanda
ALTA;R06A  ANTIHISTAMINICOS;ARMSTRONG;ZYRTEC;1994-03-01;ZYRTEC SOLN .10 MG /1ML 50 ML;CETIRIZINA;2015-12-01;2016-04-01;ALTA, por demanda
BAJA;R06A  ANTIHISTAMINICOS;ARMSTRONG;ZYRTEC;1994-03-01;ZYRTEC SOLN .10 MG /1ML 50 ML;CETIRIZINA;2016-04-01;2016-08-01;lanzamiento
ALTA;R06A  ANTIHISTAMINICOS;ARMSTRONG;ZYRTEC;1994-03-01;ZYRTEC SOLN .10 MG /1ML 50 ML;CETIRIZINA;2016-12-01;2017-04-01;BAJA, por demanda
BAJA;R06A  ANTIHISTAMINICOS;ARMSTRONG;ZYRTEC;1994-03-01;ZYRTEC SOLN .10 MG /1ML 50 ML;CETIRIZINA;2017-04-01;2017-08-01;lanzamiento
BAJA;R06A  ANTIHISTAMINICOS;ARMSTRONG;ZYRTEC;1994-03-01;ZYRTEC SOLN .10 MG /1ML 50 ML;CETIRIZINA;2018-04-01;2018-08-01;BAJA, por demanda
BAJA;R06A  ANTIHISTAMINICOS;GRUPO FARMACEUTICO SOMAR;VISERTRAL;2005-12-01;VISERTRAL SOLN ORAL 50 ML;CETIRIZINA;2018-04-01;2018-08-01;BAJA, por demanda
BAJA;R06A  ANTIHISTAMINICOS;BAUSCH HEALTH;CETIRIZINA G.I ATL;2010-04-01;CETIRIZINA G.I ATL TABL 10 MG 10;CETIRIZINA;2016-12-01;2017-04-01;lanzamiento
ALTA;R06A  ANTIHISTAMINICOS;BAUSCH HEALTH;CETIRIZINA G.I ATL;2010-04-01;CETIRIZINA G.I ATL TABL 10 MG 10;CETIRIZINA;2017-08-01;2017-12-01;ALTA, por demanda
BAJA;R06A  ANTIHISTAMINICOS;RANBAXY, S.A.;FEXOFENADIN G.I RA;2013-05-01;FEXOFENADIN G.I PR TABL 180 MG 10;FEXOFENADINA;2014-08-01;2014-12-01;lanzamiento
ALTA;R06A  ANTIHISTAMINICOS;SIEGFRIED-MED;LEVIGRIX;2011-03-01;LEVIGRIX TABL 5 MG 10;LEVOCETIRIZINA;2015-08-01;2015-12-01;ALTA, por demanda
ALTA;R06A  ANTIHISTAMINICOS;SIEGFRIED-MED;LEVIGRIX;2011-03-01;LEVIGRIX TABL 5 MG 10;LEVOCETIRIZINA;2015-12-01;2016-04-01;ALTA, por demanda
BAJA;R06A  ANTIHISTAMINICOS;SIEGFRIED-MED;LEVIGRIX;2011-03-01;LEVIGRIX TABL 5 MG 10;LEVOCETIRIZINA;2018-04-01;2018-08-01;BAJA, por demanda
ALTA;R06A  ANTIHISTAMINICOS;SIEGFRIED-MED;LEVIGRIX;2011-03-01;LEVIGRIX TABL 5 MG 10;LEVOCETIRIZINA;2018-08-01;2018-12-01;ALTA, por demanda
BAJA;R06A  ANTIHISTAMINICOS;BAYER CORP.;CLARITYNE;2009-08-01;CLARITYNE TABL 10 MG 30;LORATADINA;2016-04-01;2016-08-01;lanzamiento
BAJA;R06A  ANTIHISTAMINICOS;SBL PHARMACEUTICAL;LICORTIN;2013-09-01;LICORTIN TABL 10 MG 10;LORATADINA;2014-08-01;2014-12-01;lanzamiento
BAJA;R06A  ANTIHISTAMINICOS;RANBAXY, S.A.;RANFAST;2010-02-01;RANFAST TABL 180 MG 10;FEXOFENADINA;2014-12-01;2015-04-01;lanzamiento
ALTA;R06A  ANTIHISTAMINICOS;UCB PHARMA;XUZAL;2004-02-01;XUZAL TABL 5 MG 10;LEVOCETIRIZINA;2015-08-01;2015-12-01;ALTA, por demanda
ALTA;R06A  ANTIHISTAMINICOS;UCB PHARMA;XUZAL;2004-02-01;XUZAL TABL 5 MG 10;LEVOCETIRIZINA;2015-12-01;2016-04-01;ALTA, por demanda
BAJA;R06A  ANTIHISTAMINICOS;TEVA CORPORACION;MODIX;2012-05-01;MODIX TABL 5 MG 30;DESLORATADINA;2015-04-01;2015-08-01;lanzamiento
ALTA;R06A  ANTIHISTAMINICOS;DEGORTS;CLORFENAMIN G.I DE;2012-10-01;CLORFENAMIN G.I DE JBE 2.5 MG 60 ML;CLORFENAMINA;2014-08-01;2014-12-01;ALTA, por demanda
ALTA;R06A  ANTIHISTAMINICOS;DEGORTS;CLORFENAMIN G.I DE;2012-10-01;CLORFENAMIN G.I DE JBE 2.5 MG 60 ML;CLORFENAMINA;2016-08-01;2016-12-01;BAJA, por demanda
ALTA;R06A  ANTIHISTAMINICOS;BIORESEARCH;BIONARYL;2006-05-01;BIONARYL SOLN 120 ML;DIFENHIDRAMINA;2018-04-01;2018-08-01;BAJA, por demanda
BAJA;R06A  ANTIHISTAMINICOS;BRULUAGSA;BRUDIFEN;2007-05-01;BRUDIFEN JBE 120 ML;DIFENHIDRAMINA;2014-12-01;2015-04-01;lanzamiento
BAJA;R06A  ANTIHISTAMINICOS;BRULUAGSA;BRUDIFEN;2007-05-01;BRUDIFEN JBE 120 ML;DIFENHIDRAMINA;2015-12-01;2016-04-01;lanzamiento
BAJA;R06A  ANTIHISTAMINICOS;BRULUAGSA;BRUDIFEN;2007-05-01;BRUDIFEN JBE 120 ML;DIFENHIDRAMINA;2017-12-01;2018-04-01;lanzamiento
BAJA;R06A  ANTIHISTAMINICOS;BRULUAGSA;BRUDIFEN;2007-05-01;BRUDIFEN JBE 120 ML;DIFENHIDRAMINA;2018-12-01;2019-04-01;lanzamiento
BAJA;R06A  ANTIHISTAMINICOS;NAFAR LABORATORIOS SA DE CV;ERGIZAR;2016-08-01;ERGIZAR TABL 5 MG 30;LEVOCETIRIZINA;2017-12-01;2018-04-01;lanzamiento
ALTA;R06A  ANTIHISTAMINICOS;UNIPHARM;LORATADINA G.I UNI;2013-05-01;LORATADINA G.I UNI JBE 5 MG 100 ML;LORATADINA;2015-08-01;2015-12-01;ALTA, por demanda
BAJA;R06A  ANTIHISTAMINICOS;UNIPHARM;LORATADINA G.I UNI;2013-05-01;LORATADINA G.I UNI JBE 5 MG 100 ML;LORATADINA;2016-12-01;2017-04-01;lanzamiento
BAJA;R06A  ANTIHISTAMINICOS;UNIPHARM;LORATADINA G.I UNI;2013-05-01;LORATADINA G.I UNI JBE 5 MG 100 ML;LORATADINA;2017-08-01;2017-12-01;lanzamiento
BAJA;R06A  ANTIHISTAMINICOS;SANOFI CORP;KENICET * T;2004-04-01;KENICET * T TABL 10 MG 10;CETIRIZINA;2014-12-01;2015-04-01;lanzamiento
BAJA;R06A  ANTIHISTAMINICOS;NAFAR LABORATORIOS SA DE CV;ERGIZAR;2016-08-01;ERGIZAR TABL 5 MG 10;LEVOCETIRIZINA;2017-04-01;2017-08-01;lanzamiento
ALTA;R06A  ANTIHISTAMINICOS;DEGORTS;BLENDOX;2005-11-01;BLENDOX TABL 4 MG 20;CLORFENAMINA;2014-08-01;2014-12-01;ALTA, por demanda
ALTA;R06A  ANTIHISTAMINICOS;DEGORTS;BLENDOX;2005-11-01;BLENDOX TABL 4 MG 20;CLORFENAMINA;2015-08-01;2015-12-01;ALTA, por demanda
ALTA;R06A  ANTIHISTAMINICOS;GRUPO FARMACEUTICO SOMAR;CETIRIZINA G.I SER;2005-03-01;CETIRIZINA G.I SER TABL 10 MG 10;CETIRIZINA;2014-12-01;2015-04-01;BAJA, por demanda
BAJA;R06A  ANTIHISTAMINICOS;GRUPO FARMACEUTICO SOMAR;CETIRIZINA G.I SER;2005-03-01;CETIRIZINA G.I SER TABL 10 MG 10;CETIRIZINA;2016-12-01;2017-04-01;lanzamiento
BAJA;R06A  ANTIHISTAMINICOS;GRUPO FARMACEUTICO SOMAR;CETIRIZINA G.I SER;2005-03-01;CETIRIZINA G.I SER TABL 10 MG 10;CETIRIZINA;2017-12-01;2018-04-01;lanzamiento
ALTA;R06A  ANTIHISTAMINICOS;CARNOT;REPAFET;2011-08-01;REPAFET TABL 10 MG 20;RUPATADINA;2015-08-01;2015-12-01;ALTA, por demanda
ALTA;R06A  ANTIHISTAMINICOS;CARNOT;REPAFET;2011-08-01;REPAFET TABL 10 MG 20;RUPATADINA;2015-12-01;2016-04-01;ALTA, por demanda
BAJA;R06A  ANTIHISTAMINICOS;CARNOT;REPAFET;2011-08-01;REPAFET TABL 10 MG 20;RUPATADINA;2016-12-01;2017-04-01;lanzamiento
BAJA;R06A  ANTIHISTAMINICOS;ALMIRALL, S.A. DE C.V.;EVASTEL;1997-10-01;EVASTEL SUSP 1 MG /1ML 60 ML;EBASTINA;2017-04-01;2017-08-01;lanzamiento
BAJA;R06A  ANTIHISTAMINICOS;ALMIRALL, S.A. DE C.V.;EVASTEL;1997-10-01;EVASTEL SUSP 1 MG /1ML 60 ML;EBASTINA;2018-04-01;2018-08-01;BAJA, por demanda
BAJA;R06A  ANTIHISTAMINICOS;DEGORTS;ALBATRINA;2006-10-01;ALBATRINA JBE 60 ML;LORATADINA;2015-04-01;2015-08-01;lanzamiento
BAJA;R06A  ANTIHISTAMINICOS;DEGORTS;ALBATRINA;2006-10-01;ALBATRINA JBE 60 ML;LORATADINA;2016-04-01;2016-08-01;lanzamiento
ALTA;R06A  ANTIHISTAMINICOS;DEGORTS;ALBATRINA;2006-10-01;ALBATRINA JBE 60 ML;LORATADINA;2016-12-01;2017-04-01;BAJA, por demanda
BAJA;R06A  ANTIHISTAMINICOS;DEGORTS;ALBATRINA;2006-10-01;ALBATRINA JBE 60 ML;LORATADINA;2017-04-01;2017-08-01;lanzamiento
BAJA;R06A  ANTIHISTAMINICOS;BIOMEP S.A. DE C.V.;GRIMERAL;2008-05-01;GRIMERAL SOLN 5 MG 60 ML;LORATADINA;2015-08-01;2015-12-01;lanzamiento
ALTA;R06A  ANTIHISTAMINICOS;BRULUART;CLORFENAMINA G.I B;2001-07-01;CLORFENAMINA G.I B JBE 2 MG /5ML 120 ML;CLORFENAMINA;2017-04-01;2017-08-01;BAJA, por demanda
BAJA;R06A  ANTIHISTAMINICOS;DEGORTS;BLENDOX;2005-11-01;BLENDOX JBE 60 ML;CLORFENAMINA;2016-04-01;2016-08-01;lanzamiento
BAJA;R06A  ANTIHISTAMINICOS;DEGORTS;BLENDOX;2005-11-01;BLENDOX JBE 60 ML;CLORFENAMINA;2018-04-01;2018-08-01;BAJA, por demanda
ALTA;R06A  ANTIHISTAMINICOS;GRUPO FARMACEUTICO SOMAR;KOMZIMBA;2016-10-01;KOMZIMBA TABL 5 MG 10;LEVOCETIRIZINA;2016-12-01;2017-04-01;BAJA, por demanda
ALTA;R06A  ANTIHISTAMINICOS;GRUPO FARMACEUTICO SOMAR;KOMZIMBA;2016-10-01;KOMZIMBA TABL 5 MG 10;LEVOCETIRIZINA;2017-12-01;2018-04-01;BAJA, por demanda
ALTA;R06A  ANTIHISTAMINICOS;GRUPO FARMACEUTICO SOMAR;KOMZIMBA;2016-10-01;KOMZIMBA TABL 5 MG 10;LEVOCETIRIZINA;2018-08-01;2018-12-01;ALTA, por demanda
ALTA;R06A  ANTIHISTAMINICOS;UNIPHARM;EFECTINE;2002-04-01;EFECTINE JBE 60 ML;LORATADINA;2016-04-01;2016-08-01;BAJA, por demanda
BAJA;R06A  ANTIHISTAMINICOS;UNIPHARM;EFECTINE;2002-04-01;EFECTINE JBE 60 ML;LORATADINA;2016-08-01;2016-12-01;lanzamiento
ALTA;R06A  ANTIHISTAMINICOS;UNIPHARM;EFECTINE;2002-04-01;EFECTINE JBE 60 ML;LORATADINA;2016-12-01;2017-04-01;BAJA, por demanda
BAJA;R06A  ANTIHISTAMINICOS;UNIPHARM;EFECTINE;2002-04-01;EFECTINE JBE 60 ML;LORATADINA;2017-04-01;2017-08-01;lanzamiento
ALTA;R06A  ANTIHISTAMINICOS;VICTORY ENTERPRISE;DIFENHIDRAM G.I VI;2010-10-01;DIFENHIDRAM G.I VI TABL 25 MG 20;DIFENHIDRAMINA;2014-08-01;2014-12-01;ALTA, por demanda
ALTA;R06A  ANTIHISTAMINICOS;VICTORY ENTERPRISE;DIFENHIDRAM G.I VI;2010-10-01;DIFENHIDRAM G.I VI TABL 25 MG 20;DIFENHIDRAMINA;2015-04-01;2015-08-01;BAJA, por demanda
BAJA;R06A  ANTIHISTAMINICOS;VICTORY ENTERPRISE;DIFENHIDRAM G.I VI;2010-10-01;DIFENHIDRAM G.I VI TABL 25 MG 20;DIFENHIDRAMINA;2015-08-01;2015-12-01;lanzamiento
BAJA;R06A  ANTIHISTAMINICOS;GRUPO FARMACEUTICO SOMAR;FEXOFENADINA G.I S;2012-09-01;FEXOFENADINA G.I S CPR 180 MG 30;FEXOFENADINA;2015-04-01;2015-08-01;lanzamiento
ALTA;R06A  ANTIHISTAMINICOS;MERCK SHARP DOHME;AVIANT;2001-11-01;AVIANT TABL 5 MG 10;DESLORATADINA;2018-08-01;2018-12-01;ALTA, por demanda
ALTA;R06A  ANTIHISTAMINICOS;LANDSTEINER;FEXOFF-R;2009-05-01;FEXOFF-R TABL 180 MG 10;FEXOFENADINA;2017-08-01;2017-12-01;ALTA, por demanda
BAJA;R06A  ANTIHISTAMINICOS;LANDSTEINER;FEXOFF-R;2009-05-01;FEXOFF-R TABL 180 MG 10;FEXOFENADINA;2018-08-01;2018-12-01;lanzamiento
BAJA;R06A  ANTIHISTAMINICOS;CARNOT;LERPILEX;2016-08-01;LERPILEX TABL 5 MG 20;LEVOCETIRIZINA;2018-08-01;2018-12-01;lanzamiento
BAJA;R06A  ANTIHISTAMINICOS;MERCK SHARP DOHME;AVIANT;2008-05-01;AVIANT TABL 5 MG 30;DESLORATADINA;2014-12-01;2015-04-01;lanzamiento
ALTA;R06A  ANTIHISTAMINICOS;MERCK SHARP DOHME;AVIANT;2008-05-01;AVIANT TABL 5 MG 30;DESLORATADINA;2015-08-01;2015-12-01;ALTA, por demanda
ALTA;R06A  ANTIHISTAMINICOS;MERCK SHARP DOHME;AVIANT;2008-05-01;AVIANT TABL 5 MG 30;DESLORATADINA;2017-08-01;2017-12-01;ALTA, por demanda
ALTA;R06A  ANTIHISTAMINICOS;LABS BEST S.A.;SITINIR;2017-10-01;SITINIR JARABE 100 MG 60 ML;LORATADINA;2017-08-01;2017-12-01;ALTA, por demanda
ALTA;R06A  ANTIHISTAMINICOS;PROTEIN-APOTEX;CETIRIZINA G.I PR;2011-06-01;CETIRIZINA G.I PR TABL 10 MG 20;CETIRIZINA;2014-08-01;2014-12-01;ALTA, por demanda
BAJA;R06A  ANTIHISTAMINICOS;PROTEIN-APOTEX;CETIRIZINA G.I PR;2011-06-01;CETIRIZINA G.I PR TABL 10 MG 20;CETIRIZINA;2014-12-01;2015-04-01;lanzamiento
BAJA;R06A  ANTIHISTAMINICOS;PROTEIN-APOTEX;CETIRIZINA G.I PR;2011-06-01;CETIRIZINA G.I PR TABL 10 MG 20;CETIRIZINA;2017-12-01;2018-04-01;lanzamiento
ALTA;R06A  ANTIHISTAMINICOS;JOHNSON+JOHNSON CO;BENADRYL;2008-04-01;BENADRYL TABL 25 MG 24;DIFENHIDRAMINA;2014-12-01;2015-04-01;BAJA, por demanda
ALTA;R06A  ANTIHISTAMINICOS;GELPHARMA S.A.;DIFENHIDRAM G.I GE;2010-10-01;DIFENHIDRAM G.I GE CAPS 25 MG 10;DIFENHIDRAMINA;2015-04-01;2015-08-01;BAJA, por demanda
BAJA;R06A  ANTIHISTAMINICOS;GELPHARMA S.A.;DIFENHIDRAM G.I GE;2010-10-01;DIFENHIDRAM G.I GE CAPS 25 MG 10;DIFENHIDRAMINA;2017-04-01;2017-08-01;lanzamiento
BAJA;R06A  ANTIHISTAMINICOS;SBL PHARMACEUTICAL;LICORTIN;2009-08-01;LICORTIN TABL 10 MG 20;LORATADINA;2016-04-01;2016-08-01;lanzamiento
BAJA;R06A  ANTIHISTAMINICOS;SBL PHARMACEUTICAL;LICORTIN;2009-08-01;LICORTIN TABL 10 MG 20;LORATADINA;2016-08-01;2016-12-01;lanzamiento
ALTA;R06A  ANTIHISTAMINICOS;JOHNSON+JOHNSON CO;BENADRYL;2007-01-01;BENADRYL JBE 120 ML;DIFENHIDRAMINA;2014-08-01;2014-12-01;ALTA, por demanda
ALTA;R06A  ANTIHISTAMINICOS;JOHNSON+JOHNSON CO;BENADRYL;2007-01-01;BENADRYL JBE 120 ML;DIFENHIDRAMINA;2015-08-01;2015-12-01;ALTA, por demanda
BAJA;R06A  ANTIHISTAMINICOS;JOHNSON+JOHNSON CO;BENADRYL;2007-01-01;BENADRYL JBE 120 ML;DIFENHIDRAMINA;2017-12-01;2018-04-01;lanzamiento
BAJA;R06A  ANTIHISTAMINICOS;CARNOT;LERPILEX;2016-08-01;LERPILEX TABL 5 MG 30;LEVOCETIRIZINA;2017-04-01;2017-08-01;lanzamiento
ALTA;R06A  ANTIHISTAMINICOS;ARMSTRONG;ZYRTEC;1998-09-01;ZYRTEC GOTAS ORAL 1 MG /1ML 10 ML;CETIRIZINA;2014-08-01;2014-12-01;ALTA, por demanda
ALTA;R06A  ANTIHISTAMINICOS;ARMSTRONG;ZYRTEC;1998-09-01;ZYRTEC GOTAS ORAL 1 MG /1ML 10 ML;CETIRIZINA;2014-12-01;2015-04-01;BAJA, por demanda
BAJA;R06A  ANTIHISTAMINICOS;ARMSTRONG;ZYRTEC;1998-09-01;ZYRTEC GOTAS ORAL 1 MG /1ML 10 ML;CETIRIZINA;2015-04-01;2015-08-01;lanzamiento
BAJA;R06A  ANTIHISTAMINICOS;ARMSTRONG;ZYRTEC;1998-09-01;ZYRTEC GOTAS ORAL 1 MG /1ML 10 ML;CETIRIZINA;2017-12-01;2018-04-01;lanzamiento
BAJA;R06A  ANTIHISTAMINICOS;ARMSTRONG;ZYRTEC;1998-09-01;ZYRTEC GOTAS ORAL 1 MG /1ML 10 ML;CETIRIZINA;2018-04-01;2018-08-01;BAJA, por demanda
BAJA;R06A  ANTIHISTAMINICOS;ARMSTRONG;ZYRTEC;1998-09-01;ZYRTEC GOTAS ORAL 1 MG /1ML 10 ML;CETIRIZINA;2018-12-01;2019-04-01;lanzamiento
ALTA;R06A  ANTIHISTAMINICOS;MAVER;BENNET;2015-04-01;BENNET SOLN 50 MG /100 60 ML;DESLORATADINA;2015-12-01;2016-04-01;ALTA, por demanda
BAJA;R06A  ANTIHISTAMINICOS;MAVER;BENNET;2015-04-01;BENNET SOLN 50 MG /100 60 ML;DESLORATADINA;2016-04-01;2016-08-01;lanzamiento
BAJA;R06A  ANTIHISTAMINICOS;MAVER;BENNET;2015-04-01;BENNET SOLN 50 MG /100 60 ML;DESLORATADINA;2016-12-01;2017-04-01;lanzamiento
BAJA;R06A  ANTIHISTAMINICOS;GRUPO FARMACEUTICO SOMAR;SELECTACER;2015-12-01;SELECTACER TABL 5 MG 10;DESLORATADINA;2018-12-01;2019-04-01;lanzamiento
ALTA;R06A  ANTIHISTAMINICOS;BAYER CORP.;LERTAMINE;1998-09-01;LERTAMINE GOTAS PED. 5 MG /5ML 30 ML;LORATADINA;2015-04-01;2015-08-01;BAJA, por demanda
BAJA;R06A  ANTIHISTAMINICOS;BAYER CORP.;LERTAMINE;1998-09-01;LERTAMINE GOTAS PED. 5 MG /5ML 30 ML;LORATADINA;2016-12-01;2017-04-01;lanzamiento
ALTA;R06A  ANTIHISTAMINICOS;COLLINS;LOVARIN;2004-03-01;LOVARIN JBE 60 ML;LORATADINA;2015-12-01;2016-04-01;ALTA, por demanda
ALTA;R06A  ANTIHISTAMINICOS;MAVI;HISTOX;2005-10-01;HISTOX TABL 10 MG 10;LORATADINA;2015-08-01;2015-12-01;ALTA, por demanda
BAJA;R06A  ANTIHISTAMINICOS;MAVI;HISTOX;2005-10-01;HISTOX TABL 10 MG 10;LORATADINA;2016-04-01;2016-08-01;lanzamiento
ALTA;R06A  ANTIHISTAMINICOS;BOEHRINGER ING.CO;FLURINOL;1997-10-01;FLURINOL TABL 20 MG 20;EPINASTINA;2014-08-01;2014-12-01;ALTA, por demanda
BAJA;R06A  ANTIHISTAMINICOS;BOEHRINGER ING.CO;FLURINOL;1997-10-01;FLURINOL TABL 20 MG 20;EPINASTINA;2015-04-01;2015-08-01;lanzamiento
ALTA;R06A  ANTIHISTAMINICOS;BOEHRINGER ING.CO;FLURINOL;1997-10-01;FLURINOL TABL 20 MG 20;EPINASTINA;2015-12-01;2016-04-01;ALTA, por demanda
ALTA;R06A  ANTIHISTAMINICOS;BOEHRINGER ING.CO;FLURINOL;1997-10-01;FLURINOL TABL 20 MG 20;EPINASTINA;2017-08-01;2017-12-01;ALTA, por demanda
ALTA;R06A  ANTIHISTAMINICOS;SANFER CORP.;LORATADINA G.I HOR;2010-03-01;LORATADINA G.I HOR JBE 100 MG 60 ML;LORATADINA;2017-04-01;2017-08-01;BAJA, por demanda
BAJA;R06A  ANTIHISTAMINICOS;MERCK SHARP DOHME;AZOMYR;2002-06-01;AZOMYR TABL 5 MG 10;DESLORATADINA;2014-12-01;2015-04-01;lanzamiento
BAJA;R06A  ANTIHISTAMINICOS;MERCK SHARP DOHME;AZOMYR;2002-06-01;AZOMYR TABL 5 MG 10;DESLORATADINA;2018-04-01;2018-08-01;BAJA, por demanda
BAJA;R06A  ANTIHISTAMINICOS;LIOMONT, CORPORATION;SENSIBIT;1999-10-01;SENSIBIT TABL 10 MG 20;LORATADINA;2014-12-01;2015-04-01;lanzamiento
BAJA;R06A  ANTIHISTAMINICOS;LIOMONT, CORPORATION;SENSIBIT;1999-10-01;SENSIBIT TABL 10 MG 20;LORATADINA;2017-04-01;2017-08-01;lanzamiento
BAJA;R06A  ANTIHISTAMINICOS;LIOMONT, CORPORATION;SENSIBIT;1999-10-01;SENSIBIT TABL 10 MG 20;LORATADINA;2017-12-01;2018-04-01;lanzamiento
BAJA;R06A  ANTIHISTAMINICOS;LIOMONT, CORPORATION;SENSIBIT;1999-10-01;SENSIBIT TABL 10 MG 20;LORATADINA;2018-04-01;2018-08-01;BAJA, por demanda
BAJA;R06A  ANTIHISTAMINICOS;LIOMONT, CORPORATION;SENSIBIT;1999-10-01;SENSIBIT TABL 10 MG 20;LORATADINA;2018-12-01;2019-04-01;lanzamiento
ALTA;R06A  ANTIHISTAMINICOS;QUIFA PERRIGO;CLORFENAMINA G.I D;2010-02-01;CLORFENAMINA G.I D TABL 4 MG 20;CLORFENAMINA;2016-12-01;2017-04-01;BAJA, por demanda
BAJA;R06A  ANTIHISTAMINICOS;MERCK SHARP DOHME;AZOMYR;2007-03-01;AZOMYR SOLN 50 MG 60 ML;DESLORATADINA;2016-04-01;2016-08-01;lanzamiento
BAJA;R06A  ANTIHISTAMINICOS;MERCK SHARP DOHME;AZOMYR;2007-03-01;AZOMYR SOLN 50 MG 60 ML;DESLORATADINA;2017-04-01;2017-08-01;lanzamiento
BAJA;R06A  ANTIHISTAMINICOS;MERCK SHARP DOHME;AZOMYR;2007-03-01;AZOMYR SOLN 50 MG 60 ML;DESLORATADINA;2018-04-01;2018-08-01;BAJA, por demanda
ALTA;R06A  ANTIHISTAMINICOS;LANDSTEINER;DESLORATADIN G.I L;2011-06-01;DESLORATADIN G.I L TABL 5 MG 30;DESLORATADINA;2014-08-01;2014-12-01;ALTA, por demanda
BAJA;R06A  ANTIHISTAMINICOS;LANDSTEINER;DESLORATADIN G.I L;2011-06-01;DESLORATADIN G.I L TABL 5 MG 30;DESLORATADINA;2016-12-01;2017-04-01;lanzamiento
BAJA;R06A  ANTIHISTAMINICOS;LANDSTEINER;DESLORATADIN G.I L;2011-06-01;DESLORATADIN G.I L TABL 5 MG 30;DESLORATADINA;2017-12-01;2018-04-01;lanzamiento
BAJA;R06A  ANTIHISTAMINICOS;LANDSTEINER;DESLORATADIN G.I L;2011-06-01;DESLORATADIN G.I L TABL 5 MG 30;DESLORATADINA;2018-12-01;2019-04-01;lanzamiento
ALTA;R06A  ANTIHISTAMINICOS;SANOFI CORP;ALLEGRA;1998-06-01;ALLEGRA TABL 120 MG 10;FEXOFENADINA;2014-12-01;2015-04-01;BAJA, por demanda
ALTA;R06A  ANTIHISTAMINICOS;SANOFI CORP;ALLEGRA;1998-06-01;ALLEGRA TABL 120 MG 10;FEXOFENADINA;2015-08-01;2015-12-01;ALTA, por demanda
ALTA;R06A  ANTIHISTAMINICOS;SANOFI CORP;ALLEGRA;1998-06-01;ALLEGRA TABL 120 MG 10;FEXOFENADINA;2015-12-01;2016-04-01;ALTA, por demanda
BAJA;R06A  ANTIHISTAMINICOS;SANOFI CORP;ALLEGRA;1998-06-01;ALLEGRA TABL 120 MG 10;FEXOFENADINA;2016-12-01;2017-04-01;lanzamiento
ALTA;R06A  ANTIHISTAMINICOS;LIFERPAL;ALERFIN;2007-04-01;ALERFIN GTS 30 ML;LORATADINA;2014-08-01;2014-12-01;ALTA, por demanda
BAJA;R06A  ANTIHISTAMINICOS;LIFERPAL;ALERFIN;2007-04-01;ALERFIN GTS 30 ML;LORATADINA;2015-08-01;2015-12-01;lanzamiento
ALTA;R06A  ANTIHISTAMINICOS;LAB. RAAM DE SAHUAYO S.A.;CETIRIZINA G.I RAM;2012-12-01;CETIRIZINA G.I RAM TABL 10 MG 10;CETIRIZINA;2015-08-01;2015-12-01;ALTA, por demanda
ALTA;R06A  ANTIHISTAMINICOS;LAB. RAAM DE SAHUAYO S.A.;CETIRIZINA G.I RAM;2012-12-01;CETIRIZINA G.I RAM TABL 10 MG 10;CETIRIZINA;2015-12-01;2016-04-01;ALTA, por demanda
BAJA;R06A  ANTIHISTAMINICOS;LAB. RAAM DE SAHUAYO S.A.;CETIRIZINA G.I RAM;2012-12-01;CETIRIZINA G.I RAM TABL 10 MG 10;CETIRIZINA;2016-08-01;2016-12-01;lanzamiento
BAJA;R06A  ANTIHISTAMINICOS;LAB. RAAM DE SAHUAYO S.A.;CETIRIZINA G.I RAM;2012-12-01;CETIRIZINA G.I RAM TABL 10 MG 10;CETIRIZINA;2016-12-01;2017-04-01;lanzamiento
BAJA;R06A  ANTIHISTAMINICOS;LAB. RAAM DE SAHUAYO S.A.;CETIRIZINA G.I RAM;2012-12-01;CETIRIZINA G.I RAM TABL 10 MG 10;CETIRIZINA;2017-12-01;2018-04-01;lanzamiento
BAJA;R06A  ANTIHISTAMINICOS;SANFER CORP.;ANDANTOL;1977-07-01;ANDANTOL JBE 2 MG /5ML 115 ML;ISOTIPENDILO;2016-08-01;2016-12-01;lanzamiento
ALTA;R06A  ANTIHISTAMINICOS;SANFER CORP.;ANDANTOL;1977-07-01;ANDANTOL JBE 2 MG /5ML 115 ML;ISOTIPENDILO;2018-04-01;2018-08-01;BAJA, por demanda
ALTA;R06A  ANTIHISTAMINICOS;UCB PHARMA;VIRLIX;1999-05-01;VIRLIX GOTAS PED. 10 MG /1ML 10 ML;CETIRIZINA;2015-08-01;2015-12-01;ALTA, por demanda
ALTA;R06A  ANTIHISTAMINICOS;UCB PHARMA;VIRLIX;1999-05-01;VIRLIX GOTAS PED. 10 MG /1ML 10 ML;CETIRIZINA;2016-08-01;2016-12-01;BAJA, por demanda
BAJA;R06A  ANTIHISTAMINICOS;UCB PHARMA;VIRLIX;1999-05-01;VIRLIX GOTAS PED. 10 MG /1ML 10 ML;CETIRIZINA;2016-12-01;2017-04-01;lanzamiento
ALTA;R06A  ANTIHISTAMINICOS;UCB PHARMA;VIRLIX;1999-05-01;VIRLIX GOTAS PED. 10 MG /1ML 10 ML;CETIRIZINA;2017-08-01;2017-12-01;ALTA, por demanda
BAJA;R06A  ANTIHISTAMINICOS;GENOMA LAB INT;LORATADINA GI MMN;2009-08-01;LORATADINA GI MMN TABL 10 MG 20;LORATADINA;2015-08-01;2015-12-01;lanzamiento
BAJA;R06A  ANTIHISTAMINICOS;PISA;URTISIN;2010-02-01;URTISIN JBE 100 MG 100 ML;LORATADINA;2015-08-01;2015-12-01;lanzamiento
BAJA;R06A  ANTIHISTAMINICOS;MAVER;LARITOL;2005-06-01;LARITOL SOL JGA DOSI 60 ML;LORATADINA;2014-04-01;2014-08-01;lanzamiento
ALTA;R06A  ANTIHISTAMINICOS;MAVER;LARITOL;2005-06-01;LARITOL SOL JGA DOSI 60 ML;LORATADINA;2015-04-01;2015-08-01;BAJA, por demanda
BAJA;R06A  ANTIHISTAMINICOS;MAVER;LARITOL;2005-06-01;LARITOL SOL JGA DOSI 60 ML;LORATADINA;2016-04-01;2016-08-01;lanzamiento
BAJA;R06A  ANTIHISTAMINICOS;TEVA CORPORACION;DESLORATADIN GI TI;2012-03-01;DESLORATADIN GI TI TABL 5 MG 10;DESLORATADINA;2014-04-01;2014-08-01;lanzamiento
BAJA;R06A  ANTIHISTAMINICOS;TEVA CORPORACION;DESLORATADIN GI TI;2012-03-01;DESLORATADIN GI TI TABL 5 MG 10;DESLORATADINA;2014-08-01;2014-12-01;lanzamiento
BAJA;R06A  ANTIHISTAMINICOS;SANOFI CORP;ALLEGRA;2009-02-01;ALLEGRA SUSP 150 ML;FEXOFENADINA;2016-04-01;2016-08-01;lanzamiento
BAJA;R06A  ANTIHISTAMINICOS;SANOFI CORP;ALLEGRA;2009-02-01;ALLEGRA SUSP 150 ML;FEXOFENADINA;2017-04-01;2017-08-01;lanzamiento
BAJA;R06A  ANTIHISTAMINICOS;SANOFI CORP;ALLEGRA;2009-02-01;ALLEGRA SUSP 150 ML;FEXOFENADINA;2018-04-01;2018-08-01;BAJA, por demanda
BAJA;R06A  ANTIHISTAMINICOS;GRUPO FARMACEUTICO SOMAR;DESLORATADINA GI S;2016-06-01;DESLORATADINA GI S TABL 5.0 MG 10;DESLORATADINA;2017-12-01;2018-04-01;lanzamiento
BAJA;R06A  ANTIHISTAMINICOS;GRUPO FARMACEUTICO SOMAR;DESLORATADINA GI S;2016-06-01;DESLORATADINA GI S TABL 5.0 MG 10;DESLORATADINA;2018-12-01;2019-04-01;lanzamiento
BAJA;R06A  ANTIHISTAMINICOS;LANDSTEINER;FEXOFENADINA G.I L;2010-05-01;FEXOFENADINA G.I L TABL 180 MG 10;FEXOFENADINA;2015-04-01;2015-08-01;lanzamiento
BAJA;R06A  ANTIHISTAMINICOS;LANDSTEINER;FEXOFENADINA G.I L;2010-05-01;FEXOFENADINA G.I L TABL 180 MG 10;FEXOFENADINA;2017-08-01;2017-12-01;lanzamiento
ALTA;R06A  ANTIHISTAMINICOS;LANDSTEINER;FEXOFENADINA G.I L;2010-05-01;FEXOFENADINA G.I L TABL 180 MG 10;FEXOFENADINA;2018-08-01;2018-12-01;ALTA, por demanda
ALTA;R06A  ANTIHISTAMINICOS;LANDSTEINER;FEXOFENADINA G.I L;2010-05-01;FEXOFENADINA G.I L TABL 180 MG 10;FEXOFENADINA;2018-12-01;2019-04-01;BAJA, por demanda
BAJA;R06A  ANTIHISTAMINICOS;GRUPO FARMACEUTICO SOMAR;ALDIFEX;2006-07-01;ALDIFEX CPR RECUB 120 MG 10;FEXOFENADINA;2014-12-01;2015-04-01;lanzamiento
BAJA;R06A  ANTIHISTAMINICOS;GRUPO FARMACEUTICO SOMAR;ALDIFEX;2006-07-01;ALDIFEX CPR RECUB 120 MG 10;FEXOFENADINA;2016-12-01;2017-04-01;lanzamiento
BAJA;R06A  ANTIHISTAMINICOS;GRUPO FARMACEUTICO SOMAR;ALDIFEX;2006-07-01;ALDIFEX CPR RECUB 120 MG 10;FEXOFENADINA;2017-12-01;2018-04-01;lanzamiento
BAJA;R06A  ANTIHISTAMINICOS;BIOMEP S.A. DE C.V.;VALGAB;2016-06-01;VALGAB SOLN 120 ML;DESLORATADINA;2017-12-01;2018-04-01;lanzamiento
BAJA;R06A  ANTIHISTAMINICOS;BIOMEP S.A. DE C.V.;VALGAB;2016-06-01;VALGAB SOLN 120 ML;DESLORATADINA;2018-04-01;2018-08-01;BAJA, por demanda
ALTA;R06A  ANTIHISTAMINICOS;BIOMEP S.A. DE C.V.;VALGAB;2016-06-01;VALGAB SOLN 120 ML;DESLORATADINA;2018-08-01;2018-12-01;ALTA, por demanda
BAJA;R06A  ANTIHISTAMINICOS;DEGORTS;DIFENHIDRAMI G.I D;2009-09-01;DIFENHIDRAMI G.I D JBE 150 ML;DIFENHIDRAMINA;2017-12-01;2018-04-01;lanzamiento
BAJA;R06A  ANTIHISTAMINICOS;DEGORTS;DIFENHIDRAMI G.I D;2009-09-01;DIFENHIDRAMI G.I D JBE 150 ML;DIFENHIDRAMINA;2018-04-01;2018-08-01;BAJA, por demanda
ALTA;R06A  ANTIHISTAMINICOS;SANOFI CORP;CETIRIZINA G.I KEN;2007-02-01;CETIRIZINA G.I KEN TABL 10 MG 10;CETIRIZINA;2014-08-01;2014-12-01;ALTA, por demanda
ALTA;R06A  ANTIHISTAMINICOS;SANOFI CORP;CETIRIZINA G.I KEN;2007-02-01;CETIRIZINA G.I KEN TABL 10 MG 10;CETIRIZINA;2015-08-01;2015-12-01;ALTA, por demanda
ALTA;R06A  ANTIHISTAMINICOS;SANFER CORP.;ANDANTOL;1977-07-01;ANDANTOL GRAG. 4 MG 40;ISOTIPENDILO;2015-04-01;2015-08-01;BAJA, por demanda
BAJA;R06A  ANTIHISTAMINICOS;GRUPO FARMACEUTICO SOMAR;LORATADINA G.I SER;2006-07-01;LORATADINA G.I SER TABL 10 MG 20;LORATADINA;2016-12-01;2017-04-01;lanzamiento
BAJA;R06A  ANTIHISTAMINICOS;GRUPO FARMACEUTICO SOMAR;LORATADINA G.I SER;2006-07-01;LORATADINA G.I SER TABL 10 MG 20;LORATADINA;2017-12-01;2018-04-01;lanzamiento
ALTA;R06A  ANTIHISTAMINICOS;MENARINI PHARMA;LABIXTEN;2015-11-01;LABIXTEN TABL 20 MG 10;BILASTINA;2016-08-01;2016-12-01;BAJA, por demanda
ALTA;R06A  ANTIHISTAMINICOS;MENARINI PHARMA;LABIXTEN;2015-11-01;LABIXTEN TABL 20 MG 10;BILASTINA;2018-04-01;2018-08-01;BAJA, por demanda
BAJA;R06A  ANTIHISTAMINICOS;MERCK SHARP DOHME;AVIANT;2002-07-01;AVIANT JBE 50 MG 120 ML;DESLORATADINA;2017-04-01;2017-08-01;lanzamiento
BAJA;R06A  ANTIHISTAMINICOS;MERCK SHARP DOHME;AVIANT;2002-07-01;AVIANT JBE 50 MG 120 ML;DESLORATADINA;2018-04-01;2018-08-01;BAJA, por demanda
ALTA;R06A  ANTIHISTAMINICOS;UNIPHARM;EFECTINE;2005-10-01;EFECTINE JBE 100 ML;LORATADINA;2015-08-01;2015-12-01;ALTA, por demanda
ALTA;R06A  ANTIHISTAMINICOS;ANTIBIOTICOS DE MEXICO SA CV;LORATADINA G.I ANT;2011-08-01;LORATADINA G.I ANT TABL 10 MG 20;LORATADINA;2017-08-01;2017-12-01;ALTA, por demanda
BAJA;R06A  ANTIHISTAMINICOS;ANTIBIOTICOS DE MEXICO SA CV;LORATADINA G.I ANT;2011-08-01;LORATADINA G.I ANT TABL 10 MG 20;LORATADINA;2017-12-01;2018-04-01;lanzamiento
BAJA;R06A  ANTIHISTAMINICOS;DEGORTS;DESLORATADINA GI D;2017-05-01;DESLORATADINA GI D TABL 5 MG 30;DESLORATADINA;2018-04-01;2018-08-01;BAJA, por demanda
BAJA;R06A  ANTIHISTAMINICOS;QUIMPHARMA, S.A. DE C.V.;HISTAPHARM;2016-02-01;HISTAPHARM TABL 5 MG 30;DESLORATADINA;2016-04-01;2016-08-01;lanzamiento
BAJA;R06A  ANTIHISTAMINICOS;CARNOT;REPAFET;2011-08-01;REPAFET TABL 10 MG 10;RUPATADINA;2014-12-01;2015-04-01;lanzamiento
ALTA;R06A  ANTIHISTAMINICOS;CARNOT;REPAFET;2011-08-01;REPAFET TABL 10 MG 10;RUPATADINA;2015-08-01;2015-12-01;ALTA, por demanda
ALTA;R06A  ANTIHISTAMINICOS;CARNOT;REPAFET;2011-08-01;REPAFET TABL 10 MG 10;RUPATADINA;2015-12-01;2016-04-01;ALTA, por demanda
BAJA;R06A  ANTIHISTAMINICOS;CARNOT;REPAFET;2011-08-01;REPAFET TABL 10 MG 10;RUPATADINA;2018-04-01;2018-08-01;BAJA, por demanda
ALTA;R06A  ANTIHISTAMINICOS;MERCK SHARP DOHME;AVIANT;2002-07-01;AVIANT JBE 50 MG 60 ML;DESLORATADINA;2015-04-01;2015-08-01;BAJA, por demanda
ALTA;R06A  ANTIHISTAMINICOS;MERCK SHARP DOHME;AVIANT;2002-07-01;AVIANT JBE 50 MG 60 ML;DESLORATADINA;2015-12-01;2016-04-01;ALTA, por demanda
ALTA;R06A  ANTIHISTAMINICOS;PIERRE FABRE;PRIMALAN;2004-03-01;PRIMALAN TABL 14;MEQUITAZINA;2014-08-01;2014-12-01;ALTA, por demanda
BAJA;R06A  ANTIHISTAMINICOS;VICTORY ENTERPRISE;CILORA;2014-04-01;CILORA TABL 10 MG 30;LORATADINA;2016-08-01;2016-12-01;lanzamiento
BAJA;R06A  ANTIHISTAMINICOS;VICTORY ENTERPRISE;CILORA;2014-04-01;CILORA TABL 10 MG 30;LORATADINA;2018-04-01;2018-08-01;BAJA, por demanda
BAJA;R06A  ANTIHISTAMINICOS;SANOFI CORP;CURYKEN;2005-05-01;CURYKEN TABL 10 MG 10;LORATADINA;2014-08-01;2014-12-01;lanzamiento
BAJA;R06A  ANTIHISTAMINICOS;TAKEDA;PINAVALT;2008-12-01;PINAVALT TABL 10 MG 10;EBASTINA;2014-12-01;2015-04-01;lanzamiento
BAJA;R06A  ANTIHISTAMINICOS;TAKEDA;PINAVALT;2008-12-01;PINAVALT TABL 10 MG 10;EBASTINA;2015-12-01;2016-04-01;lanzamiento
BAJA;R06A  ANTIHISTAMINICOS;MAVER;LARITOL;2010-10-01;LARITOL TABL 10 MG 20;LORATADINA;2014-08-01;2014-12-01;lanzamiento
ALTA;R06A  ANTIHISTAMINICOS;MAVER;LARITOL;2010-10-01;LARITOL TABL 10 MG 20;LORATADINA;2017-04-01;2017-08-01;BAJA, por demanda
BAJA;R06A  ANTIHISTAMINICOS;MAVER;LARITOL;2010-10-01;LARITOL TABL 10 MG 20;LORATADINA;2018-04-01;2018-08-01;BAJA, por demanda
ALTA;R06A  ANTIHISTAMINICOS;NOVAG INFANCIA, S.A. DE C.V.;BELAZIX;2017-11-01;BELAZIX TABL 5 MG 10;LEVOCETIRIZINA;2017-12-01;2018-04-01;BAJA, por demanda
ALTA;R06A  ANTIHISTAMINICOS;NOVAG INFANCIA, S.A. DE C.V.;BELAZIX;2017-11-01;BELAZIX TABL 5 MG 10;LEVOCETIRIZINA;2018-08-01;2018-12-01;ALTA, por demanda
BAJA;R06A  ANTIHISTAMINICOS;NOVAG INFANCIA, S.A. DE C.V.;BELAZIX;2017-11-01;BELAZIX TABL 5 MG 10;LEVOCETIRIZINA;2018-12-01;2019-04-01;lanzamiento
ALTA;R06A  ANTIHISTAMINICOS;BAYER CORP.;CLORO TRIMETON;1900-12-01;CLORO TRIMETON AMP. 10 MG 1 ML;CLORFENAMINA;2015-08-01;2015-12-01;ALTA, por demanda
BAJA;R06A  ANTIHISTAMINICOS;UNIPHARM;LORATADINA G.I UNI;2012-11-01;LORATADINA G.I UNI TABL 10 MG 10;LORATADINA;2015-12-01;2016-04-01;lanzamiento
BAJA;R06A  ANTIHISTAMINICOS;UNIPHARM;LORATADINA G.I UNI;2012-11-01;LORATADINA G.I UNI TABL 10 MG 10;LORATADINA;2016-04-01;2016-08-01;lanzamiento
BAJA;R06A  ANTIHISTAMINICOS;UNIPHARM;LORATADINA G.I UNI;2012-11-01;LORATADINA G.I UNI TABL 10 MG 10;LORATADINA;2016-08-01;2016-12-01;lanzamiento
ALTA;R06A  ANTIHISTAMINICOS;BAYER CORP.;CLORO TRIMETON;1990-08-01;CLORO TRIMETON AMP. 10 MG 5 1 ML;CLORFENAMINA;2015-04-01;2015-08-01;BAJA, por demanda
BAJA;R06A  ANTIHISTAMINICOS;BAYER CORP.;CLORO TRIMETON;1990-08-01;CLORO TRIMETON AMP. 10 MG 5 1 ML;CLORFENAMINA;2015-08-01;2015-12-01;lanzamiento
BAJA;R06A  ANTIHISTAMINICOS;BAYER CORP.;CLORO TRIMETON;1990-08-01;CLORO TRIMETON AMP. 10 MG 5 1 ML;CLORFENAMINA;2016-04-01;2016-08-01;lanzamiento
ALTA;R06A  ANTIHISTAMINICOS;BAYER CORP.;CLORO TRIMETON;1990-08-01;CLORO TRIMETON AMP. 10 MG 5 1 ML;CLORFENAMINA;2016-12-01;2017-04-01;BAJA, por demanda
ALTA;R06A  ANTIHISTAMINICOS;BAYER CORP.;CLORO TRIMETON;1990-08-01;CLORO TRIMETON AMP. 10 MG 5 1 ML;CLORFENAMINA;2017-08-01;2017-12-01;ALTA, por demanda
ALTA;R06A  ANTIHISTAMINICOS;KENER CORP.;DIFENHISTAT;2011-08-01;DIFENHISTAT AMP 10 MG /1ML 10 ML;DIFENHIDRAMINA;2014-08-01;2014-12-01;ALTA, por demanda
ALTA;R06A  ANTIHISTAMINICOS;KENER CORP.;DIFENHISTAT;2011-08-01;DIFENHISTAT AMP 10 MG /1ML 10 ML;DIFENHIDRAMINA;2018-08-01;2018-12-01;ALTA, por demanda
ALTA;R06A  ANTIHISTAMINICOS;PISA;URTISIN;2008-05-01;URTISIN TABL 10 MG 20;LORATADINA;2016-12-01;2017-04-01;BAJA, por demanda
ALTA;R06A  ANTIHISTAMINICOS;ANTIBIOTICOS DE MEXICO SA CV;LEVOCETIRIZIN GI A;2014-02-01;LEVOCETIRIZIN GI A TABL 5 MG 10;LEVOCETIRIZINA;2018-12-01;2019-04-01;BAJA, por demanda
ALTA;R06A  ANTIHISTAMINICOS;SIEGFRIED-MED;LIBERDUX;2015-04-01;LIBERDUX JBE 60 ML;DESLORATADINA;2015-12-01;2016-04-01;ALTA, por demanda
BAJA;R06A  ANTIHISTAMINICOS;SIEGFRIED-MED;LIBERDUX;2015-04-01;LIBERDUX JBE 60 ML;DESLORATADINA;2016-04-01;2016-08-01;lanzamiento
BAJA;R06A  ANTIHISTAMINICOS;SIEGFRIED-MED;LIBERDUX;2015-04-01;LIBERDUX JBE 60 ML;DESLORATADINA;2017-04-01;2017-08-01;lanzamiento
ALTA;R06A  ANTIHISTAMINICOS;SIEGFRIED-MED;LIBERDUX;2015-04-01;LIBERDUX JBE 60 ML;DESLORATADINA;2018-08-01;2018-12-01;ALTA, por demanda
BAJA;R06A  ANTIHISTAMINICOS;SIEGFRIED-MED;LIBERDUX;2015-04-01;LIBERDUX JBE 60 ML;DESLORATADINA;2018-12-01;2019-04-01;lanzamiento
ALTA;R06A  ANTIHISTAMINICOS;UCB PHARMA;XUZAL;2017-05-01;XUZAL GOTAS 5 MG /ML 20 ML;LEVOCETIRIZINA;2017-04-01;2017-08-01;BAJA, por demanda
BAJA;R06A  ANTIHISTAMINICOS;UCB PHARMA;XUZAL;2017-05-01;XUZAL GOTAS 5 MG /ML 20 ML;LEVOCETIRIZINA;2018-04-01;2018-08-01;BAJA, por demanda
BAJA;R06A  ANTIHISTAMINICOS;UCB PHARMA;XUZAL;2017-05-01;XUZAL GOTAS 5 MG /ML 20 ML;LEVOCETIRIZINA;2018-12-01;2019-04-01;lanzamiento
BAJA;R06A  ANTIHISTAMINICOS;CARNOT;REPAFET;2013-08-01;REPAFET TABL 10 MG 20+10;RUPATADINA;2017-12-01;2018-04-01;lanzamiento
ALTA;R06A  ANTIHISTAMINICOS;PISA;LORATADINA G.I PIS;2009-08-01;LORATADINA G.I PIS TABL 10 MG 10;LORATADINA;2015-08-01;2015-12-01;ALTA, por demanda
ALTA;R06A  ANTIHISTAMINICOS;COLLINS;LOVARIN;2004-10-01;LOVARIN TABL 10 MG 10;LORATADINA;2015-12-01;2016-04-01;ALTA, por demanda
BAJA;R06A  ANTIHISTAMINICOS;COLLINS;LOVARIN;2004-10-01;LOVARIN TABL 10 MG 10;LORATADINA;2017-04-01;2017-08-01;lanzamiento
BAJA;R06A  ANTIHISTAMINICOS;DEGORTS;CLORFENAMIN G.I DE;2009-03-01;CLORFENAMIN G.I DE TABL 4 MG 20;CLORFENAMINA;2015-04-01;2015-08-01;lanzamiento
ALTA;R06A  ANTIHISTAMINICOS;DEGORTS;CLORFENAMIN G.I DE;2009-03-01;CLORFENAMIN G.I DE TABL 4 MG 20;CLORFENAMINA;2016-04-01;2016-08-01;BAJA, por demanda
BAJA;R06A  ANTIHISTAMINICOS;DEGORTS;CLORFENAMIN G.I DE;2009-03-01;CLORFENAMIN G.I DE TABL 4 MG 20;CLORFENAMINA;2016-12-01;2017-04-01;lanzamiento
ALTA;R06A  ANTIHISTAMINICOS;QUIMPHARMA, S.A. DE C.V.;HISTAPHARM;2016-04-01;HISTAPHARM TABL 5 MG 10;DESLORATADINA;2016-08-01;2016-12-01;BAJA, por demanda
BAJA;R06A  ANTIHISTAMINICOS;QUIMPHARMA, S.A. DE C.V.;HISTAPHARM;2016-04-01;HISTAPHARM TABL 5 MG 10;DESLORATADINA;2016-12-01;2017-04-01;lanzamiento
BAJA;R06A  ANTIHISTAMINICOS;BIOMEP S.A. DE C.V.;FEXOFENADIN GI BIO;2014-02-01;FEXOFENADIN GI BIO TABL 120 MG 10;FEXOFENADINA;2014-08-01;2014-12-01;lanzamiento
ALTA;R06A  ANTIHISTAMINICOS;BIOMEP S.A. DE C.V.;FEXOFENADIN GI BIO;2014-02-01;FEXOFENADIN GI BIO TABL 120 MG 10;FEXOFENADINA;2015-08-01;2015-12-01;ALTA, por demanda
BAJA;R06A  ANTIHISTAMINICOS;QUIFA PERRIGO;LORATADINA G.I DIB;2004-09-01;LORATADINA G.I DIB TABL 10 MG 10;LORATADINA;2015-08-01;2015-12-01;lanzamiento
ALTA;R06A  ANTIHISTAMINICOS;UCB PHARMA;XUZAL;2010-01-01;XUZAL TABL 5 MG 30;LEVOCETIRIZINA;2016-08-01;2016-12-01;BAJA, por demanda
ALTA;R06A  ANTIHISTAMINICOS;UCB PHARMA;XUZAL;2010-01-01;XUZAL TABL 5 MG 30;LEVOCETIRIZINA;2017-08-01;2017-12-01;ALTA, por demanda
ALTA;R06A  ANTIHISTAMINICOS;UCB PHARMA;XUZAL;2010-01-01;XUZAL TABL 5 MG 30;LEVOCETIRIZINA;2018-08-01;2018-12-01;ALTA, por demanda
BAJA;R06A  ANTIHISTAMINICOS;UCB PHARMA;XUZAL;2010-01-01;XUZAL TABL 5 MG 30;LEVOCETIRIZINA;2018-12-01;2019-04-01;lanzamiento
BAJA;R06A  ANTIHISTAMINICOS;GRUPO FARMACEUTICO SOMAR;CETIRIZINA G.I SER;2005-03-01;CETIRIZINA G.I SER SOL 50 ML;CETIRIZINA;2018-04-01;2018-08-01;BAJA, por demanda
ALTA;R06A  ANTIHISTAMINICOS;SIEGFRIED-MED;LEVIGRIX;2014-06-01;LEVIGRIX JARABE 2.5 MG /5ML 120 ML;LEVOCETIRIZINA;2014-08-01;2014-12-01;ALTA, por demanda
BAJA;R06A  ANTIHISTAMINICOS;SIEGFRIED-MED;LEVIGRIX;2014-06-01;LEVIGRIX JARABE 2.5 MG /5ML 120 ML;LEVOCETIRIZINA;2015-04-01;2015-08-01;lanzamiento
BAJA;R06A  ANTIHISTAMINICOS;SIEGFRIED-MED;LEVIGRIX;2014-06-01;LEVIGRIX JARABE 2.5 MG /5ML 120 ML;LEVOCETIRIZINA;2018-04-01;2018-08-01;BAJA, por demanda
BAJA;R06A  ANTIHISTAMINICOS;GLAXO SMITHKLINE CORP.;CETIRIZINA G.I GLA;2012-02-01;CETIRIZINA G.I GLA SOLN 10 MG 10 ML;CETIRIZINA;2015-04-01;2015-08-01;lanzamiento
BAJA;R06A  ANTIHISTAMINICOS;VICTORY ENTERPRISE;VICNITE;2005-10-01;VICNITE CAPS 25 MG 20;DIFENHIDRAMINA;2016-12-01;2017-04-01;lanzamiento
BAJA;R06A  ANTIHISTAMINICOS;VICTORY ENTERPRISE;VICNITE;2005-10-01;VICNITE CAPS 25 MG 20;DIFENHIDRAMINA;2018-08-01;2018-12-01;lanzamiento
ALTA;R06A  ANTIHISTAMINICOS;SIEGFRIED-MED;LEVIGRIX;2018-10-01;LEVIGRIX SOLN 200 ML;LEVOCETIRIZINA;2018-08-01;2018-12-01;ALTA, por demanda
ALTA;R06A  ANTIHISTAMINICOS;NOVAG INFANCIA, S.A. DE C.V.;LEVOCETIRIZIN GI N;2017-04-01;LEVOCETIRIZIN GI N TABL 5 MG 20;LEVOCETIRIZINA;2018-08-01;2018-12-01;ALTA, por demanda
ALTA;R06A  ANTIHISTAMINICOS;QUIMPHARMA, S.A. DE C.V.;QUIMTADINE;2010-04-01;QUIMTADINE GTS 1 MG /ML 30 ML;LORATADINA;2015-04-01;2015-08-01;BAJA, por demanda
BAJA;R06A  ANTIHISTAMINICOS;QUIMPHARMA, S.A. DE C.V.;QUIMTADINE;2010-04-01;QUIMTADINE GTS 1 MG /ML 30 ML;LORATADINA;2015-08-01;2015-12-01;lanzamiento
ALTA;R06A  ANTIHISTAMINICOS;QUIMPHARMA, S.A. DE C.V.;QUIMTADINE;2010-04-01;QUIMTADINE GTS 1 MG /ML 30 ML;LORATADINA;2016-04-01;2016-08-01;BAJA, por demanda
BAJA;R06A  ANTIHISTAMINICOS;BAYER CORP.;CLORO TRIMETON PLO;1990-09-01;CLORO TRIMETON PLO JBE 2.50 MG /5ML 150 ML;CLORFENAMINA;2014-04-01;2014-08-01;lanzamiento
BAJA;R06A  ANTIHISTAMINICOS;BAYER CORP.;CLORO TRIMETON PLO;1990-09-01;CLORO TRIMETON PLO JBE 2.50 MG /5ML 150 ML;CLORFENAMINA;2017-04-01;2017-08-01;lanzamiento
ALTA;R06A  ANTIHISTAMINICOS;BAYER CORP.;CLORO TRIMETON PLO;1990-09-01;CLORO TRIMETON PLO JBE 2.50 MG /5ML 150 ML;CLORFENAMINA;2018-12-01;2019-04-01;BAJA, por demanda
BAJA;R06A  ANTIHISTAMINICOS;BAYER CORP.;CLARITYNE;1989-03-01;CLARITYNE JBE 5 MG /5ML 60 ML;LORATADINA;2014-08-01;2014-12-01;lanzamiento
